:job_id:02000000
Unable to import `torchao` Tensor objects. This may affect loading checkpoints serialized with `torchao`
/usr/local/lib/python3.12/dist-packages/modelopt/torch/__init__.py:51: UserWarning: transformers 5.12.1 is not tested with current version of modelopt and may cause issues. Please install recommended version with `pip install -U nvidia-modelopt[hf]` if working with HF models.
  _warnings.warn(
:actor_name:MegatronTrainRayActor
[2026-08-15 05:21:10] reloadable_process_group.py:150 - Applying monkey patch to torch.distributed
[2026-08-15 05:21:11] train_actor.py:86 - Set NUMA affinity for GPU 1
[2026-08-15 05:21:11] reloadable_process_group.py:53 - Registered default WORLD process group for reload: backend=nccl, rank=1, world_size=4
[2026-08-15 05:21:20] utils.py:972 - make_tp_sharded_tensor_for_checkpoint received extra kwargs: ['allow_shape_mismatch']
/root/Megatron-LM/megatron/core/dist_checkpointing/strategies/torch.py:801: FutureWarning: `load_state_dict` is deprecated and will be removed in future versions. Please use `load` instead.
  checkpoint.load_state_dict(
/usr/local/lib/python3.12/dist-packages/torch/distributed/checkpoint/planner_helpers.py:489: FutureWarning: Please use DTensor instead and we are deprecating ShardedTensor.
  device = getattr(value, "device", None)
/usr/local/lib/python3.12/dist-packages/torch/distributed/checkpoint/default_planner.py:483: FutureWarning: Please use DTensor instead and we are deprecating ShardedTensor.
  and md.size != obj.size()
[2026-08-15 05:27:08] memory_utils.py:47 - [Rank 1] Memory-Usage before offload model: {'gpu': '1', 'total_GB': 94.97, 'free_GB': 76.38, 'used_GB': 18.59, 'allocated_GB': 14.43, 'reserved_GB': 14.44, 'host_total_GB': 1133.56, 'host_available_GB': 794.05, 'host_used_GB': 339.51, 'host_free_GB': 26.2}
[2026-08-15 05:27:09] reloadable_process_group.py:100 - Destroyed default nccl WORLD process group and initialized a temporary Gloo WORLD (generation 1)
[2026-08-15 05:27:20] memory_utils.py:47 - [Rank 1] Memory-Usage after offload model: {'gpu': '1', 'total_GB': 94.97, 'free_GB': 91.03, 'used_GB': 3.94, 'allocated_GB': 14.43, 'reserved_GB': 14.44, 'host_total_GB': 1133.56, 'host_available_GB': 767.34, 'host_used_GB': 366.22, 'host_free_GB': 23.86}
[2026-08-15 05:27:22] reloadable_process_group.py:121 - Reloaded default WORLD process group with backend nccl (generation 2)
[2026-08-15 05:27:22] reloadable_process_group.py:331 - Reloading 53 process groups in pid 31657: {'nccl': 50, 'gloo': 3}
[2026-08-15 05:27:22] memory_utils.py:47 - [Rank 1] Memory-Usage before update_weights: {'gpu': '1', 'total_GB': 94.97, 'free_GB': 87.75, 'used_GB': 7.22, 'allocated_GB': 14.43, 'reserved_GB': 14.44, 'host_total_GB': 1133.56, 'host_available_GB': 769.03, 'host_used_GB': 364.53, 'host_free_GB': 32.81}
[2026-08-15 05:27:22] memory_utils.py:47 - [Rank 1] Memory-Usage after update_weights: {'gpu': '1', 'total_GB': 94.97, 'free_GB': 87.77, 'used_GB': 7.2, 'allocated_GB': 14.43, 'reserved_GB': 14.44, 'host_total_GB': 1133.56, 'host_available_GB': 772.57, 'host_used_GB': 360.99, 'host_free_GB': 35.16}
[2026-08-15 05:27:23] reloadable_process_group.py:100 - Destroyed default nccl WORLD process group and initialized a temporary Gloo WORLD (generation 3)
[2026-08-15 05:28:48] memory_utils.py:47 - [Rank 1] Memory-Usage before wake_up model: {'gpu': '1', 'total_GB': 94.97, 'free_GB': 91.03, 'used_GB': 3.94, 'allocated_GB': 14.43, 'reserved_GB': 14.44, 'host_total_GB': 1133.56, 'host_available_GB': 769.52, 'host_used_GB': 364.04, 'host_free_GB': 32.35}
[2026-08-15 05:28:51] reloadable_process_group.py:121 - Reloaded default WORLD process group with backend nccl (generation 4)
[2026-08-15 05:28:51] reloadable_process_group.py:331 - Reloading 57 process groups in pid 31657: {'nccl': 50, 'gloo': 7}
[2026-08-15 05:28:51] memory_utils.py:47 - [Rank 1] Memory-Usage after wake_up model: {'gpu': '1', 'total_GB': 94.97, 'free_GB': 76.6, 'used_GB': 18.37, 'allocated_GB': 14.43, 'reserved_GB': 14.44, 'host_total_GB': 1133.56, 'host_available_GB': 791.1, 'host_used_GB': 342.46, 'host_free_GB': 53.93}
/root/Megatron-LM/megatron/core/pipeline_parallel/schedules.py:190: UserWarning: The AccumulateGrad node's stream does not match the stream of the node that produced the incoming gradient. This may incur unnecessary synchronization and break CUDA graph capture if the AccumulateGrad node's stream is the default stream. This mismatch is caused by an AccumulateGrad node created prior to the current iteration being kept alive. This can happen if the autograd graph is still being kept alive by tensors such as the loss, or if you are using DDP, which will stash a reference to the node. To resolve the mismatch, delete all references to the autograd graph or ensure that DDP initialization is performed under the same stream as subsequent forwards. If the mismatch is intentional, you can use torch.autograd.graph.set_warn_on_accumulate_grad_stream_mismatch(False) to suppress this warning. (Triggered internally at /pytorch/torch/csrc/autograd/input_buffer.cpp:240.)
  Variable._execution_engine.run_backward(
[2026-08-15 05:30:03] memory_utils.py:47 - [Rank 1] Memory-Usage before offload model: {'gpu': '1', 'total_GB': 94.97, 'free_GB': 71.99, 'used_GB': 22.98, 'allocated_GB': 15.96, 'reserved_GB': 18.15, 'host_total_GB': 1133.56, 'host_available_GB': 782.75, 'host_used_GB': 350.81, 'host_free_GB': 42.31}
[2026-08-15 05:30:04] reloadable_process_group.py:100 - Destroyed default nccl WORLD process group and initialized a temporary Gloo WORLD (generation 5)
[2026-08-15 05:30:11] memory_utils.py:47 - [Rank 1] Memory-Usage after offload model: {'gpu': '1', 'total_GB': 94.97, 'free_GB': 90.93, 'used_GB': 4.04, 'allocated_GB': 15.96, 'reserved_GB': 18.15, 'host_total_GB': 1133.56, 'host_available_GB': 746.3, 'host_used_GB': 387.26, 'host_free_GB': 21.04}
[2026-08-15 05:30:19] reloadable_process_group.py:121 - Reloaded default WORLD process group with backend nccl (generation 6)
[2026-08-15 05:30:19] reloadable_process_group.py:331 - Reloading 57 process groups in pid 31657: {'nccl': 50, 'gloo': 7}
[2026-08-15 05:30:19] memory_utils.py:47 - [Rank 1] Memory-Usage before update_weights: {'gpu': '1', 'total_GB': 94.97, 'free_GB': 87.65, 'used_GB': 7.32, 'allocated_GB': 15.96, 'reserved_GB': 18.15, 'host_total_GB': 1133.56, 'host_available_GB': 750.49, 'host_used_GB': 383.07, 'host_free_GB': 26.26}
[2026-08-15 05:30:20] memory_utils.py:47 - [Rank 1] Memory-Usage after update_weights: {'gpu': '1', 'total_GB': 94.97, 'free_GB': 87.67, 'used_GB': 7.3, 'allocated_GB': 15.96, 'reserved_GB': 18.15, 'host_total_GB': 1133.56, 'host_available_GB': 750.46, 'host_used_GB': 383.1, 'host_free_GB': 26.38}
[2026-08-15 05:30:20] reloadable_process_group.py:100 - Destroyed default nccl WORLD process group and initialized a temporary Gloo WORLD (generation 7)
[2026-08-15 05:31:40] memory_utils.py:47 - [Rank 1] Memory-Usage before wake_up model: {'gpu': '1', 'total_GB': 94.97, 'free_GB': 90.93, 'used_GB': 4.04, 'allocated_GB': 15.96, 'reserved_GB': 18.15, 'host_total_GB': 1133.56, 'host_available_GB': 751.35, 'host_used_GB': 382.21, 'host_free_GB': 28.42}
[2026-08-15 05:31:43] reloadable_process_group.py:121 - Reloaded default WORLD process group with backend nccl (generation 8)
[2026-08-15 05:31:43] reloadable_process_group.py:331 - Reloading 57 process groups in pid 31657: {'nccl': 50, 'gloo': 7}
[2026-08-15 05:31:43] memory_utils.py:47 - [Rank 1] Memory-Usage after wake_up model: {'gpu': '1', 'total_GB': 94.97, 'free_GB': 72.8, 'used_GB': 22.18, 'allocated_GB': 15.96, 'reserved_GB': 18.15, 'host_total_GB': 1133.56, 'host_available_GB': 785.21, 'host_used_GB': 348.34, 'host_free_GB': 62.29}
[2026-08-15 05:31:50] memory_utils.py:47 - [Rank 1] Memory-Usage before offload model: {'gpu': '1', 'total_GB': 94.97, 'free_GB': 71.99, 'used_GB': 22.98, 'allocated_GB': 15.96, 'reserved_GB': 18.15, 'host_total_GB': 1133.56, 'host_available_GB': 784.34, 'host_used_GB': 349.22, 'host_free_GB': 61.42}
[2026-08-15 05:31:51] reloadable_process_group.py:100 - Destroyed default nccl WORLD process group and initialized a temporary Gloo WORLD (generation 9)
[2026-08-15 05:31:57] memory_utils.py:47 - [Rank 1] Memory-Usage after offload model: {'gpu': '1', 'total_GB': 94.97, 'free_GB': 90.93, 'used_GB': 4.04, 'allocated_GB': 15.96, 'reserved_GB': 18.15, 'host_total_GB': 1133.56, 'host_available_GB': 748.32, 'host_used_GB': 385.24, 'host_free_GB': 29.39}
[2026-08-15 05:31:58] reloadable_process_group.py:121 - Reloaded default WORLD process group with backend nccl (generation 10)
[2026-08-15 05:31:58] reloadable_process_group.py:331 - Reloading 57 process groups in pid 31657: {'nccl': 50, 'gloo': 7}
[2026-08-15 05:31:58] memory_utils.py:47 - [Rank 1] Memory-Usage before update_weights: {'gpu': '1', 'total_GB': 94.97, 'free_GB': 87.65, 'used_GB': 7.32, 'allocated_GB': 15.96, 'reserved_GB': 18.15, 'host_total_GB': 1133.56, 'host_available_GB': 747.11, 'host_used_GB': 386.45, 'host_free_GB': 28.18}
[2026-08-15 05:31:58] memory_utils.py:47 - [Rank 1] Memory-Usage after update_weights: {'gpu': '1', 'total_GB': 94.97, 'free_GB': 87.67, 'used_GB': 7.3, 'allocated_GB': 15.96, 'reserved_GB': 18.15, 'host_total_GB': 1133.56, 'host_available_GB': 747.11, 'host_used_GB': 386.45, 'host_free_GB': 28.18}
[2026-08-15 05:31:59] reloadable_process_group.py:100 - Destroyed default nccl WORLD process group and initialized a temporary Gloo WORLD (generation 11)
[2026-08-15 05:33:18] memory_utils.py:47 - [Rank 1] Memory-Usage before wake_up model: {'gpu': '1', 'total_GB': 94.97, 'free_GB': 90.93, 'used_GB': 4.04, 'allocated_GB': 15.96, 'reserved_GB': 18.15, 'host_total_GB': 1133.56, 'host_available_GB': 747.2, 'host_used_GB': 386.36, 'host_free_GB': 28.25}
[2026-08-15 05:33:21] reloadable_process_group.py:121 - Reloaded default WORLD process group with backend nccl (generation 12)
[2026-08-15 05:33:21] reloadable_process_group.py:331 - Reloading 57 process groups in pid 31657: {'nccl': 50, 'gloo': 7}
[2026-08-15 05:33:22] memory_utils.py:47 - [Rank 1] Memory-Usage after wake_up model: {'gpu': '1', 'total_GB': 94.97, 'free_GB': 72.8, 'used_GB': 22.18, 'allocated_GB': 15.96, 'reserved_GB': 18.15, 'host_total_GB': 1133.56, 'host_available_GB': 781.13, 'host_used_GB': 352.43, 'host_free_GB': 62.18}
[2026-08-15 05:33:30] memory_utils.py:47 - [Rank 1] Memory-Usage before offload model: {'gpu': '1', 'total_GB': 94.97, 'free_GB': 71.99, 'used_GB': 22.98, 'allocated_GB': 15.97, 'reserved_GB': 18.15, 'host_total_GB': 1133.56, 'host_available_GB': 780.46, 'host_used_GB': 353.09, 'host_free_GB': 61.51}
[2026-08-15 05:33:31] reloadable_process_group.py:100 - Destroyed default nccl WORLD process group and initialized a temporary Gloo WORLD (generation 13)
[2026-08-15 05:33:37] memory_utils.py:47 - [Rank 1] Memory-Usage after offload model: {'gpu': '1', 'total_GB': 94.97, 'free_GB': 90.93, 'used_GB': 4.04, 'allocated_GB': 15.97, 'reserved_GB': 18.15, 'host_total_GB': 1133.56, 'host_available_GB': 748.08, 'host_used_GB': 385.47, 'host_free_GB': 29.13}
[2026-08-15 05:33:37] reloadable_process_group.py:121 - Reloaded default WORLD process group with backend nccl (generation 14)
[2026-08-15 05:33:37] reloadable_process_group.py:331 - Reloading 57 process groups in pid 31657: {'nccl': 50, 'gloo': 7}
[2026-08-15 05:33:37] memory_utils.py:47 - [Rank 1] Memory-Usage before update_weights: {'gpu': '1', 'total_GB': 94.97, 'free_GB': 87.65, 'used_GB': 7.32, 'allocated_GB': 15.97, 'reserved_GB': 18.15, 'host_total_GB': 1133.56, 'host_available_GB': 746.96, 'host_used_GB': 386.6, 'host_free_GB': 28.0}
[2026-08-15 05:33:38] memory_utils.py:47 - [Rank 1] Memory-Usage after update_weights: {'gpu': '1', 'total_GB': 94.97, 'free_GB': 87.67, 'used_GB': 7.3, 'allocated_GB': 15.97, 'reserved_GB': 18.15, 'host_total_GB': 1133.56, 'host_available_GB': 746.95, 'host_used_GB': 386.6, 'host_free_GB': 28.0}
[2026-08-15 05:33:38] reloadable_process_group.py:100 - Destroyed default nccl WORLD process group and initialized a temporary Gloo WORLD (generation 15)
[2026-08-15 05:34:59] memory_utils.py:47 - [Rank 1] Memory-Usage before wake_up model: {'gpu': '1', 'total_GB': 94.97, 'free_GB': 90.93, 'used_GB': 4.04, 'allocated_GB': 15.97, 'reserved_GB': 18.15, 'host_total_GB': 1133.56, 'host_available_GB': 747.2, 'host_used_GB': 386.36, 'host_free_GB': 28.24}
[2026-08-15 05:35:03] reloadable_process_group.py:121 - Reloaded default WORLD process group with backend nccl (generation 16)
[2026-08-15 05:35:03] reloadable_process_group.py:331 - Reloading 57 process groups in pid 31657: {'nccl': 50, 'gloo': 7}
[2026-08-15 05:35:03] memory_utils.py:47 - [Rank 1] Memory-Usage after wake_up model: {'gpu': '1', 'total_GB': 94.97, 'free_GB': 72.8, 'used_GB': 22.18, 'allocated_GB': 15.97, 'reserved_GB': 18.15, 'host_total_GB': 1133.56, 'host_available_GB': 780.95, 'host_used_GB': 352.61, 'host_free_GB': 61.99}
[2026-08-15 05:35:12] memory_utils.py:47 - [Rank 1] Memory-Usage before offload model: {'gpu': '1', 'total_GB': 94.97, 'free_GB': 71.99, 'used_GB': 22.98, 'allocated_GB': 15.98, 'reserved_GB': 18.15, 'host_total_GB': 1133.56, 'host_available_GB': 780.41, 'host_used_GB': 353.15, 'host_free_GB': 61.45}
[2026-08-15 05:35:14] reloadable_process_group.py:100 - Destroyed default nccl WORLD process group and initialized a temporary Gloo WORLD (generation 17)
[2026-08-15 05:35:19] memory_utils.py:47 - [Rank 1] Memory-Usage after offload model: {'gpu': '1', 'total_GB': 94.97, 'free_GB': 90.93, 'used_GB': 4.04, 'allocated_GB': 15.98, 'reserved_GB': 18.15, 'host_total_GB': 1133.56, 'host_available_GB': 747.9, 'host_used_GB': 385.66, 'host_free_GB': 28.94}
[2026-08-15 05:35:20] reloadable_process_group.py:121 - Reloaded default WORLD process group with backend nccl (generation 18)
[2026-08-15 05:35:20] reloadable_process_group.py:331 - Reloading 57 process groups in pid 31657: {'nccl': 50, 'gloo': 7}
[2026-08-15 05:35:20] memory_utils.py:47 - [Rank 1] Memory-Usage before update_weights: {'gpu': '1', 'total_GB': 94.97, 'free_GB': 87.65, 'used_GB': 7.32, 'allocated_GB': 15.98, 'reserved_GB': 18.15, 'host_total_GB': 1133.56, 'host_available_GB': 746.87, 'host_used_GB': 386.69, 'host_free_GB': 27.91}
[2026-08-15 05:35:21] memory_utils.py:47 - [Rank 1] Memory-Usage after update_weights: {'gpu': '1', 'total_GB': 94.97, 'free_GB': 87.67, 'used_GB': 7.3, 'allocated_GB': 15.98, 'reserved_GB': 18.15, 'host_total_GB': 1133.56, 'host_available_GB': 746.9, 'host_used_GB': 386.66, 'host_free_GB': 27.94}
[2026-08-15 05:35:21] reloadable_process_group.py:100 - Destroyed default nccl WORLD process group and initialized a temporary Gloo WORLD (generation 19)
[2026-08-15 05:36:41] memory_utils.py:47 - [Rank 1] Memory-Usage before wake_up model: {'gpu': '1', 'total_GB': 94.97, 'free_GB': 90.93, 'used_GB': 4.04, 'allocated_GB': 15.98, 'reserved_GB': 18.15, 'host_total_GB': 1133.56, 'host_available_GB': 747.04, 'host_used_GB': 386.51, 'host_free_GB': 28.07}
[2026-08-15 05:36:45] reloadable_process_group.py:121 - Reloaded default WORLD process group with backend nccl (generation 20)
[2026-08-15 05:36:45] reloadable_process_group.py:331 - Reloading 57 process groups in pid 31657: {'nccl': 50, 'gloo': 7}
[2026-08-15 05:36:45] memory_utils.py:47 - [Rank 1] Memory-Usage after wake_up model: {'gpu': '1', 'total_GB': 94.97, 'free_GB': 72.8, 'used_GB': 22.18, 'allocated_GB': 15.98, 'reserved_GB': 18.15, 'host_total_GB': 1133.56, 'host_available_GB': 780.96, 'host_used_GB': 352.59, 'host_free_GB': 61.99}
[2026-08-15 05:36:56] memory_utils.py:47 - [Rank 1] Memory-Usage before offload model: {'gpu': '1', 'total_GB': 94.97, 'free_GB': 71.99, 'used_GB': 22.98, 'allocated_GB': 15.99, 'reserved_GB': 18.15, 'host_total_GB': 1133.56, 'host_available_GB': 780.42, 'host_used_GB': 353.14, 'host_free_GB': 61.45}
[2026-08-15 05:36:57] reloadable_process_group.py:100 - Destroyed default nccl WORLD process group and initialized a temporary Gloo WORLD (generation 21)
[2026-08-15 05:37:03] memory_utils.py:47 - [Rank 1] Memory-Usage after offload model: {'gpu': '1', 'total_GB': 94.97, 'free_GB': 90.93, 'used_GB': 4.04, 'allocated_GB': 15.99, 'reserved_GB': 18.15, 'host_total_GB': 1133.56, 'host_available_GB': 747.88, 'host_used_GB': 385.68, 'host_free_GB': 28.9}
[2026-08-15 05:37:04] reloadable_process_group.py:121 - Reloaded default WORLD process group with backend nccl (generation 22)
[2026-08-15 05:37:04] reloadable_process_group.py:331 - Reloading 57 process groups in pid 31657: {'nccl': 50, 'gloo': 7}
[2026-08-15 05:37:04] memory_utils.py:47 - [Rank 1] Memory-Usage before update_weights: {'gpu': '1', 'total_GB': 94.97, 'free_GB': 87.65, 'used_GB': 7.32, 'allocated_GB': 15.99, 'reserved_GB': 18.15, 'host_total_GB': 1133.56, 'host_available_GB': 746.84, 'host_used_GB': 386.72, 'host_free_GB': 27.86}
[2026-08-15 05:37:04] memory_utils.py:47 - [Rank 1] Memory-Usage after update_weights: {'gpu': '1', 'total_GB': 94.97, 'free_GB': 87.67, 'used_GB': 7.3, 'allocated_GB': 15.99, 'reserved_GB': 18.15, 'host_total_GB': 1133.56, 'host_available_GB': 746.84, 'host_used_GB': 386.72, 'host_free_GB': 27.86}
[2026-08-15 05:37:04] reloadable_process_group.py:100 - Destroyed default nccl WORLD process group and initialized a temporary Gloo WORLD (generation 23)
[2026-08-15 05:38:24] memory_utils.py:47 - [Rank 1] Memory-Usage before wake_up model: {'gpu': '1', 'total_GB': 94.97, 'free_GB': 90.93, 'used_GB': 4.04, 'allocated_GB': 15.99, 'reserved_GB': 18.15, 'host_total_GB': 1133.56, 'host_available_GB': 747.0, 'host_used_GB': 386.56, 'host_free_GB': 28.01}
[2026-08-15 05:38:27] reloadable_process_group.py:121 - Reloaded default WORLD process group with backend nccl (generation 24)
[2026-08-15 05:38:27] reloadable_process_group.py:331 - Reloading 57 process groups in pid 31657: {'nccl': 50, 'gloo': 7}
[2026-08-15 05:38:27] memory_utils.py:47 - [Rank 1] Memory-Usage after wake_up model: {'gpu': '1', 'total_GB': 94.97, 'free_GB': 72.79, 'used_GB': 22.18, 'allocated_GB': 15.99, 'reserved_GB': 18.15, 'host_total_GB': 1133.56, 'host_available_GB': 780.91, 'host_used_GB': 352.64, 'host_free_GB': 61.93}
[2026-08-15 05:38:35] memory_utils.py:47 - [Rank 1] Memory-Usage before offload model: {'gpu': '1', 'total_GB': 94.97, 'free_GB': 71.99, 'used_GB': 22.98, 'allocated_GB': 15.99, 'reserved_GB': 18.15, 'host_total_GB': 1133.56, 'host_available_GB': 780.4, 'host_used_GB': 353.16, 'host_free_GB': 61.41}
[2026-08-15 05:38:36] reloadable_process_group.py:100 - Destroyed default nccl WORLD process group and initialized a temporary Gloo WORLD (generation 25)
[2026-08-15 05:38:41] memory_utils.py:47 - [Rank 1] Memory-Usage after offload model: {'gpu': '1', 'total_GB': 94.97, 'free_GB': 90.93, 'used_GB': 4.04, 'allocated_GB': 15.99, 'reserved_GB': 18.15, 'host_total_GB': 1133.56, 'host_available_GB': 747.69, 'host_used_GB': 385.86, 'host_free_GB': 28.71}
[2026-08-15 05:38:42] reloadable_process_group.py:121 - Reloaded default WORLD process group with backend nccl (generation 26)
[2026-08-15 05:38:42] reloadable_process_group.py:331 - Reloading 57 process groups in pid 31657: {'nccl': 50, 'gloo': 7}
[2026-08-15 05:38:42] memory_utils.py:47 - [Rank 1] Memory-Usage before update_weights: {'gpu': '1', 'total_GB': 94.97, 'free_GB': 87.65, 'used_GB': 7.32, 'allocated_GB': 15.99, 'reserved_GB': 18.15, 'host_total_GB': 1133.56, 'host_available_GB': 746.76, 'host_used_GB': 386.8, 'host_free_GB': 27.78}
[2026-08-15 05:38:43] memory_utils.py:47 - [Rank 1] Memory-Usage after update_weights: {'gpu': '1', 'total_GB': 94.97, 'free_GB': 87.67, 'used_GB': 7.3, 'allocated_GB': 15.99, 'reserved_GB': 18.15, 'host_total_GB': 1133.56, 'host_available_GB': 746.78, 'host_used_GB': 386.78, 'host_free_GB': 27.8}
[2026-08-15 05:38:43] reloadable_process_group.py:100 - Destroyed default nccl WORLD process group and initialized a temporary Gloo WORLD (generation 27)
[2026-08-15 05:40:05] memory_utils.py:47 - [Rank 1] Memory-Usage before wake_up model: {'gpu': '1', 'total_GB': 94.97, 'free_GB': 90.93, 'used_GB': 4.04, 'allocated_GB': 15.99, 'reserved_GB': 18.15, 'host_total_GB': 1133.56, 'host_available_GB': 746.92, 'host_used_GB': 386.64, 'host_free_GB': 27.91}
[2026-08-15 05:40:09] reloadable_process_group.py:121 - Reloaded default WORLD process group with backend nccl (generation 28)
[2026-08-15 05:40:09] reloadable_process_group.py:331 - Reloading 57 process groups in pid 31657: {'nccl': 50, 'gloo': 7}
[2026-08-15 05:40:09] memory_utils.py:47 - [Rank 1] Memory-Usage after wake_up model: {'gpu': '1', 'total_GB': 94.97, 'free_GB': 72.79, 'used_GB': 22.18, 'allocated_GB': 15.99, 'reserved_GB': 18.15, 'host_total_GB': 1133.56, 'host_available_GB': 780.94, 'host_used_GB': 352.62, 'host_free_GB': 61.93}
[2026-08-15 05:40:17] memory_utils.py:47 - [Rank 1] Memory-Usage before offload model: {'gpu': '1', 'total_GB': 94.97, 'free_GB': 71.99, 'used_GB': 22.98, 'allocated_GB': 16.0, 'reserved_GB': 18.15, 'host_total_GB': 1133.56, 'host_available_GB': 780.45, 'host_used_GB': 353.11, 'host_free_GB': 61.43}
[2026-08-15 05:40:19] reloadable_process_group.py:100 - Destroyed default nccl WORLD process group and initialized a temporary Gloo WORLD (generation 29)
[2026-08-15 05:40:24] memory_utils.py:47 - [Rank 1] Memory-Usage after offload model: {'gpu': '1', 'total_GB': 94.97, 'free_GB': 90.93, 'used_GB': 4.04, 'allocated_GB': 16.0, 'reserved_GB': 18.15, 'host_total_GB': 1133.56, 'host_available_GB': 748.06, 'host_used_GB': 385.5, 'host_free_GB': 29.04}
[2026-08-15 05:40:25] reloadable_process_group.py:121 - Reloaded default WORLD process group with backend nccl (generation 30)
[2026-08-15 05:40:25] reloadable_process_group.py:331 - Reloading 57 process groups in pid 31657: {'nccl': 50, 'gloo': 7}
[2026-08-15 05:40:25] memory_utils.py:47 - [Rank 1] Memory-Usage before update_weights: {'gpu': '1', 'total_GB': 94.97, 'free_GB': 87.65, 'used_GB': 7.32, 'allocated_GB': 16.0, 'reserved_GB': 18.15, 'host_total_GB': 1133.56, 'host_available_GB': 746.84, 'host_used_GB': 386.71, 'host_free_GB': 27.83}
[2026-08-15 05:40:26] memory_utils.py:47 - [Rank 1] Memory-Usage after update_weights: {'gpu': '1', 'total_GB': 94.97, 'free_GB': 87.67, 'used_GB': 7.3, 'allocated_GB': 16.0, 'reserved_GB': 18.15, 'host_total_GB': 1133.56, 'host_available_GB': 746.84, 'host_used_GB': 386.72, 'host_free_GB': 27.82}
[2026-08-15 05:40:26] reloadable_process_group.py:100 - Destroyed default nccl WORLD process group and initialized a temporary Gloo WORLD (generation 31)
[2026-08-15 05:41:47] memory_utils.py:47 - [Rank 1] Memory-Usage before wake_up model: {'gpu': '1', 'total_GB': 94.97, 'free_GB': 90.93, 'used_GB': 4.04, 'allocated_GB': 16.0, 'reserved_GB': 18.15, 'host_total_GB': 1133.56, 'host_available_GB': 746.98, 'host_used_GB': 386.58, 'host_free_GB': 27.96}
[2026-08-15 05:41:50] reloadable_process_group.py:121 - Reloaded default WORLD process group with backend nccl (generation 32)
[2026-08-15 05:41:50] reloadable_process_group.py:331 - Reloading 57 process groups in pid 31657: {'nccl': 50, 'gloo': 7}
[2026-08-15 05:41:50] memory_utils.py:47 - [Rank 1] Memory-Usage after wake_up model: {'gpu': '1', 'total_GB': 94.97, 'free_GB': 72.79, 'used_GB': 22.18, 'allocated_GB': 16.0, 'reserved_GB': 18.15, 'host_total_GB': 1133.56, 'host_available_GB': 780.95, 'host_used_GB': 352.61, 'host_free_GB': 61.93}
[2026-08-15 05:41:57] memory_utils.py:47 - [Rank 1] Memory-Usage before offload model: {'gpu': '1', 'total_GB': 94.97, 'free_GB': 71.99, 'used_GB': 22.98, 'allocated_GB': 16.0, 'reserved_GB': 18.15, 'host_total_GB': 1133.56, 'host_available_GB': 780.45, 'host_used_GB': 353.11, 'host_free_GB': 61.43}
[2026-08-15 05:41:59] reloadable_process_group.py:100 - Destroyed default nccl WORLD process group and initialized a temporary Gloo WORLD (generation 33)
[2026-08-15 05:42:04] memory_utils.py:47 - [Rank 1] Memory-Usage after offload model: {'gpu': '1', 'total_GB': 94.97, 'free_GB': 90.93, 'used_GB': 4.04, 'allocated_GB': 16.0, 'reserved_GB': 18.15, 'host_total_GB': 1133.56, 'host_available_GB': 747.79, 'host_used_GB': 385.77, 'host_free_GB': 28.76}
[2026-08-15 05:42:05] reloadable_process_group.py:121 - Reloaded default WORLD process group with backend nccl (generation 34)
[2026-08-15 05:42:05] reloadable_process_group.py:331 - Reloading 57 process groups in pid 31657: {'nccl': 50, 'gloo': 7}
[2026-08-15 05:42:05] memory_utils.py:47 - [Rank 1] Memory-Usage before update_weights: {'gpu': '1', 'total_GB': 94.97, 'free_GB': 87.65, 'used_GB': 7.32, 'allocated_GB': 16.0, 'reserved_GB': 18.15, 'host_total_GB': 1133.56, 'host_available_GB': 746.81, 'host_used_GB': 386.75, 'host_free_GB': 27.78}
[2026-08-15 05:42:05] memory_utils.py:47 - [Rank 1] Memory-Usage after update_weights: {'gpu': '1', 'total_GB': 94.97, 'free_GB': 87.67, 'used_GB': 7.3, 'allocated_GB': 16.0, 'reserved_GB': 18.15, 'host_total_GB': 1133.56, 'host_available_GB': 746.81, 'host_used_GB': 386.75, 'host_free_GB': 27.78}
[2026-08-15 05:42:06] reloadable_process_group.py:100 - Destroyed default nccl WORLD process group and initialized a temporary Gloo WORLD (generation 35)
[2026-08-15 05:43:26] memory_utils.py:47 - [Rank 1] Memory-Usage before wake_up model: {'gpu': '1', 'total_GB': 94.97, 'free_GB': 90.93, 'used_GB': 4.04, 'allocated_GB': 16.0, 'reserved_GB': 18.15, 'host_total_GB': 1133.56, 'host_available_GB': 746.93, 'host_used_GB': 386.62, 'host_free_GB': 27.9}
[2026-08-15 05:43:29] reloadable_process_group.py:121 - Reloaded default WORLD process group with backend nccl (generation 36)
[2026-08-15 05:43:29] reloadable_process_group.py:331 - Reloading 57 process groups in pid 31657: {'nccl': 50, 'gloo': 7}
[2026-08-15 05:43:29] memory_utils.py:47 - [Rank 1] Memory-Usage after wake_up model: {'gpu': '1', 'total_GB': 94.97, 'free_GB': 72.79, 'used_GB': 22.18, 'allocated_GB': 16.0, 'reserved_GB': 18.15, 'host_total_GB': 1133.56, 'host_available_GB': 780.89, 'host_used_GB': 352.67, 'host_free_GB': 61.85}
[2026-08-15 05:43:41] memory_utils.py:47 - [Rank 1] Memory-Usage before offload model: {'gpu': '1', 'total_GB': 94.97, 'free_GB': 71.99, 'used_GB': 22.98, 'allocated_GB': 16.0, 'reserved_GB': 18.15, 'host_total_GB': 1133.56, 'host_available_GB': 780.4, 'host_used_GB': 353.16, 'host_free_GB': 61.36}
[2026-08-15 05:43:43] reloadable_process_group.py:100 - Destroyed default nccl WORLD process group and initialized a temporary Gloo WORLD (generation 37)
[2026-08-15 05:43:48] memory_utils.py:47 - [Rank 1] Memory-Usage after offload model: {'gpu': '1', 'total_GB': 94.97, 'free_GB': 90.93, 'used_GB': 4.04, 'allocated_GB': 16.0, 'reserved_GB': 18.15, 'host_total_GB': 1133.56, 'host_available_GB': 747.67, 'host_used_GB': 385.89, 'host_free_GB': 28.63}
[2026-08-15 05:43:49] reloadable_process_group.py:121 - Reloaded default WORLD process group with backend nccl (generation 38)
[2026-08-15 05:43:49] reloadable_process_group.py:331 - Reloading 57 process groups in pid 31657: {'nccl': 50, 'gloo': 7}
[2026-08-15 05:43:49] memory_utils.py:47 - [Rank 1] Memory-Usage before update_weights: {'gpu': '1', 'total_GB': 94.97, 'free_GB': 87.65, 'used_GB': 7.32, 'allocated_GB': 16.0, 'reserved_GB': 18.15, 'host_total_GB': 1133.56, 'host_available_GB': 746.84, 'host_used_GB': 386.72, 'host_free_GB': 27.8}
[2026-08-15 05:43:50] memory_utils.py:47 - [Rank 1] Memory-Usage after update_weights: {'gpu': '1', 'total_GB': 94.97, 'free_GB': 87.67, 'used_GB': 7.3, 'allocated_GB': 16.0, 'reserved_GB': 18.15, 'host_total_GB': 1133.56, 'host_available_GB': 746.83, 'host_used_GB': 386.73, 'host_free_GB': 27.79}
[2026-08-15 05:43:50] reloadable_process_group.py:100 - Destroyed default nccl WORLD process group and initialized a temporary Gloo WORLD (generation 39)
[2026-08-15 05:45:10] memory_utils.py:47 - [Rank 1] Memory-Usage before wake_up model: {'gpu': '1', 'total_GB': 94.97, 'free_GB': 90.93, 'used_GB': 4.04, 'allocated_GB': 16.0, 'reserved_GB': 18.15, 'host_total_GB': 1133.56, 'host_available_GB': 746.92, 'host_used_GB': 386.64, 'host_free_GB': 27.87}
[2026-08-15 05:45:13] reloadable_process_group.py:121 - Reloaded default WORLD process group with backend nccl (generation 40)
[2026-08-15 05:45:13] reloadable_process_group.py:331 - Reloading 57 process groups in pid 31657: {'nccl': 50, 'gloo': 7}
[2026-08-15 05:45:13] memory_utils.py:47 - [Rank 1] Memory-Usage after wake_up model: {'gpu': '1', 'total_GB': 94.97, 'free_GB': 72.79, 'used_GB': 22.18, 'allocated_GB': 16.0, 'reserved_GB': 18.15, 'host_total_GB': 1133.56, 'host_available_GB': 780.85, 'host_used_GB': 352.7, 'host_free_GB': 61.81}
[2026-08-15 05:45:21] memory_utils.py:47 - [Rank 1] Memory-Usage before offload model: {'gpu': '1', 'total_GB': 94.97, 'free_GB': 71.99, 'used_GB': 22.98, 'allocated_GB': 16.01, 'reserved_GB': 18.15, 'host_total_GB': 1133.56, 'host_available_GB': 780.42, 'host_used_GB': 353.14, 'host_free_GB': 61.37}
[2026-08-15 05:45:23] reloadable_process_group.py:100 - Destroyed default nccl WORLD process group and initialized a temporary Gloo WORLD (generation 41)
[2026-08-15 05:45:28] memory_utils.py:47 - [Rank 1] Memory-Usage after offload model: {'gpu': '1', 'total_GB': 94.97, 'free_GB': 90.93, 'used_GB': 4.04, 'allocated_GB': 16.01, 'reserved_GB': 18.15, 'host_total_GB': 1133.56, 'host_available_GB': 747.91, 'host_used_GB': 385.64, 'host_free_GB': 28.86}
[2026-08-15 05:45:29] reloadable_process_group.py:121 - Reloaded default WORLD process group with backend nccl (generation 42)
[2026-08-15 05:45:29] reloadable_process_group.py:331 - Reloading 57 process groups in pid 31657: {'nccl': 50, 'gloo': 7}
[2026-08-15 05:45:29] memory_utils.py:47 - [Rank 1] Memory-Usage before update_weights: {'gpu': '1', 'total_GB': 94.97, 'free_GB': 87.65, 'used_GB': 7.32, 'allocated_GB': 16.01, 'reserved_GB': 18.15, 'host_total_GB': 1133.56, 'host_available_GB': 746.83, 'host_used_GB': 386.73, 'host_free_GB': 27.78}
[2026-08-15 05:45:30] memory_utils.py:47 - [Rank 1] Memory-Usage after update_weights: {'gpu': '1', 'total_GB': 94.97, 'free_GB': 87.67, 'used_GB': 7.3, 'allocated_GB': 16.01, 'reserved_GB': 18.15, 'host_total_GB': 1133.56, 'host_available_GB': 746.84, 'host_used_GB': 386.72, 'host_free_GB': 27.79}
[2026-08-15 05:45:30] reloadable_process_group.py:100 - Destroyed default nccl WORLD process group and initialized a temporary Gloo WORLD (generation 43)
[2026-08-15 05:46:50] memory_utils.py:47 - [Rank 1] Memory-Usage before wake_up model: {'gpu': '1', 'total_GB': 94.97, 'free_GB': 90.93, 'used_GB': 4.04, 'allocated_GB': 16.01, 'reserved_GB': 18.15, 'host_total_GB': 1133.56, 'host_available_GB': 746.91, 'host_used_GB': 386.64, 'host_free_GB': 27.85}
[2026-08-15 05:46:53] reloadable_process_group.py:121 - Reloaded default WORLD process group with backend nccl (generation 44)
[2026-08-15 05:46:53] reloadable_process_group.py:331 - Reloading 57 process groups in pid 31657: {'nccl': 50, 'gloo': 7}
[2026-08-15 05:46:53] memory_utils.py:47 - [Rank 1] Memory-Usage after wake_up model: {'gpu': '1', 'total_GB': 94.97, 'free_GB': 72.79, 'used_GB': 22.18, 'allocated_GB': 16.01, 'reserved_GB': 18.15, 'host_total_GB': 1133.56, 'host_available_GB': 780.86, 'host_used_GB': 352.7, 'host_free_GB': 61.8}
[2026-08-15 05:47:01] memory_utils.py:47 - [Rank 1] Memory-Usage before offload model: {'gpu': '1', 'total_GB': 94.97, 'free_GB': 71.99, 'used_GB': 22.98, 'allocated_GB': 16.01, 'reserved_GB': 18.15, 'host_total_GB': 1133.56, 'host_available_GB': 780.03, 'host_used_GB': 353.52, 'host_free_GB': 60.97}
[2026-08-15 05:47:02] reloadable_process_group.py:100 - Destroyed default nccl WORLD process group and initialized a temporary Gloo WORLD (generation 45)
[2026-08-15 05:47:08] memory_utils.py:47 - [Rank 1] Memory-Usage after offload model: {'gpu': '1', 'total_GB': 94.97, 'free_GB': 90.93, 'used_GB': 4.04, 'allocated_GB': 16.01, 'reserved_GB': 18.15, 'host_total_GB': 1133.56, 'host_available_GB': 747.82, 'host_used_GB': 385.74, 'host_free_GB': 28.75}
[2026-08-15 05:47:09] reloadable_process_group.py:121 - Reloaded default WORLD process group with backend nccl (generation 46)
[2026-08-15 05:47:09] reloadable_process_group.py:331 - Reloading 57 process groups in pid 31657: {'nccl': 50, 'gloo': 7}
[2026-08-15 05:47:09] memory_utils.py:47 - [Rank 1] Memory-Usage before update_weights: {'gpu': '1', 'total_GB': 94.97, 'free_GB': 87.65, 'used_GB': 7.32, 'allocated_GB': 16.01, 'reserved_GB': 18.15, 'host_total_GB': 1133.56, 'host_available_GB': 746.79, 'host_used_GB': 386.77, 'host_free_GB': 27.73}
[2026-08-15 05:47:10] memory_utils.py:47 - [Rank 1] Memory-Usage after update_weights: {'gpu': '1', 'total_GB': 94.97, 'free_GB': 87.67, 'used_GB': 7.3, 'allocated_GB': 16.01, 'reserved_GB': 18.15, 'host_total_GB': 1133.56, 'host_available_GB': 746.79, 'host_used_GB': 386.77, 'host_free_GB': 27.73}
[2026-08-15 05:47:10] reloadable_process_group.py:100 - Destroyed default nccl WORLD process group and initialized a temporary Gloo WORLD (generation 47)
[2026-08-15 05:48:29] memory_utils.py:47 - [Rank 1] Memory-Usage before wake_up model: {'gpu': '1', 'total_GB': 94.97, 'free_GB': 90.93, 'used_GB': 4.04, 'allocated_GB': 16.01, 'reserved_GB': 18.15, 'host_total_GB': 1133.56, 'host_available_GB': 746.84, 'host_used_GB': 386.71, 'host_free_GB': 27.77}
[2026-08-15 05:48:33] reloadable_process_group.py:121 - Reloaded default WORLD process group with backend nccl (generation 48)
[2026-08-15 05:48:33] reloadable_process_group.py:331 - Reloading 57 process groups in pid 31657: {'nccl': 50, 'gloo': 7}
[2026-08-15 05:48:33] memory_utils.py:47 - [Rank 1] Memory-Usage after wake_up model: {'gpu': '1', 'total_GB': 94.97, 'free_GB': 72.79, 'used_GB': 22.18, 'allocated_GB': 16.01, 'reserved_GB': 18.15, 'host_total_GB': 1133.56, 'host_available_GB': 780.79, 'host_used_GB': 352.77, 'host_free_GB': 61.72}
[2026-08-15 05:48:40] memory_utils.py:47 - [Rank 1] Memory-Usage before offload model: {'gpu': '1', 'total_GB': 94.97, 'free_GB': 71.99, 'used_GB': 22.98, 'allocated_GB': 16.01, 'reserved_GB': 18.15, 'host_total_GB': 1133.56, 'host_available_GB': 780.3, 'host_used_GB': 353.26, 'host_free_GB': 61.23}
[2026-08-15 05:48:42] reloadable_process_group.py:100 - Destroyed default nccl WORLD process group and initialized a temporary Gloo WORLD (generation 49)
[2026-08-15 05:48:47] memory_utils.py:47 - [Rank 1] Memory-Usage after offload model: {'gpu': '1', 'total_GB': 94.97, 'free_GB': 90.93, 'used_GB': 4.04, 'allocated_GB': 16.01, 'reserved_GB': 18.15, 'host_total_GB': 1133.56, 'host_available_GB': 747.74, 'host_used_GB': 385.82, 'host_free_GB': 28.67}
[2026-08-15 05:48:48] reloadable_process_group.py:121 - Reloaded default WORLD process group with backend nccl (generation 50)
[2026-08-15 05:48:48] reloadable_process_group.py:331 - Reloading 57 process groups in pid 31657: {'nccl': 50, 'gloo': 7}
[2026-08-15 05:48:48] memory_utils.py:47 - [Rank 1] Memory-Usage before update_weights: {'gpu': '1', 'total_GB': 94.97, 'free_GB': 87.65, 'used_GB': 7.32, 'allocated_GB': 16.01, 'reserved_GB': 18.15, 'host_total_GB': 1133.56, 'host_available_GB': 746.71, 'host_used_GB': 386.85, 'host_free_GB': 27.63}
[2026-08-15 05:48:49] memory_utils.py:47 - [Rank 1] Memory-Usage after update_weights: {'gpu': '1', 'total_GB': 94.97, 'free_GB': 87.67, 'used_GB': 7.3, 'allocated_GB': 16.01, 'reserved_GB': 18.15, 'host_total_GB': 1133.56, 'host_available_GB': 746.71, 'host_used_GB': 386.85, 'host_free_GB': 27.63}
[2026-08-15 05:48:49] reloadable_process_group.py:100 - Destroyed default nccl WORLD process group and initialized a temporary Gloo WORLD (generation 51)
[2026-08-15 05:50:08] memory_utils.py:47 - [Rank 1] Memory-Usage before wake_up model: {'gpu': '1', 'total_GB': 94.97, 'free_GB': 90.93, 'used_GB': 4.04, 'allocated_GB': 16.01, 'reserved_GB': 18.15, 'host_total_GB': 1133.56, 'host_available_GB': 746.71, 'host_used_GB': 386.85, 'host_free_GB': 27.63}
[2026-08-15 05:50:11] reloadable_process_group.py:121 - Reloaded default WORLD process group with backend nccl (generation 52)
[2026-08-15 05:50:11] reloadable_process_group.py:331 - Reloading 57 process groups in pid 31657: {'nccl': 50, 'gloo': 7}
[2026-08-15 05:50:12] memory_utils.py:47 - [Rank 1] Memory-Usage after wake_up model: {'gpu': '1', 'total_GB': 94.97, 'free_GB': 72.79, 'used_GB': 22.18, 'allocated_GB': 16.01, 'reserved_GB': 18.15, 'host_total_GB': 1133.56, 'host_available_GB': 780.67, 'host_used_GB': 352.89, 'host_free_GB': 61.58}
[2026-08-15 05:50:25] memory_utils.py:47 - [Rank 1] Memory-Usage before offload model: {'gpu': '1', 'total_GB': 94.97, 'free_GB': 71.99, 'used_GB': 22.98, 'allocated_GB': 16.01, 'reserved_GB': 18.15, 'host_total_GB': 1133.56, 'host_available_GB': 780.19, 'host_used_GB': 353.36, 'host_free_GB': 61.11}
[2026-08-15 05:50:26] reloadable_process_group.py:100 - Destroyed default nccl WORLD process group and initialized a temporary Gloo WORLD (generation 53)
[2026-08-15 05:50:32] memory_utils.py:47 - [Rank 1] Memory-Usage after offload model: {'gpu': '1', 'total_GB': 94.97, 'free_GB': 90.93, 'used_GB': 4.04, 'allocated_GB': 16.01, 'reserved_GB': 18.15, 'host_total_GB': 1133.56, 'host_available_GB': 747.68, 'host_used_GB': 385.87, 'host_free_GB': 28.6}
[2026-08-15 05:50:32] reloadable_process_group.py:121 - Reloaded default WORLD process group with backend nccl (generation 54)
[2026-08-15 05:50:32] reloadable_process_group.py:331 - Reloading 57 process groups in pid 31657: {'nccl': 50, 'gloo': 7}
[2026-08-15 05:50:32] memory_utils.py:47 - [Rank 1] Memory-Usage before update_weights: {'gpu': '1', 'total_GB': 94.97, 'free_GB': 87.65, 'used_GB': 7.32, 'allocated_GB': 16.01, 'reserved_GB': 18.15, 'host_total_GB': 1133.56, 'host_available_GB': 746.77, 'host_used_GB': 386.78, 'host_free_GB': 27.69}
[2026-08-15 05:50:33] memory_utils.py:47 - [Rank 1] Memory-Usage after update_weights: {'gpu': '1', 'total_GB': 94.97, 'free_GB': 87.67, 'used_GB': 7.3, 'allocated_GB': 16.01, 'reserved_GB': 18.15, 'host_total_GB': 1133.56, 'host_available_GB': 746.77, 'host_used_GB': 386.79, 'host_free_GB': 27.69}
[2026-08-15 05:50:33] reloadable_process_group.py:100 - Destroyed default nccl WORLD process group and initialized a temporary Gloo WORLD (generation 55)
[2026-08-15 05:51:53] memory_utils.py:47 - [Rank 1] Memory-Usage before wake_up model: {'gpu': '1', 'total_GB': 94.97, 'free_GB': 90.93, 'used_GB': 4.04, 'allocated_GB': 16.01, 'reserved_GB': 18.15, 'host_total_GB': 1133.56, 'host_available_GB': 747.22, 'host_used_GB': 386.34, 'host_free_GB': 28.13}
[2026-08-15 05:51:56] reloadable_process_group.py:121 - Reloaded default WORLD process group with backend nccl (generation 56)
[2026-08-15 05:51:56] reloadable_process_group.py:331 - Reloading 57 process groups in pid 31657: {'nccl': 50, 'gloo': 7}
[2026-08-15 05:51:56] memory_utils.py:47 - [Rank 1] Memory-Usage after wake_up model: {'gpu': '1', 'total_GB': 94.97, 'free_GB': 72.79, 'used_GB': 22.18, 'allocated_GB': 16.01, 'reserved_GB': 18.15, 'host_total_GB': 1133.56, 'host_available_GB': 781.17, 'host_used_GB': 352.38, 'host_free_GB': 62.08}
[2026-08-15 05:52:04] memory_utils.py:47 - [Rank 1] Memory-Usage before offload model: {'gpu': '1', 'total_GB': 94.97, 'free_GB': 71.99, 'used_GB': 22.98, 'allocated_GB': 16.01, 'reserved_GB': 18.15, 'host_total_GB': 1133.56, 'host_available_GB': 780.5, 'host_used_GB': 353.05, 'host_free_GB': 61.41}
[2026-08-15 05:52:05] reloadable_process_group.py:100 - Destroyed default nccl WORLD process group and initialized a temporary Gloo WORLD (generation 57)
[2026-08-15 05:52:11] memory_utils.py:47 - [Rank 1] Memory-Usage after offload model: {'gpu': '1', 'total_GB': 94.97, 'free_GB': 90.93, 'used_GB': 4.04, 'allocated_GB': 16.01, 'reserved_GB': 18.15, 'host_total_GB': 1133.56, 'host_available_GB': 748.08, 'host_used_GB': 385.47, 'host_free_GB': 28.99}
[2026-08-15 05:52:12] reloadable_process_group.py:121 - Reloaded default WORLD process group with backend nccl (generation 58)
[2026-08-15 05:52:12] reloadable_process_group.py:331 - Reloading 57 process groups in pid 31657: {'nccl': 50, 'gloo': 7}
[2026-08-15 05:52:12] memory_utils.py:47 - [Rank 1] Memory-Usage before update_weights: {'gpu': '1', 'total_GB': 94.97, 'free_GB': 87.65, 'used_GB': 7.32, 'allocated_GB': 16.01, 'reserved_GB': 18.15, 'host_total_GB': 1133.56, 'host_available_GB': 747.1, 'host_used_GB': 386.46, 'host_free_GB': 28.01}
[2026-08-15 05:52:12] memory_utils.py:47 - [Rank 1] Memory-Usage after update_weights: {'gpu': '1', 'total_GB': 94.97, 'free_GB': 87.67, 'used_GB': 7.3, 'allocated_GB': 16.01, 'reserved_GB': 18.15, 'host_total_GB': 1133.56, 'host_available_GB': 747.1, 'host_used_GB': 386.46, 'host_free_GB': 28.0}
[2026-08-15 05:52:12] reloadable_process_group.py:100 - Destroyed default nccl WORLD process group and initialized a temporary Gloo WORLD (generation 59)
[2026-08-15 05:53:32] memory_utils.py:47 - [Rank 1] Memory-Usage before wake_up model: {'gpu': '1', 'total_GB': 94.97, 'free_GB': 90.93, 'used_GB': 4.04, 'allocated_GB': 16.01, 'reserved_GB': 18.15, 'host_total_GB': 1133.56, 'host_available_GB': 746.71, 'host_used_GB': 386.85, 'host_free_GB': 27.6}
[2026-08-15 05:53:35] reloadable_process_group.py:121 - Reloaded default WORLD process group with backend nccl (generation 60)
[2026-08-15 05:53:35] reloadable_process_group.py:331 - Reloading 57 process groups in pid 31657: {'nccl': 50, 'gloo': 7}
[2026-08-15 05:53:36] memory_utils.py:47 - [Rank 1] Memory-Usage after wake_up model: {'gpu': '1', 'total_GB': 94.97, 'free_GB': 72.79, 'used_GB': 22.18, 'allocated_GB': 16.01, 'reserved_GB': 18.15, 'host_total_GB': 1133.56, 'host_available_GB': 780.54, 'host_used_GB': 353.02, 'host_free_GB': 61.43}
[2026-08-15 05:53:43] memory_utils.py:47 - [Rank 1] Memory-Usage before offload model: {'gpu': '1', 'total_GB': 94.97, 'free_GB': 71.99, 'used_GB': 22.98, 'allocated_GB': 16.01, 'reserved_GB': 18.15, 'host_total_GB': 1133.56, 'host_available_GB': 779.15, 'host_used_GB': 354.41, 'host_free_GB': 60.03}
[2026-08-15 05:53:44] reloadable_process_group.py:100 - Destroyed default nccl WORLD process group and initialized a temporary Gloo WORLD (generation 61)
[2026-08-15 05:53:50] memory_utils.py:47 - [Rank 1] Memory-Usage after offload model: {'gpu': '1', 'total_GB': 94.97, 'free_GB': 90.93, 'used_GB': 4.04, 'allocated_GB': 16.01, 'reserved_GB': 18.15, 'host_total_GB': 1133.56, 'host_available_GB': 746.35, 'host_used_GB': 387.2, 'host_free_GB': 27.01}
[2026-08-15 05:53:50] reloadable_process_group.py:121 - Reloaded default WORLD process group with backend nccl (generation 62)
[2026-08-15 05:53:50] reloadable_process_group.py:331 - Reloading 57 process groups in pid 31657: {'nccl': 50, 'gloo': 7}
[2026-08-15 05:53:51] memory_utils.py:47 - [Rank 1] Memory-Usage before update_weights: {'gpu': '1', 'total_GB': 94.97, 'free_GB': 87.65, 'used_GB': 7.32, 'allocated_GB': 16.01, 'reserved_GB': 18.15, 'host_total_GB': 1133.56, 'host_available_GB': 745.18, 'host_used_GB': 388.38, 'host_free_GB': 25.79}
[2026-08-15 05:53:51] memory_utils.py:47 - [Rank 1] Memory-Usage after update_weights: {'gpu': '1', 'total_GB': 94.97, 'free_GB': 87.67, 'used_GB': 7.3, 'allocated_GB': 16.01, 'reserved_GB': 18.15, 'host_total_GB': 1133.56, 'host_available_GB': 745.24, 'host_used_GB': 388.32, 'host_free_GB': 25.81}
[2026-08-15 05:53:51] reloadable_process_group.py:100 - Destroyed default nccl WORLD process group and initialized a temporary Gloo WORLD (generation 63)
[2026-08-15 05:55:14] memory_utils.py:47 - [Rank 1] Memory-Usage before wake_up model: {'gpu': '1', 'total_GB': 94.97, 'free_GB': 90.93, 'used_GB': 4.04, 'allocated_GB': 16.01, 'reserved_GB': 18.15, 'host_total_GB': 1133.56, 'host_available_GB': 742.31, 'host_used_GB': 391.24, 'host_free_GB': 18.47}
[2026-08-15 05:55:17] reloadable_process_group.py:121 - Reloaded default WORLD process group with backend nccl (generation 64)
[2026-08-15 05:55:17] reloadable_process_group.py:331 - Reloading 57 process groups in pid 31657: {'nccl': 50, 'gloo': 7}
[2026-08-15 05:55:18] memory_utils.py:47 - [Rank 1] Memory-Usage after wake_up model: {'gpu': '1', 'total_GB': 94.97, 'free_GB': 72.79, 'used_GB': 22.18, 'allocated_GB': 16.01, 'reserved_GB': 18.15, 'host_total_GB': 1133.56, 'host_available_GB': 776.09, 'host_used_GB': 357.46, 'host_free_GB': 52.04}
[2026-08-15 05:55:25] memory_utils.py:47 - [Rank 1] Memory-Usage before offload model: {'gpu': '1', 'total_GB': 94.97, 'free_GB': 71.99, 'used_GB': 22.98, 'allocated_GB': 16.01, 'reserved_GB': 18.15, 'host_total_GB': 1133.56, 'host_available_GB': 775.29, 'host_used_GB': 358.27, 'host_free_GB': 50.75}
[2026-08-15 05:55:27] reloadable_process_group.py:100 - Destroyed default nccl WORLD process group and initialized a temporary Gloo WORLD (generation 65)
[2026-08-15 05:55:32] memory_utils.py:47 - [Rank 1] Memory-Usage after offload model: {'gpu': '1', 'total_GB': 94.97, 'free_GB': 90.93, 'used_GB': 4.04, 'allocated_GB': 16.01, 'reserved_GB': 18.15, 'host_total_GB': 1133.56, 'host_available_GB': 741.97, 'host_used_GB': 391.58, 'host_free_GB': 17.16}
[2026-08-15 05:55:33] reloadable_process_group.py:121 - Reloaded default WORLD process group with backend nccl (generation 66)
[2026-08-15 05:55:33] reloadable_process_group.py:331 - Reloading 57 process groups in pid 31657: {'nccl': 50, 'gloo': 7}
[2026-08-15 05:55:33] memory_utils.py:47 - [Rank 1] Memory-Usage before update_weights: {'gpu': '1', 'total_GB': 94.97, 'free_GB': 87.65, 'used_GB': 7.32, 'allocated_GB': 16.01, 'reserved_GB': 18.15, 'host_total_GB': 1133.56, 'host_available_GB': 741.74, 'host_used_GB': 391.82, 'host_free_GB': 16.87}
[2026-08-15 05:55:33] memory_utils.py:47 - [Rank 1] Memory-Usage after update_weights: {'gpu': '1', 'total_GB': 94.97, 'free_GB': 87.67, 'used_GB': 7.3, 'allocated_GB': 16.01, 'reserved_GB': 18.15, 'host_total_GB': 1133.56, 'host_available_GB': 741.27, 'host_used_GB': 392.29, 'host_free_GB': 16.37}
[2026-08-15 05:55:34] reloadable_process_group.py:100 - Destroyed default nccl WORLD process group and initialized a temporary Gloo WORLD (generation 67)
[2026-08-15 05:56:56] memory_utils.py:47 - [Rank 1] Memory-Usage before wake_up model: {'gpu': '1', 'total_GB': 94.97, 'free_GB': 90.93, 'used_GB': 4.04, 'allocated_GB': 16.01, 'reserved_GB': 18.15, 'host_total_GB': 1133.56, 'host_available_GB': 742.31, 'host_used_GB': 391.25, 'host_free_GB': 15.47}
[2026-08-15 05:56:59] reloadable_process_group.py:121 - Reloaded default WORLD process group with backend nccl (generation 68)
[2026-08-15 05:56:59] reloadable_process_group.py:331 - Reloading 57 process groups in pid 31657: {'nccl': 50, 'gloo': 7}
[2026-08-15 05:56:59] memory_utils.py:47 - [Rank 1] Memory-Usage after wake_up model: {'gpu': '1', 'total_GB': 94.97, 'free_GB': 72.79, 'used_GB': 22.18, 'allocated_GB': 16.01, 'reserved_GB': 18.15, 'host_total_GB': 1133.56, 'host_available_GB': 776.2, 'host_used_GB': 357.36, 'host_free_GB': 49.24}
[2026-08-15 05:57:15] memory_utils.py:47 - [Rank 1] Memory-Usage before offload model: {'gpu': '1', 'total_GB': 94.97, 'free_GB': 71.99, 'used_GB': 22.98, 'allocated_GB': 16.01, 'reserved_GB': 18.15, 'host_total_GB': 1133.56, 'host_available_GB': 774.34, 'host_used_GB': 359.22, 'host_free_GB': 47.7}
[2026-08-15 05:57:17] reloadable_process_group.py:100 - Destroyed default nccl WORLD process group and initialized a temporary Gloo WORLD (generation 69)
[2026-08-15 05:57:22] memory_utils.py:47 - [Rank 1] Memory-Usage after offload model: {'gpu': '1', 'total_GB': 94.97, 'free_GB': 90.93, 'used_GB': 4.04, 'allocated_GB': 16.01, 'reserved_GB': 18.15, 'host_total_GB': 1133.56, 'host_available_GB': 743.41, 'host_used_GB': 390.14, 'host_free_GB': 17.42}
[2026-08-15 05:57:23] reloadable_process_group.py:121 - Reloaded default WORLD process group with backend nccl (generation 70)
[2026-08-15 05:57:24] reloadable_process_group.py:331 - Reloading 57 process groups in pid 31657: {'nccl': 50, 'gloo': 7}
[2026-08-15 05:57:24] memory_utils.py:47 - [Rank 1] Memory-Usage before update_weights: {'gpu': '1', 'total_GB': 94.97, 'free_GB': 87.65, 'used_GB': 7.32, 'allocated_GB': 16.01, 'reserved_GB': 18.15, 'host_total_GB': 1133.56, 'host_available_GB': 745.97, 'host_used_GB': 387.59, 'host_free_GB': 18.97}
[2026-08-15 05:57:24] memory_utils.py:47 - [Rank 1] Memory-Usage after update_weights: {'gpu': '1', 'total_GB': 94.97, 'free_GB': 87.67, 'used_GB': 7.3, 'allocated_GB': 16.01, 'reserved_GB': 18.15, 'host_total_GB': 1133.56, 'host_available_GB': 745.96, 'host_used_GB': 387.6, 'host_free_GB': 18.95}
[2026-08-15 05:57:24] reloadable_process_group.py:100 - Destroyed default nccl WORLD process group and initialized a temporary Gloo WORLD (generation 71)
[2026-08-15 05:58:45] memory_utils.py:47 - [Rank 1] Memory-Usage before wake_up model: {'gpu': '1', 'total_GB': 94.97, 'free_GB': 90.93, 'used_GB': 4.04, 'allocated_GB': 16.01, 'reserved_GB': 18.15, 'host_total_GB': 1133.56, 'host_available_GB': 745.61, 'host_used_GB': 387.95, 'host_free_GB': 17.19}
[2026-08-15 05:58:48] reloadable_process_group.py:121 - Reloaded default WORLD process group with backend nccl (generation 72)
[2026-08-15 05:58:48] reloadable_process_group.py:331 - Reloading 57 process groups in pid 31657: {'nccl': 50, 'gloo': 7}
[2026-08-15 05:58:49] memory_utils.py:47 - [Rank 1] Memory-Usage after wake_up model: {'gpu': '1', 'total_GB': 94.97, 'free_GB': 72.79, 'used_GB': 22.18, 'allocated_GB': 16.01, 'reserved_GB': 18.15, 'host_total_GB': 1133.56, 'host_available_GB': 779.56, 'host_used_GB': 353.99, 'host_free_GB': 50.96}
[2026-08-15 05:58:57] memory_utils.py:47 - [Rank 1] Memory-Usage before offload model: {'gpu': '1', 'total_GB': 94.97, 'free_GB': 71.99, 'used_GB': 22.98, 'allocated_GB': 16.01, 'reserved_GB': 18.15, 'host_total_GB': 1133.56, 'host_available_GB': 778.98, 'host_used_GB': 354.57, 'host_free_GB': 50.13}
[2026-08-15 05:58:59] reloadable_process_group.py:100 - Destroyed default nccl WORLD process group and initialized a temporary Gloo WORLD (generation 73)
[2026-08-15 05:59:04] memory_utils.py:47 - [Rank 1] Memory-Usage after offload model: {'gpu': '1', 'total_GB': 94.97, 'free_GB': 90.93, 'used_GB': 4.04, 'allocated_GB': 16.01, 'reserved_GB': 18.15, 'host_total_GB': 1133.56, 'host_available_GB': 745.4, 'host_used_GB': 388.16, 'host_free_GB': 18.36}
[2026-08-15 05:59:07] reloadable_process_group.py:121 - Reloaded default WORLD process group with backend nccl (generation 74)
[2026-08-15 05:59:07] reloadable_process_group.py:331 - Reloading 57 process groups in pid 31657: {'nccl': 50, 'gloo': 7}
[2026-08-15 05:59:08] memory_utils.py:47 - [Rank 1] Memory-Usage before update_weights: {'gpu': '1', 'total_GB': 94.97, 'free_GB': 87.65, 'used_GB': 7.32, 'allocated_GB': 16.01, 'reserved_GB': 18.15, 'host_total_GB': 1133.56, 'host_available_GB': 744.56, 'host_used_GB': 389.0, 'host_free_GB': 18.15}
[2026-08-15 05:59:08] memory_utils.py:47 - [Rank 1] Memory-Usage after update_weights: {'gpu': '1', 'total_GB': 94.97, 'free_GB': 87.67, 'used_GB': 7.3, 'allocated_GB': 16.01, 'reserved_GB': 18.15, 'host_total_GB': 1133.56, 'host_available_GB': 744.48, 'host_used_GB': 389.08, 'host_free_GB': 18.09}
[2026-08-15 05:59:08] reloadable_process_group.py:100 - Destroyed default nccl WORLD process group and initialized a temporary Gloo WORLD (generation 75)
[2026-08-15 06:00:31] memory_utils.py:47 - [Rank 1] Memory-Usage before wake_up model: {'gpu': '1', 'total_GB': 94.97, 'free_GB': 90.93, 'used_GB': 4.04, 'allocated_GB': 16.01, 'reserved_GB': 18.15, 'host_total_GB': 1133.56, 'host_available_GB': 741.24, 'host_used_GB': 392.32, 'host_free_GB': 15.81}
[2026-08-15 06:00:34] reloadable_process_group.py:121 - Reloaded default WORLD process group with backend nccl (generation 76)
[2026-08-15 06:00:34] reloadable_process_group.py:331 - Reloading 57 process groups in pid 31657: {'nccl': 50, 'gloo': 7}
[2026-08-15 06:00:34] memory_utils.py:47 - [Rank 1] Memory-Usage after wake_up model: {'gpu': '1', 'total_GB': 94.97, 'free_GB': 72.79, 'used_GB': 22.18, 'allocated_GB': 16.01, 'reserved_GB': 18.15, 'host_total_GB': 1133.56, 'host_available_GB': 774.67, 'host_used_GB': 358.89, 'host_free_GB': 49.34}
[2026-08-15 06:00:43] memory_utils.py:47 - [Rank 1] Memory-Usage before offload model: {'gpu': '1', 'total_GB': 94.97, 'free_GB': 71.99, 'used_GB': 22.98, 'allocated_GB': 16.01, 'reserved_GB': 18.15, 'host_total_GB': 1133.56, 'host_available_GB': 772.96, 'host_used_GB': 360.6, 'host_free_GB': 47.94}
[2026-08-15 06:00:44] reloadable_process_group.py:100 - Destroyed default nccl WORLD process group and initialized a temporary Gloo WORLD (generation 77)
[2026-08-15 06:00:50] memory_utils.py:47 - [Rank 1] Memory-Usage after offload model: {'gpu': '1', 'total_GB': 94.97, 'free_GB': 90.93, 'used_GB': 4.04, 'allocated_GB': 16.01, 'reserved_GB': 18.15, 'host_total_GB': 1133.56, 'host_available_GB': 739.75, 'host_used_GB': 393.8, 'host_free_GB': 15.33}
[2026-08-15 06:00:51] reloadable_process_group.py:121 - Reloaded default WORLD process group with backend nccl (generation 78)
[2026-08-15 06:00:51] reloadable_process_group.py:331 - Reloading 57 process groups in pid 31657: {'nccl': 50, 'gloo': 7}
[2026-08-15 06:00:51] memory_utils.py:47 - [Rank 1] Memory-Usage before update_weights: {'gpu': '1', 'total_GB': 94.97, 'free_GB': 87.65, 'used_GB': 7.32, 'allocated_GB': 16.01, 'reserved_GB': 18.15, 'host_total_GB': 1133.56, 'host_available_GB': 735.99, 'host_used_GB': 397.57, 'host_free_GB': 19.0}
[2026-08-15 06:00:51] memory_utils.py:47 - [Rank 1] Memory-Usage after update_weights: {'gpu': '1', 'total_GB': 94.97, 'free_GB': 87.67, 'used_GB': 7.3, 'allocated_GB': 16.01, 'reserved_GB': 18.15, 'host_total_GB': 1133.56, 'host_available_GB': 739.5, 'host_used_GB': 394.06, 'host_free_GB': 19.47}
[2026-08-15 06:00:51] reloadable_process_group.py:100 - Destroyed default nccl WORLD process group and initialized a temporary Gloo WORLD (generation 79)
[2026-08-15 06:02:14] memory_utils.py:47 - [Rank 1] Memory-Usage before wake_up model: {'gpu': '1', 'total_GB': 94.97, 'free_GB': 90.93, 'used_GB': 4.04, 'allocated_GB': 16.01, 'reserved_GB': 18.15, 'host_total_GB': 1133.56, 'host_available_GB': 738.4, 'host_used_GB': 395.16, 'host_free_GB': 16.15}
[2026-08-15 06:02:18] reloadable_process_group.py:121 - Reloaded default WORLD process group with backend nccl (generation 80)
[2026-08-15 06:02:18] reloadable_process_group.py:331 - Reloading 57 process groups in pid 31657: {'nccl': 50, 'gloo': 7}
[2026-08-15 06:02:18] memory_utils.py:47 - [Rank 1] Memory-Usage after wake_up model: {'gpu': '1', 'total_GB': 94.97, 'free_GB': 72.79, 'used_GB': 22.18, 'allocated_GB': 16.01, 'reserved_GB': 18.15, 'host_total_GB': 1133.56, 'host_available_GB': 772.24, 'host_used_GB': 361.32, 'host_free_GB': 49.54}
[2026-08-15 06:02:27] memory_utils.py:47 - [Rank 1] Memory-Usage before offload model: {'gpu': '1', 'total_GB': 94.97, 'free_GB': 71.99, 'used_GB': 22.98, 'allocated_GB': 16.01, 'reserved_GB': 18.15, 'host_total_GB': 1133.56, 'host_available_GB': 772.0, 'host_used_GB': 361.56, 'host_free_GB': 47.53}
[2026-08-15 06:02:29] reloadable_process_group.py:100 - Destroyed default nccl WORLD process group and initialized a temporary Gloo WORLD (generation 81)
[2026-08-15 06:02:34] memory_utils.py:47 - [Rank 1] Memory-Usage after offload model: {'gpu': '1', 'total_GB': 94.97, 'free_GB': 90.93, 'used_GB': 4.04, 'allocated_GB': 16.01, 'reserved_GB': 18.15, 'host_total_GB': 1133.56, 'host_available_GB': 739.29, 'host_used_GB': 394.27, 'host_free_GB': 15.37}
[2026-08-15 06:02:35] reloadable_process_group.py:121 - Reloaded default WORLD process group with backend nccl (generation 82)
[2026-08-15 06:02:35] reloadable_process_group.py:331 - Reloading 57 process groups in pid 31657: {'nccl': 50, 'gloo': 7}
[2026-08-15 06:02:35] memory_utils.py:47 - [Rank 1] Memory-Usage before update_weights: {'gpu': '1', 'total_GB': 94.97, 'free_GB': 87.65, 'used_GB': 7.32, 'allocated_GB': 16.01, 'reserved_GB': 18.15, 'host_total_GB': 1133.56, 'host_available_GB': 735.15, 'host_used_GB': 398.4, 'host_free_GB': 18.79}
[2026-08-15 06:02:35] memory_utils.py:47 - [Rank 1] Memory-Usage after update_weights: {'gpu': '1', 'total_GB': 94.97, 'free_GB': 87.67, 'used_GB': 7.3, 'allocated_GB': 16.01, 'reserved_GB': 18.15, 'host_total_GB': 1133.56, 'host_available_GB': 735.18, 'host_used_GB': 398.38, 'host_free_GB': 19.37}
[2026-08-15 06:02:36] reloadable_process_group.py:100 - Destroyed default nccl WORLD process group and initialized a temporary Gloo WORLD (generation 83)
[2026-08-15 06:03:55] memory_utils.py:47 - [Rank 1] Memory-Usage before wake_up model: {'gpu': '1', 'total_GB': 94.97, 'free_GB': 90.93, 'used_GB': 4.04, 'allocated_GB': 16.01, 'reserved_GB': 18.15, 'host_total_GB': 1133.56, 'host_available_GB': 741.92, 'host_used_GB': 391.64, 'host_free_GB': 14.59}
[2026-08-15 06:03:58] reloadable_process_group.py:121 - Reloaded default WORLD process group with backend nccl (generation 84)
[2026-08-15 06:03:58] reloadable_process_group.py:331 - Reloading 57 process groups in pid 31657: {'nccl': 50, 'gloo': 7}
[2026-08-15 06:03:59] memory_utils.py:47 - [Rank 1] Memory-Usage after wake_up model: {'gpu': '1', 'total_GB': 94.97, 'free_GB': 72.79, 'used_GB': 22.18, 'allocated_GB': 16.01, 'reserved_GB': 18.15, 'host_total_GB': 1133.56, 'host_available_GB': 775.67, 'host_used_GB': 357.89, 'host_free_GB': 48.13}
[2026-08-15 06:04:18] memory_utils.py:47 - [Rank 1] Memory-Usage before offload model: {'gpu': '1', 'total_GB': 94.97, 'free_GB': 71.99, 'used_GB': 22.98, 'allocated_GB': 16.01, 'reserved_GB': 18.15, 'host_total_GB': 1133.56, 'host_available_GB': 774.49, 'host_used_GB': 359.07, 'host_free_GB': 45.69}
[2026-08-15 06:04:20] reloadable_process_group.py:100 - Destroyed default nccl WORLD process group and initialized a temporary Gloo WORLD (generation 85)
[2026-08-15 06:04:31] memory_utils.py:47 - [Rank 1] Memory-Usage after offload model: {'gpu': '1', 'total_GB': 94.97, 'free_GB': 90.93, 'used_GB': 4.04, 'allocated_GB': 16.01, 'reserved_GB': 18.15, 'host_total_GB': 1133.56, 'host_available_GB': 743.66, 'host_used_GB': 389.9, 'host_free_GB': 15.72}
[2026-08-15 06:04:32] reloadable_process_group.py:121 - Reloaded default WORLD process group with backend nccl (generation 86)
[2026-08-15 06:04:32] reloadable_process_group.py:331 - Reloading 57 process groups in pid 31657: {'nccl': 50, 'gloo': 7}
[2026-08-15 06:04:32] memory_utils.py:47 - [Rank 1] Memory-Usage before update_weights: {'gpu': '1', 'total_GB': 94.97, 'free_GB': 87.65, 'used_GB': 7.32, 'allocated_GB': 16.01, 'reserved_GB': 18.15, 'host_total_GB': 1133.56, 'host_available_GB': 742.51, 'host_used_GB': 391.04, 'host_free_GB': 15.78}
[2026-08-15 06:04:32] memory_utils.py:47 - [Rank 1] Memory-Usage after update_weights: {'gpu': '1', 'total_GB': 94.97, 'free_GB': 87.67, 'used_GB': 7.3, 'allocated_GB': 16.01, 'reserved_GB': 18.15, 'host_total_GB': 1133.56, 'host_available_GB': 742.47, 'host_used_GB': 391.08, 'host_free_GB': 15.73}
[2026-08-15 06:04:32] reloadable_process_group.py:100 - Destroyed default nccl WORLD process group and initialized a temporary Gloo WORLD (generation 87)
[2026-08-15 06:05:52] memory_utils.py:47 - [Rank 1] Memory-Usage before wake_up model: {'gpu': '1', 'total_GB': 94.97, 'free_GB': 90.93, 'used_GB': 4.04, 'allocated_GB': 16.01, 'reserved_GB': 18.15, 'host_total_GB': 1133.56, 'host_available_GB': 744.63, 'host_used_GB': 388.93, 'host_free_GB': 14.01}
[2026-08-15 06:05:55] reloadable_process_group.py:121 - Reloaded default WORLD process group with backend nccl (generation 88)
[2026-08-15 06:05:55] reloadable_process_group.py:331 - Reloading 57 process groups in pid 31657: {'nccl': 50, 'gloo': 7}
[2026-08-15 06:05:55] memory_utils.py:47 - [Rank 1] Memory-Usage after wake_up model: {'gpu': '1', 'total_GB': 94.97, 'free_GB': 72.79, 'used_GB': 22.18, 'allocated_GB': 16.01, 'reserved_GB': 18.15, 'host_total_GB': 1133.56, 'host_available_GB': 778.58, 'host_used_GB': 354.98, 'host_free_GB': 47.86}
[2026-08-15 06:06:02] memory_utils.py:47 - [Rank 1] Memory-Usage before offload model: {'gpu': '1', 'total_GB': 94.97, 'free_GB': 71.99, 'used_GB': 22.98, 'allocated_GB': 16.01, 'reserved_GB': 18.15, 'host_total_GB': 1133.56, 'host_available_GB': 776.87, 'host_used_GB': 356.68, 'host_free_GB': 46.89}
[2026-08-15 06:06:04] reloadable_process_group.py:100 - Destroyed default nccl WORLD process group and initialized a temporary Gloo WORLD (generation 89)
[2026-08-15 06:06:10] memory_utils.py:47 - [Rank 1] Memory-Usage after offload model: {'gpu': '1', 'total_GB': 94.97, 'free_GB': 90.93, 'used_GB': 4.04, 'allocated_GB': 16.01, 'reserved_GB': 18.15, 'host_total_GB': 1133.56, 'host_available_GB': 746.18, 'host_used_GB': 387.38, 'host_free_GB': 15.78}
[2026-08-15 06:06:13] reloadable_process_group.py:121 - Reloaded default WORLD process group with backend nccl (generation 90)
[2026-08-15 06:06:13] reloadable_process_group.py:331 - Reloading 57 process groups in pid 31657: {'nccl': 50, 'gloo': 7}
[2026-08-15 06:06:13] memory_utils.py:47 - [Rank 1] Memory-Usage before update_weights: {'gpu': '1', 'total_GB': 94.97, 'free_GB': 87.65, 'used_GB': 7.32, 'allocated_GB': 16.01, 'reserved_GB': 18.15, 'host_total_GB': 1133.56, 'host_available_GB': 745.13, 'host_used_GB': 388.43, 'host_free_GB': 15.42}
[2026-08-15 06:06:14] memory_utils.py:47 - [Rank 1] Memory-Usage after update_weights: {'gpu': '1', 'total_GB': 94.97, 'free_GB': 87.67, 'used_GB': 7.3, 'allocated_GB': 16.01, 'reserved_GB': 18.15, 'host_total_GB': 1133.56, 'host_available_GB': 745.12, 'host_used_GB': 388.43, 'host_free_GB': 15.41}
[2026-08-15 06:06:14] reloadable_process_group.py:100 - Destroyed default nccl WORLD process group and initialized a temporary Gloo WORLD (generation 91)
[2026-08-15 06:07:33] memory_utils.py:47 - [Rank 1] Memory-Usage before wake_up model: {'gpu': '1', 'total_GB': 94.97, 'free_GB': 90.93, 'used_GB': 4.04, 'allocated_GB': 16.01, 'reserved_GB': 18.15, 'host_total_GB': 1133.56, 'host_available_GB': 745.77, 'host_used_GB': 387.79, 'host_free_GB': 15.98}
[2026-08-15 06:07:36] reloadable_process_group.py:121 - Reloaded default WORLD process group with backend nccl (generation 92)
[2026-08-15 06:07:36] reloadable_process_group.py:331 - Reloading 57 process groups in pid 31657: {'nccl': 50, 'gloo': 7}
[2026-08-15 06:07:37] memory_utils.py:47 - [Rank 1] Memory-Usage after wake_up model: {'gpu': '1', 'total_GB': 94.97, 'free_GB': 72.79, 'used_GB': 22.18, 'allocated_GB': 16.01, 'reserved_GB': 18.15, 'host_total_GB': 1133.56, 'host_available_GB': 779.67, 'host_used_GB': 353.88, 'host_free_GB': 49.89}
[2026-08-15 06:07:44] memory_utils.py:47 - [Rank 1] Memory-Usage before offload model: {'gpu': '1', 'total_GB': 94.97, 'free_GB': 71.99, 'used_GB': 22.98, 'allocated_GB': 16.01, 'reserved_GB': 18.15, 'host_total_GB': 1133.56, 'host_available_GB': 779.17, 'host_used_GB': 354.39, 'host_free_GB': 49.39}
[2026-08-15 06:07:45] reloadable_process_group.py:100 - Destroyed default nccl WORLD process group and initialized a temporary Gloo WORLD (generation 93)
[2026-08-15 06:07:50] memory_utils.py:47 - [Rank 1] Memory-Usage after offload model: {'gpu': '1', 'total_GB': 94.97, 'free_GB': 90.93, 'used_GB': 4.04, 'allocated_GB': 16.01, 'reserved_GB': 18.15, 'host_total_GB': 1133.56, 'host_available_GB': 746.84, 'host_used_GB': 386.72, 'host_free_GB': 17.05}
[2026-08-15 06:07:51] reloadable_process_group.py:121 - Reloaded default WORLD process group with backend nccl (generation 94)
[2026-08-15 06:07:51] reloadable_process_group.py:331 - Reloading 57 process groups in pid 31657: {'nccl': 50, 'gloo': 7}
[2026-08-15 06:07:51] memory_utils.py:47 - [Rank 1] Memory-Usage before update_weights: {'gpu': '1', 'total_GB': 94.97, 'free_GB': 87.65, 'used_GB': 7.32, 'allocated_GB': 16.01, 'reserved_GB': 18.15, 'host_total_GB': 1133.56, 'host_available_GB': 745.84, 'host_used_GB': 387.72, 'host_free_GB': 16.05}
[2026-08-15 06:07:52] memory_utils.py:47 - [Rank 1] Memory-Usage after update_weights: {'gpu': '1', 'total_GB': 94.97, 'free_GB': 87.67, 'used_GB': 7.3, 'allocated_GB': 16.01, 'reserved_GB': 18.15, 'host_total_GB': 1133.56, 'host_available_GB': 745.83, 'host_used_GB': 387.73, 'host_free_GB': 16.04}
[2026-08-15 06:07:52] reloadable_process_group.py:100 - Destroyed default nccl WORLD process group and initialized a temporary Gloo WORLD (generation 95)
[2026-08-15 06:09:09] memory_utils.py:47 - [Rank 1] Memory-Usage before wake_up model: {'gpu': '1', 'total_GB': 94.97, 'free_GB': 90.93, 'used_GB': 4.04, 'allocated_GB': 16.01, 'reserved_GB': 18.15, 'host_total_GB': 1133.56, 'host_available_GB': 745.64, 'host_used_GB': 387.92, 'host_free_GB': 15.92}
[2026-08-15 06:09:13] reloadable_process_group.py:121 - Reloaded default WORLD process group with backend nccl (generation 96)
[2026-08-15 06:09:13] reloadable_process_group.py:331 - Reloading 57 process groups in pid 31657: {'nccl': 50, 'gloo': 7}
[2026-08-15 06:09:13] memory_utils.py:47 - [Rank 1] Memory-Usage after wake_up model: {'gpu': '1', 'total_GB': 94.97, 'free_GB': 72.79, 'used_GB': 22.18, 'allocated_GB': 16.01, 'reserved_GB': 18.15, 'host_total_GB': 1133.56, 'host_available_GB': 779.55, 'host_used_GB': 354.0, 'host_free_GB': 49.84}
[2026-08-15 06:09:20] memory_utils.py:47 - [Rank 1] Memory-Usage before offload model: {'gpu': '1', 'total_GB': 94.97, 'free_GB': 71.99, 'used_GB': 22.98, 'allocated_GB': 16.01, 'reserved_GB': 18.15, 'host_total_GB': 1133.56, 'host_available_GB': 779.04, 'host_used_GB': 354.52, 'host_free_GB': 49.32}
[2026-08-15 06:09:21] reloadable_process_group.py:100 - Destroyed default nccl WORLD process group and initialized a temporary Gloo WORLD (generation 97)
[2026-08-15 06:09:26] memory_utils.py:47 - [Rank 1] Memory-Usage after offload model: {'gpu': '1', 'total_GB': 94.97, 'free_GB': 90.93, 'used_GB': 4.04, 'allocated_GB': 16.01, 'reserved_GB': 18.15, 'host_total_GB': 1133.56, 'host_available_GB': 746.55, 'host_used_GB': 387.01, 'host_free_GB': 16.83}
[2026-08-15 06:09:27] reloadable_process_group.py:121 - Reloaded default WORLD process group with backend nccl (generation 98)
[2026-08-15 06:09:27] reloadable_process_group.py:331 - Reloading 57 process groups in pid 31657: {'nccl': 50, 'gloo': 7}
[2026-08-15 06:09:27] memory_utils.py:47 - [Rank 1] Memory-Usage before update_weights: {'gpu': '1', 'total_GB': 94.97, 'free_GB': 87.65, 'used_GB': 7.32, 'allocated_GB': 16.01, 'reserved_GB': 18.15, 'host_total_GB': 1133.56, 'host_available_GB': 745.52, 'host_used_GB': 388.04, 'host_free_GB': 15.8}
[2026-08-15 06:09:28] memory_utils.py:47 - [Rank 1] Memory-Usage after update_weights: {'gpu': '1', 'total_GB': 94.97, 'free_GB': 87.67, 'used_GB': 7.3, 'allocated_GB': 16.01, 'reserved_GB': 18.15, 'host_total_GB': 1133.56, 'host_available_GB': 745.54, 'host_used_GB': 388.01, 'host_free_GB': 15.82}
[2026-08-15 06:09:28] reloadable_process_group.py:100 - Destroyed default nccl WORLD process group and initialized a temporary Gloo WORLD (generation 99)
[2026-08-15 06:10:47] memory_utils.py:47 - [Rank 1] Memory-Usage before wake_up model: {'gpu': '1', 'total_GB': 94.97, 'free_GB': 90.93, 'used_GB': 4.04, 'allocated_GB': 16.01, 'reserved_GB': 18.15, 'host_total_GB': 1133.56, 'host_available_GB': 745.5, 'host_used_GB': 388.06, 'host_free_GB': 15.88}
[2026-08-15 06:10:50] reloadable_process_group.py:121 - Reloaded default WORLD process group with backend nccl (generation 100)
[2026-08-15 06:10:50] reloadable_process_group.py:331 - Reloading 57 process groups in pid 31657: {'nccl': 50, 'gloo': 7}
[2026-08-15 06:10:50] memory_utils.py:47 - [Rank 1] Memory-Usage after wake_up model: {'gpu': '1', 'total_GB': 94.97, 'free_GB': 72.79, 'used_GB': 22.18, 'allocated_GB': 16.01, 'reserved_GB': 18.15, 'host_total_GB': 1133.56, 'host_available_GB': 779.39, 'host_used_GB': 354.17, 'host_free_GB': 49.77}
[2026-08-15 06:11:03] memory_utils.py:47 - [Rank 1] Memory-Usage before offload model: {'gpu': '1', 'total_GB': 94.97, 'free_GB': 71.99, 'used_GB': 22.98, 'allocated_GB': 16.01, 'reserved_GB': 18.15, 'host_total_GB': 1133.56, 'host_available_GB': 778.77, 'host_used_GB': 354.78, 'host_free_GB': 49.16}
[2026-08-15 06:11:04] reloadable_process_group.py:100 - Destroyed default nccl WORLD process group and initialized a temporary Gloo WORLD (generation 101)
[2026-08-15 06:11:10] memory_utils.py:47 - [Rank 1] Memory-Usage after offload model: {'gpu': '1', 'total_GB': 94.97, 'free_GB': 90.93, 'used_GB': 4.04, 'allocated_GB': 16.01, 'reserved_GB': 18.15, 'host_total_GB': 1133.56, 'host_available_GB': 746.45, 'host_used_GB': 387.11, 'host_free_GB': 16.83}
[2026-08-15 06:11:10] reloadable_process_group.py:121 - Reloaded default WORLD process group with backend nccl (generation 102)
[2026-08-15 06:11:10] reloadable_process_group.py:331 - Reloading 57 process groups in pid 31657: {'nccl': 50, 'gloo': 7}
[2026-08-15 06:11:10] memory_utils.py:47 - [Rank 1] Memory-Usage before update_weights: {'gpu': '1', 'total_GB': 94.97, 'free_GB': 87.65, 'used_GB': 7.32, 'allocated_GB': 16.01, 'reserved_GB': 18.15, 'host_total_GB': 1133.56, 'host_available_GB': 745.39, 'host_used_GB': 388.16, 'host_free_GB': 15.77}
[2026-08-15 06:11:11] memory_utils.py:47 - [Rank 1] Memory-Usage after update_weights: {'gpu': '1', 'total_GB': 94.97, 'free_GB': 87.67, 'used_GB': 7.3, 'allocated_GB': 16.01, 'reserved_GB': 18.15, 'host_total_GB': 1133.56, 'host_available_GB': 745.42, 'host_used_GB': 388.14, 'host_free_GB': 15.8}
[2026-08-15 06:11:11] reloadable_process_group.py:100 - Destroyed default nccl WORLD process group and initialized a temporary Gloo WORLD (generation 103)
[2026-08-15 06:12:31] memory_utils.py:47 - [Rank 1] Memory-Usage before wake_up model: {'gpu': '1', 'total_GB': 94.97, 'free_GB': 90.93, 'used_GB': 4.04, 'allocated_GB': 16.01, 'reserved_GB': 18.15, 'host_total_GB': 1133.56, 'host_available_GB': 745.54, 'host_used_GB': 388.02, 'host_free_GB': 15.91}
[2026-08-15 06:12:34] reloadable_process_group.py:121 - Reloaded default WORLD process group with backend nccl (generation 104)
[2026-08-15 06:12:34] reloadable_process_group.py:331 - Reloading 57 process groups in pid 31657: {'nccl': 50, 'gloo': 7}
[2026-08-15 06:12:34] memory_utils.py:47 - [Rank 1] Memory-Usage after wake_up model: {'gpu': '1', 'total_GB': 94.97, 'free_GB': 72.79, 'used_GB': 22.18, 'allocated_GB': 16.01, 'reserved_GB': 18.15, 'host_total_GB': 1133.56, 'host_available_GB': 779.47, 'host_used_GB': 354.09, 'host_free_GB': 49.84}
[2026-08-15 06:12:42] memory_utils.py:47 - [Rank 1] Memory-Usage before offload model: {'gpu': '1', 'total_GB': 94.97, 'free_GB': 71.99, 'used_GB': 22.98, 'allocated_GB': 16.01, 'reserved_GB': 18.15, 'host_total_GB': 1133.56, 'host_available_GB': 778.97, 'host_used_GB': 354.58, 'host_free_GB': 49.34}
[2026-08-15 06:12:43] reloadable_process_group.py:100 - Destroyed default nccl WORLD process group and initialized a temporary Gloo WORLD (generation 105)
[2026-08-15 06:12:48] memory_utils.py:47 - [Rank 1] Memory-Usage after offload model: {'gpu': '1', 'total_GB': 94.97, 'free_GB': 90.93, 'used_GB': 4.04, 'allocated_GB': 16.01, 'reserved_GB': 18.15, 'host_total_GB': 1133.56, 'host_available_GB': 746.48, 'host_used_GB': 387.08, 'host_free_GB': 16.84}
[2026-08-15 06:12:49] reloadable_process_group.py:121 - Reloaded default WORLD process group with backend nccl (generation 106)
[2026-08-15 06:12:49] reloadable_process_group.py:331 - Reloading 57 process groups in pid 31657: {'nccl': 50, 'gloo': 7}
[2026-08-15 06:12:49] memory_utils.py:47 - [Rank 1] Memory-Usage before update_weights: {'gpu': '1', 'total_GB': 94.97, 'free_GB': 87.65, 'used_GB': 7.32, 'allocated_GB': 16.01, 'reserved_GB': 18.15, 'host_total_GB': 1133.56, 'host_available_GB': 745.5, 'host_used_GB': 388.05, 'host_free_GB': 15.87}
[2026-08-15 06:12:50] memory_utils.py:47 - [Rank 1] Memory-Usage after update_weights: {'gpu': '1', 'total_GB': 94.97, 'free_GB': 87.67, 'used_GB': 7.3, 'allocated_GB': 16.01, 'reserved_GB': 18.15, 'host_total_GB': 1133.56, 'host_available_GB': 745.51, 'host_used_GB': 388.05, 'host_free_GB': 15.87}
[2026-08-15 06:12:50] reloadable_process_group.py:100 - Destroyed default nccl WORLD process group and initialized a temporary Gloo WORLD (generation 107)
[2026-08-15 06:14:10] memory_utils.py:47 - [Rank 1] Memory-Usage before wake_up model: {'gpu': '1', 'total_GB': 94.97, 'free_GB': 90.93, 'used_GB': 4.04, 'allocated_GB': 16.01, 'reserved_GB': 18.15, 'host_total_GB': 1133.56, 'host_available_GB': 745.51, 'host_used_GB': 388.05, 'host_free_GB': 15.87}
[2026-08-15 06:14:13] reloadable_process_group.py:121 - Reloaded default WORLD process group with backend nccl (generation 108)
[2026-08-15 06:14:13] reloadable_process_group.py:331 - Reloading 57 process groups in pid 31657: {'nccl': 50, 'gloo': 7}
[2026-08-15 06:14:13] memory_utils.py:47 - [Rank 1] Memory-Usage after wake_up model: {'gpu': '1', 'total_GB': 94.97, 'free_GB': 72.79, 'used_GB': 22.18, 'allocated_GB': 16.01, 'reserved_GB': 18.15, 'host_total_GB': 1133.56, 'host_available_GB': 779.46, 'host_used_GB': 354.1, 'host_free_GB': 49.81}
[2026-08-15 06:14:21] memory_utils.py:47 - [Rank 1] Memory-Usage before offload model: {'gpu': '1', 'total_GB': 94.97, 'free_GB': 71.99, 'used_GB': 22.98, 'allocated_GB': 16.01, 'reserved_GB': 18.15, 'host_total_GB': 1133.56, 'host_available_GB': 778.97, 'host_used_GB': 354.59, 'host_free_GB': 49.32}
[2026-08-15 06:14:23] reloadable_process_group.py:100 - Destroyed default nccl WORLD process group and initialized a temporary Gloo WORLD (generation 109)
[2026-08-15 06:14:28] memory_utils.py:47 - [Rank 1] Memory-Usage after offload model: {'gpu': '1', 'total_GB': 94.97, 'free_GB': 90.93, 'used_GB': 4.04, 'allocated_GB': 16.01, 'reserved_GB': 18.15, 'host_total_GB': 1133.56, 'host_available_GB': 746.54, 'host_used_GB': 387.01, 'host_free_GB': 16.9}
[2026-08-15 06:14:29] reloadable_process_group.py:121 - Reloaded default WORLD process group with backend nccl (generation 110)
[2026-08-15 06:14:29] reloadable_process_group.py:331 - Reloading 57 process groups in pid 31657: {'nccl': 50, 'gloo': 7}
[2026-08-15 06:14:29] memory_utils.py:47 - [Rank 1] Memory-Usage before update_weights: {'gpu': '1', 'total_GB': 94.97, 'free_GB': 87.65, 'used_GB': 7.32, 'allocated_GB': 16.01, 'reserved_GB': 18.15, 'host_total_GB': 1133.56, 'host_available_GB': 745.52, 'host_used_GB': 388.04, 'host_free_GB': 15.87}
[2026-08-15 06:14:29] memory_utils.py:47 - [Rank 1] Memory-Usage after update_weights: {'gpu': '1', 'total_GB': 94.97, 'free_GB': 87.67, 'used_GB': 7.3, 'allocated_GB': 16.01, 'reserved_GB': 18.15, 'host_total_GB': 1133.56, 'host_available_GB': 745.53, 'host_used_GB': 388.03, 'host_free_GB': 15.88}
[2026-08-15 06:14:29] reloadable_process_group.py:100 - Destroyed default nccl WORLD process group and initialized a temporary Gloo WORLD (generation 111)
[2026-08-15 06:15:50] memory_utils.py:47 - [Rank 1] Memory-Usage before wake_up model: {'gpu': '1', 'total_GB': 94.97, 'free_GB': 90.93, 'used_GB': 4.04, 'allocated_GB': 16.01, 'reserved_GB': 18.15, 'host_total_GB': 1133.56, 'host_available_GB': 745.53, 'host_used_GB': 388.03, 'host_free_GB': 15.88}
[2026-08-15 06:15:53] reloadable_process_group.py:121 - Reloaded default WORLD process group with backend nccl (generation 112)
[2026-08-15 06:15:53] reloadable_process_group.py:331 - Reloading 57 process groups in pid 31657: {'nccl': 50, 'gloo': 7}
[2026-08-15 06:15:53] memory_utils.py:47 - [Rank 1] Memory-Usage after wake_up model: {'gpu': '1', 'total_GB': 94.97, 'free_GB': 72.79, 'used_GB': 22.18, 'allocated_GB': 16.01, 'reserved_GB': 18.15, 'host_total_GB': 1133.56, 'host_available_GB': 779.46, 'host_used_GB': 354.09, 'host_free_GB': 49.82}
[2026-08-15 06:16:01] memory_utils.py:47 - [Rank 1] Memory-Usage before offload model: {'gpu': '1', 'total_GB': 94.97, 'free_GB': 71.99, 'used_GB': 22.98, 'allocated_GB': 16.01, 'reserved_GB': 18.15, 'host_total_GB': 1133.56, 'host_available_GB': 777.67, 'host_used_GB': 355.89, 'host_free_GB': 48.84}
[2026-08-15 06:16:02] reloadable_process_group.py:100 - Destroyed default nccl WORLD process group and initialized a temporary Gloo WORLD (generation 113)
[2026-08-15 06:16:08] memory_utils.py:47 - [Rank 1] Memory-Usage after offload model: {'gpu': '1', 'total_GB': 94.97, 'free_GB': 90.93, 'used_GB': 4.04, 'allocated_GB': 16.01, 'reserved_GB': 18.15, 'host_total_GB': 1133.56, 'host_available_GB': 746.53, 'host_used_GB': 387.02, 'host_free_GB': 14.53}
[2026-08-15 06:16:09] reloadable_process_group.py:121 - Reloaded default WORLD process group with backend nccl (generation 114)
[2026-08-15 06:16:09] reloadable_process_group.py:331 - Reloading 57 process groups in pid 31657: {'nccl': 50, 'gloo': 7}
[2026-08-15 06:16:09] memory_utils.py:47 - [Rank 1] Memory-Usage before update_weights: {'gpu': '1', 'total_GB': 94.97, 'free_GB': 87.65, 'used_GB': 7.32, 'allocated_GB': 16.01, 'reserved_GB': 18.15, 'host_total_GB': 1133.56, 'host_available_GB': 744.26, 'host_used_GB': 389.29, 'host_free_GB': 15.08}
[2026-08-15 06:16:10] memory_utils.py:47 - [Rank 1] Memory-Usage after update_weights: {'gpu': '1', 'total_GB': 94.97, 'free_GB': 87.67, 'used_GB': 7.3, 'allocated_GB': 16.01, 'reserved_GB': 18.15, 'host_total_GB': 1133.56, 'host_available_GB': 742.63, 'host_used_GB': 390.93, 'host_free_GB': 15.28}
[2026-08-15 06:16:10] reloadable_process_group.py:100 - Destroyed default nccl WORLD process group and initialized a temporary Gloo WORLD (generation 115)
[2026-08-15 06:17:29] memory_utils.py:47 - [Rank 1] Memory-Usage before wake_up model: {'gpu': '1', 'total_GB': 94.97, 'free_GB': 90.93, 'used_GB': 4.04, 'allocated_GB': 16.01, 'reserved_GB': 18.15, 'host_total_GB': 1133.56, 'host_available_GB': 743.97, 'host_used_GB': 389.59, 'host_free_GB': 18.81}
[2026-08-15 06:17:32] reloadable_process_group.py:121 - Reloaded default WORLD process group with backend nccl (generation 116)
[2026-08-15 06:17:32] reloadable_process_group.py:331 - Reloading 57 process groups in pid 31657: {'nccl': 50, 'gloo': 7}
[2026-08-15 06:17:32] memory_utils.py:47 - [Rank 1] Memory-Usage after wake_up model: {'gpu': '1', 'total_GB': 94.97, 'free_GB': 72.79, 'used_GB': 22.18, 'allocated_GB': 16.01, 'reserved_GB': 18.15, 'host_total_GB': 1133.56, 'host_available_GB': 777.76, 'host_used_GB': 355.8, 'host_free_GB': 52.07}
[2026-08-15 06:17:45] memory_utils.py:47 - [Rank 1] Memory-Usage before offload model: {'gpu': '1', 'total_GB': 94.97, 'free_GB': 71.99, 'used_GB': 22.98, 'allocated_GB': 16.01, 'reserved_GB': 18.15, 'host_total_GB': 1133.56, 'host_available_GB': 776.97, 'host_used_GB': 356.59, 'host_free_GB': 50.8}
[2026-08-15 06:17:47] reloadable_process_group.py:100 - Destroyed default nccl WORLD process group and initialized a temporary Gloo WORLD (generation 117)
[2026-08-15 06:17:52] memory_utils.py:47 - [Rank 1] Memory-Usage after offload model: {'gpu': '1', 'total_GB': 94.97, 'free_GB': 90.93, 'used_GB': 4.04, 'allocated_GB': 16.01, 'reserved_GB': 18.15, 'host_total_GB': 1133.56, 'host_available_GB': 744.45, 'host_used_GB': 389.11, 'host_free_GB': 18.27}
[2026-08-15 06:17:53] reloadable_process_group.py:121 - Reloaded default WORLD process group with backend nccl (generation 118)
[2026-08-15 06:17:53] reloadable_process_group.py:331 - Reloading 57 process groups in pid 31657: {'nccl': 50, 'gloo': 7}
[2026-08-15 06:17:53] memory_utils.py:47 - [Rank 1] Memory-Usage before update_weights: {'gpu': '1', 'total_GB': 94.97, 'free_GB': 87.65, 'used_GB': 7.32, 'allocated_GB': 16.01, 'reserved_GB': 18.15, 'host_total_GB': 1133.56, 'host_available_GB': 743.7, 'host_used_GB': 389.86, 'host_free_GB': 18.68}
[2026-08-15 06:17:54] memory_utils.py:47 - [Rank 1] Memory-Usage after update_weights: {'gpu': '1', 'total_GB': 94.97, 'free_GB': 87.67, 'used_GB': 7.3, 'allocated_GB': 16.01, 'reserved_GB': 18.15, 'host_total_GB': 1133.56, 'host_available_GB': 743.73, 'host_used_GB': 389.83, 'host_free_GB': 18.71}
[2026-08-15 06:17:54] reloadable_process_group.py:100 - Destroyed default nccl WORLD process group and initialized a temporary Gloo WORLD (generation 119)
[2026-08-15 06:19:15] memory_utils.py:47 - [Rank 1] Memory-Usage before wake_up model: {'gpu': '1', 'total_GB': 94.97, 'free_GB': 90.93, 'used_GB': 4.04, 'allocated_GB': 16.01, 'reserved_GB': 18.15, 'host_total_GB': 1133.56, 'host_available_GB': 742.66, 'host_used_GB': 390.9, 'host_free_GB': 17.41}
[2026-08-15 06:19:18] reloadable_process_group.py:121 - Reloaded default WORLD process group with backend nccl (generation 120)
[2026-08-15 06:19:18] reloadable_process_group.py:331 - Reloading 57 process groups in pid 31657: {'nccl': 50, 'gloo': 7}
[2026-08-15 06:19:19] memory_utils.py:47 - [Rank 1] Memory-Usage after wake_up model: {'gpu': '1', 'total_GB': 94.97, 'free_GB': 72.79, 'used_GB': 22.18, 'allocated_GB': 16.01, 'reserved_GB': 18.15, 'host_total_GB': 1133.56, 'host_available_GB': 776.54, 'host_used_GB': 357.02, 'host_free_GB': 51.29}
[2026-08-15 06:19:28] memory_utils.py:47 - [Rank 1] Memory-Usage before offload model: {'gpu': '1', 'total_GB': 94.97, 'free_GB': 71.99, 'used_GB': 22.98, 'allocated_GB': 16.01, 'reserved_GB': 18.15, 'host_total_GB': 1133.56, 'host_available_GB': 775.99, 'host_used_GB': 357.57, 'host_free_GB': 50.74}
[2026-08-15 06:19:30] reloadable_process_group.py:100 - Destroyed default nccl WORLD process group and initialized a temporary Gloo WORLD (generation 121)
[2026-08-15 06:19:35] memory_utils.py:47 - [Rank 1] Memory-Usage after offload model: {'gpu': '1', 'total_GB': 94.97, 'free_GB': 90.93, 'used_GB': 4.04, 'allocated_GB': 16.01, 'reserved_GB': 18.15, 'host_total_GB': 1133.56, 'host_available_GB': 743.35, 'host_used_GB': 390.2, 'host_free_GB': 18.1}
[2026-08-15 06:19:36] reloadable_process_group.py:121 - Reloaded default WORLD process group with backend nccl (generation 122)
[2026-08-15 06:19:36] reloadable_process_group.py:331 - Reloading 57 process groups in pid 31657: {'nccl': 50, 'gloo': 7}
[2026-08-15 06:19:36] memory_utils.py:47 - [Rank 1] Memory-Usage before update_weights: {'gpu': '1', 'total_GB': 94.97, 'free_GB': 87.65, 'used_GB': 7.32, 'allocated_GB': 16.01, 'reserved_GB': 18.15, 'host_total_GB': 1133.56, 'host_available_GB': 742.49, 'host_used_GB': 391.07, 'host_free_GB': 18.44}
[2026-08-15 06:19:36] memory_utils.py:47 - [Rank 1] Memory-Usage after update_weights: {'gpu': '1', 'total_GB': 94.97, 'free_GB': 87.67, 'used_GB': 7.3, 'allocated_GB': 16.01, 'reserved_GB': 18.15, 'host_total_GB': 1133.56, 'host_available_GB': 742.44, 'host_used_GB': 391.11, 'host_free_GB': 18.39}
[2026-08-15 06:19:36] reloadable_process_group.py:100 - Destroyed default nccl WORLD process group and initialized a temporary Gloo WORLD (generation 123)
[2026-08-15 06:20:57] memory_utils.py:47 - [Rank 1] Memory-Usage before wake_up model: {'gpu': '1', 'total_GB': 94.97, 'free_GB': 90.93, 'used_GB': 4.04, 'allocated_GB': 16.01, 'reserved_GB': 18.15, 'host_total_GB': 1133.56, 'host_available_GB': 743.0, 'host_used_GB': 390.56, 'host_free_GB': 18.86}
[2026-08-15 06:21:00] reloadable_process_group.py:121 - Reloaded default WORLD process group with backend nccl (generation 124)
[2026-08-15 06:21:00] reloadable_process_group.py:331 - Reloading 57 process groups in pid 31657: {'nccl': 50, 'gloo': 7}
[2026-08-15 06:21:00] memory_utils.py:47 - [Rank 1] Memory-Usage after wake_up model: {'gpu': '1', 'total_GB': 94.97, 'free_GB': 72.79, 'used_GB': 22.18, 'allocated_GB': 16.01, 'reserved_GB': 18.15, 'host_total_GB': 1133.56, 'host_available_GB': 776.73, 'host_used_GB': 356.83, 'host_free_GB': 52.59}
[2026-08-15 06:21:10] memory_utils.py:47 - [Rank 1] Memory-Usage before offload model: {'gpu': '1', 'total_GB': 94.97, 'free_GB': 71.99, 'used_GB': 22.98, 'allocated_GB': 16.01, 'reserved_GB': 18.15, 'host_total_GB': 1133.56, 'host_available_GB': 776.44, 'host_used_GB': 357.11, 'host_free_GB': 52.28}
[2026-08-15 06:21:12] reloadable_process_group.py:100 - Destroyed default nccl WORLD process group and initialized a temporary Gloo WORLD (generation 125)
[2026-08-15 06:21:17] memory_utils.py:47 - [Rank 1] Memory-Usage after offload model: {'gpu': '1', 'total_GB': 94.97, 'free_GB': 90.93, 'used_GB': 4.04, 'allocated_GB': 16.01, 'reserved_GB': 18.15, 'host_total_GB': 1133.56, 'host_available_GB': 744.21, 'host_used_GB': 389.35, 'host_free_GB': 20.04}
[2026-08-15 06:21:18] reloadable_process_group.py:121 - Reloaded default WORLD process group with backend nccl (generation 126)
[2026-08-15 06:21:18] reloadable_process_group.py:331 - Reloading 57 process groups in pid 31657: {'nccl': 50, 'gloo': 7}
[2026-08-15 06:21:18] memory_utils.py:47 - [Rank 1] Memory-Usage before update_weights: {'gpu': '1', 'total_GB': 94.97, 'free_GB': 87.65, 'used_GB': 7.32, 'allocated_GB': 16.01, 'reserved_GB': 18.15, 'host_total_GB': 1133.56, 'host_available_GB': 743.27, 'host_used_GB': 390.29, 'host_free_GB': 19.1}
[2026-08-15 06:21:20] memory_utils.py:47 - [Rank 1] Memory-Usage after update_weights: {'gpu': '1', 'total_GB': 94.97, 'free_GB': 87.67, 'used_GB': 7.3, 'allocated_GB': 16.01, 'reserved_GB': 18.15, 'host_total_GB': 1133.56, 'host_available_GB': 743.26, 'host_used_GB': 390.3, 'host_free_GB': 19.09}
[2026-08-15 06:21:20] reloadable_process_group.py:100 - Destroyed default nccl WORLD process group and initialized a temporary Gloo WORLD (generation 127)
[2026-08-15 06:22:41] memory_utils.py:47 - [Rank 1] Memory-Usage before wake_up model: {'gpu': '1', 'total_GB': 94.97, 'free_GB': 90.93, 'used_GB': 4.04, 'allocated_GB': 16.01, 'reserved_GB': 18.15, 'host_total_GB': 1133.56, 'host_available_GB': 742.45, 'host_used_GB': 391.1, 'host_free_GB': 16.29}
[2026-08-15 06:22:44] reloadable_process_group.py:121 - Reloaded default WORLD process group with backend nccl (generation 128)
[2026-08-15 06:22:44] reloadable_process_group.py:331 - Reloading 57 process groups in pid 31657: {'nccl': 50, 'gloo': 7}
[2026-08-15 06:22:44] memory_utils.py:47 - [Rank 1] Memory-Usage after wake_up model: {'gpu': '1', 'total_GB': 94.97, 'free_GB': 72.79, 'used_GB': 22.18, 'allocated_GB': 16.01, 'reserved_GB': 18.15, 'host_total_GB': 1133.56, 'host_available_GB': 776.32, 'host_used_GB': 357.24, 'host_free_GB': 50.02}
[2026-08-15 06:22:52] memory_utils.py:47 - [Rank 1] Memory-Usage before offload model: {'gpu': '1', 'total_GB': 94.97, 'free_GB': 71.99, 'used_GB': 22.98, 'allocated_GB': 16.01, 'reserved_GB': 18.15, 'host_total_GB': 1133.56, 'host_available_GB': 775.04, 'host_used_GB': 358.52, 'host_free_GB': 47.67}
[2026-08-15 06:22:54] reloadable_process_group.py:100 - Destroyed default nccl WORLD process group and initialized a temporary Gloo WORLD (generation 129)
[2026-08-15 06:22:59] memory_utils.py:47 - [Rank 1] Memory-Usage after offload model: {'gpu': '1', 'total_GB': 94.97, 'free_GB': 90.93, 'used_GB': 4.04, 'allocated_GB': 16.01, 'reserved_GB': 18.15, 'host_total_GB': 1133.56, 'host_available_GB': 742.84, 'host_used_GB': 390.72, 'host_free_GB': 18.18}
[2026-08-15 06:23:00] reloadable_process_group.py:121 - Reloaded default WORLD process group with backend nccl (generation 130)
[2026-08-15 06:23:00] reloadable_process_group.py:331 - Reloading 57 process groups in pid 31657: {'nccl': 50, 'gloo': 7}
[2026-08-15 06:23:00] memory_utils.py:47 - [Rank 1] Memory-Usage before update_weights: {'gpu': '1', 'total_GB': 94.97, 'free_GB': 87.65, 'used_GB': 7.32, 'allocated_GB': 16.01, 'reserved_GB': 18.15, 'host_total_GB': 1133.56, 'host_available_GB': 738.29, 'host_used_GB': 395.27, 'host_free_GB': 17.79}
[2026-08-15 06:23:02] memory_utils.py:47 - [Rank 1] Memory-Usage after update_weights: {'gpu': '1', 'total_GB': 94.97, 'free_GB': 87.67, 'used_GB': 7.3, 'allocated_GB': 16.01, 'reserved_GB': 18.15, 'host_total_GB': 1133.56, 'host_available_GB': 738.39, 'host_used_GB': 395.17, 'host_free_GB': 17.88}
[2026-08-15 06:23:03] reloadable_process_group.py:100 - Destroyed default nccl WORLD process group and initialized a temporary Gloo WORLD (generation 131)
[2026-08-15 06:24:24] memory_utils.py:47 - [Rank 1] Memory-Usage before wake_up model: {'gpu': '1', 'total_GB': 94.97, 'free_GB': 90.93, 'used_GB': 4.04, 'allocated_GB': 16.01, 'reserved_GB': 18.15, 'host_total_GB': 1133.56, 'host_available_GB': 739.43, 'host_used_GB': 394.13, 'host_free_GB': 18.74}
[2026-08-15 06:24:27] reloadable_process_group.py:121 - Reloaded default WORLD process group with backend nccl (generation 132)
[2026-08-15 06:24:27] reloadable_process_group.py:331 - Reloading 57 process groups in pid 31657: {'nccl': 50, 'gloo': 7}
[2026-08-15 06:24:27] memory_utils.py:47 - [Rank 1] Memory-Usage after wake_up model: {'gpu': '1', 'total_GB': 94.97, 'free_GB': 72.79, 'used_GB': 22.18, 'allocated_GB': 16.01, 'reserved_GB': 18.15, 'host_total_GB': 1133.56, 'host_available_GB': 773.24, 'host_used_GB': 360.32, 'host_free_GB': 52.54}
[2026-08-15 06:24:40] memory_utils.py:47 - [Rank 1] Memory-Usage before offload model: {'gpu': '1', 'total_GB': 94.97, 'free_GB': 71.99, 'used_GB': 22.98, 'allocated_GB': 16.01, 'reserved_GB': 18.15, 'host_total_GB': 1133.56, 'host_available_GB': 772.83, 'host_used_GB': 360.73, 'host_free_GB': 52.14}
[2026-08-15 06:24:41] reloadable_process_group.py:100 - Destroyed default nccl WORLD process group and initialized a temporary Gloo WORLD (generation 133)
[2026-08-15 06:24:47] memory_utils.py:47 - [Rank 1] Memory-Usage after offload model: {'gpu': '1', 'total_GB': 94.97, 'free_GB': 90.93, 'used_GB': 4.04, 'allocated_GB': 16.01, 'reserved_GB': 18.15, 'host_total_GB': 1133.56, 'host_available_GB': 740.2, 'host_used_GB': 393.36, 'host_free_GB': 19.5}
[2026-08-15 06:24:47] reloadable_process_group.py:121 - Reloaded default WORLD process group with backend nccl (generation 134)
[2026-08-15 06:24:47] reloadable_process_group.py:331 - Reloading 57 process groups in pid 31657: {'nccl': 50, 'gloo': 7}
[2026-08-15 06:24:47] memory_utils.py:47 - [Rank 1] Memory-Usage before update_weights: {'gpu': '1', 'total_GB': 94.97, 'free_GB': 87.65, 'used_GB': 7.32, 'allocated_GB': 16.01, 'reserved_GB': 18.15, 'host_total_GB': 1133.56, 'host_available_GB': 739.29, 'host_used_GB': 394.27, 'host_free_GB': 18.59}
[2026-08-15 06:24:48] memory_utils.py:47 - [Rank 1] Memory-Usage after update_weights: {'gpu': '1', 'total_GB': 94.97, 'free_GB': 87.67, 'used_GB': 7.3, 'allocated_GB': 16.01, 'reserved_GB': 18.15, 'host_total_GB': 1133.56, 'host_available_GB': 739.14, 'host_used_GB': 394.42, 'host_free_GB': 18.44}
[2026-08-15 06:24:48] reloadable_process_group.py:100 - Destroyed default nccl WORLD process group and initialized a temporary Gloo WORLD (generation 135)
[2026-08-15 06:26:10] memory_utils.py:47 - [Rank 1] Memory-Usage before wake_up model: {'gpu': '1', 'total_GB': 94.97, 'free_GB': 90.93, 'used_GB': 4.04, 'allocated_GB': 16.01, 'reserved_GB': 18.15, 'host_total_GB': 1133.56, 'host_available_GB': 738.4, 'host_used_GB': 395.16, 'host_free_GB': 17.67}
[2026-08-15 06:26:13] reloadable_process_group.py:121 - Reloaded default WORLD process group with backend nccl (generation 136)
[2026-08-15 06:26:13] reloadable_process_group.py:331 - Reloading 57 process groups in pid 31657: {'nccl': 50, 'gloo': 7}
[2026-08-15 06:26:13] memory_utils.py:47 - [Rank 1] Memory-Usage after wake_up model: {'gpu': '1', 'total_GB': 94.97, 'free_GB': 72.79, 'used_GB': 22.18, 'allocated_GB': 16.01, 'reserved_GB': 18.15, 'host_total_GB': 1133.56, 'host_available_GB': 772.43, 'host_used_GB': 361.13, 'host_free_GB': 51.69}
[2026-08-15 06:26:23] memory_utils.py:47 - [Rank 1] Memory-Usage before offload model: {'gpu': '1', 'total_GB': 94.97, 'free_GB': 71.99, 'used_GB': 22.98, 'allocated_GB': 16.01, 'reserved_GB': 18.15, 'host_total_GB': 1133.56, 'host_available_GB': 771.96, 'host_used_GB': 361.59, 'host_free_GB': 51.23}
[2026-08-15 06:26:24] reloadable_process_group.py:100 - Destroyed default nccl WORLD process group and initialized a temporary Gloo WORLD (generation 137)
[2026-08-15 06:26:30] memory_utils.py:47 - [Rank 1] Memory-Usage after offload model: {'gpu': '1', 'total_GB': 94.97, 'free_GB': 90.93, 'used_GB': 4.04, 'allocated_GB': 16.01, 'reserved_GB': 18.15, 'host_total_GB': 1133.56, 'host_available_GB': 739.56, 'host_used_GB': 394.0, 'host_free_GB': 18.82}
[2026-08-15 06:26:31] reloadable_process_group.py:121 - Reloaded default WORLD process group with backend nccl (generation 138)
[2026-08-15 06:26:31] reloadable_process_group.py:331 - Reloading 57 process groups in pid 31657: {'nccl': 50, 'gloo': 7}
[2026-08-15 06:26:31] memory_utils.py:47 - [Rank 1] Memory-Usage before update_weights: {'gpu': '1', 'total_GB': 94.97, 'free_GB': 87.65, 'used_GB': 7.32, 'allocated_GB': 16.01, 'reserved_GB': 18.15, 'host_total_GB': 1133.56, 'host_available_GB': 738.2, 'host_used_GB': 395.36, 'host_free_GB': 17.46}
[2026-08-15 06:26:31] memory_utils.py:47 - [Rank 1] Memory-Usage after update_weights: {'gpu': '1', 'total_GB': 94.97, 'free_GB': 87.67, 'used_GB': 7.3, 'allocated_GB': 16.01, 'reserved_GB': 18.15, 'host_total_GB': 1133.56, 'host_available_GB': 738.19, 'host_used_GB': 395.37, 'host_free_GB': 17.44}
[2026-08-15 06:26:31] reloadable_process_group.py:100 - Destroyed default nccl WORLD process group and initialized a temporary Gloo WORLD (generation 139)
[2026-08-15 06:27:51] memory_utils.py:47 - [Rank 1] Memory-Usage before wake_up model: {'gpu': '1', 'total_GB': 94.97, 'free_GB': 90.93, 'used_GB': 4.04, 'allocated_GB': 16.01, 'reserved_GB': 18.15, 'host_total_GB': 1133.56, 'host_available_GB': 738.77, 'host_used_GB': 394.79, 'host_free_GB': 18.0}
[2026-08-15 06:27:55] reloadable_process_group.py:121 - Reloaded default WORLD process group with backend nccl (generation 140)
[2026-08-15 06:27:55] reloadable_process_group.py:331 - Reloading 57 process groups in pid 31657: {'nccl': 50, 'gloo': 7}
[2026-08-15 06:27:55] memory_utils.py:47 - [Rank 1] Memory-Usage after wake_up model: {'gpu': '1', 'total_GB': 94.97, 'free_GB': 72.79, 'used_GB': 22.18, 'allocated_GB': 16.01, 'reserved_GB': 18.15, 'host_total_GB': 1133.56, 'host_available_GB': 772.57, 'host_used_GB': 360.99, 'host_free_GB': 51.8}
[2026-08-15 06:28:03] memory_utils.py:47 - [Rank 1] Memory-Usage before offload model: {'gpu': '1', 'total_GB': 94.97, 'free_GB': 71.99, 'used_GB': 22.98, 'allocated_GB': 16.01, 'reserved_GB': 18.15, 'host_total_GB': 1133.56, 'host_available_GB': 771.68, 'host_used_GB': 361.88, 'host_free_GB': 50.91}
[2026-08-15 06:28:05] reloadable_process_group.py:100 - Destroyed default nccl WORLD process group and initialized a temporary Gloo WORLD (generation 141)
[2026-08-15 06:28:10] memory_utils.py:47 - [Rank 1] Memory-Usage after offload model: {'gpu': '1', 'total_GB': 94.97, 'free_GB': 90.93, 'used_GB': 4.04, 'allocated_GB': 16.01, 'reserved_GB': 18.15, 'host_total_GB': 1133.56, 'host_available_GB': 739.34, 'host_used_GB': 394.22, 'host_free_GB': 18.57}
[2026-08-15 06:28:11] reloadable_process_group.py:121 - Reloaded default WORLD process group with backend nccl (generation 142)
[2026-08-15 06:28:11] reloadable_process_group.py:331 - Reloading 57 process groups in pid 31657: {'nccl': 50, 'gloo': 7}
[2026-08-15 06:28:11] memory_utils.py:47 - [Rank 1] Memory-Usage before update_weights: {'gpu': '1', 'total_GB': 94.97, 'free_GB': 87.65, 'used_GB': 7.32, 'allocated_GB': 16.01, 'reserved_GB': 18.15, 'host_total_GB': 1133.56, 'host_available_GB': 738.59, 'host_used_GB': 394.97, 'host_free_GB': 17.82}
[2026-08-15 06:28:12] memory_utils.py:47 - [Rank 1] Memory-Usage after update_weights: {'gpu': '1', 'total_GB': 94.97, 'free_GB': 87.67, 'used_GB': 7.3, 'allocated_GB': 16.01, 'reserved_GB': 18.15, 'host_total_GB': 1133.56, 'host_available_GB': 738.59, 'host_used_GB': 394.97, 'host_free_GB': 17.81}
[2026-08-15 06:28:12] reloadable_process_group.py:100 - Destroyed default nccl WORLD process group and initialized a temporary Gloo WORLD (generation 143)
[2026-08-15 06:29:33] memory_utils.py:47 - [Rank 1] Memory-Usage before wake_up model: {'gpu': '1', 'total_GB': 94.97, 'free_GB': 90.93, 'used_GB': 4.04, 'allocated_GB': 16.01, 'reserved_GB': 18.15, 'host_total_GB': 1133.56, 'host_available_GB': 739.56, 'host_used_GB': 394.0, 'host_free_GB': 17.14}
[2026-08-15 06:29:36] reloadable_process_group.py:121 - Reloaded default WORLD process group with backend nccl (generation 144)
[2026-08-15 06:29:36] reloadable_process_group.py:331 - Reloading 57 process groups in pid 31657: {'nccl': 50, 'gloo': 7}
[2026-08-15 06:29:36] memory_utils.py:47 - [Rank 1] Memory-Usage after wake_up model: {'gpu': '1', 'total_GB': 94.97, 'free_GB': 72.79, 'used_GB': 22.18, 'allocated_GB': 16.01, 'reserved_GB': 18.15, 'host_total_GB': 1133.56, 'host_available_GB': 771.27, 'host_used_GB': 362.29, 'host_free_GB': 47.9}
[2026-08-15 06:29:44] memory_utils.py:47 - [Rank 1] Memory-Usage before offload model: {'gpu': '1', 'total_GB': 94.97, 'free_GB': 71.99, 'used_GB': 22.98, 'allocated_GB': 16.01, 'reserved_GB': 18.15, 'host_total_GB': 1133.56, 'host_available_GB': 770.48, 'host_used_GB': 363.08, 'host_free_GB': 47.88}
[2026-08-15 06:29:46] reloadable_process_group.py:100 - Destroyed default nccl WORLD process group and initialized a temporary Gloo WORLD (generation 145)
[2026-08-15 06:29:52] memory_utils.py:47 - [Rank 1] Memory-Usage after offload model: {'gpu': '1', 'total_GB': 94.97, 'free_GB': 90.93, 'used_GB': 4.04, 'allocated_GB': 16.01, 'reserved_GB': 18.15, 'host_total_GB': 1133.56, 'host_available_GB': 745.22, 'host_used_GB': 388.34, 'host_free_GB': 28.41}
[2026-08-15 06:29:53] reloadable_process_group.py:121 - Reloaded default WORLD process group with backend nccl (generation 146)
[2026-08-15 06:29:53] reloadable_process_group.py:331 - Reloading 57 process groups in pid 31657: {'nccl': 50, 'gloo': 7}
[2026-08-15 06:29:53] memory_utils.py:47 - [Rank 1] Memory-Usage before update_weights: {'gpu': '1', 'total_GB': 94.97, 'free_GB': 87.65, 'used_GB': 7.32, 'allocated_GB': 16.01, 'reserved_GB': 18.15, 'host_total_GB': 1133.56, 'host_available_GB': 744.42, 'host_used_GB': 389.14, 'host_free_GB': 28.18}
[2026-08-15 06:29:53] memory_utils.py:47 - [Rank 1] Memory-Usage after update_weights: {'gpu': '1', 'total_GB': 94.97, 'free_GB': 87.67, 'used_GB': 7.3, 'allocated_GB': 16.01, 'reserved_GB': 18.15, 'host_total_GB': 1133.56, 'host_available_GB': 744.4, 'host_used_GB': 389.16, 'host_free_GB': 28.3}
[2026-08-15 06:29:53] reloadable_process_group.py:100 - Destroyed default nccl WORLD process group and initialized a temporary Gloo WORLD (generation 147)
[2026-08-15 06:31:15] memory_utils.py:47 - [Rank 1] Memory-Usage before wake_up model: {'gpu': '1', 'total_GB': 94.97, 'free_GB': 90.93, 'used_GB': 4.04, 'allocated_GB': 16.01, 'reserved_GB': 18.15, 'host_total_GB': 1133.56, 'host_available_GB': 743.97, 'host_used_GB': 389.59, 'host_free_GB': 34.73}
[2026-08-15 06:31:18] reloadable_process_group.py:121 - Reloaded default WORLD process group with backend nccl (generation 148)
[2026-08-15 06:31:18] reloadable_process_group.py:331 - Reloading 57 process groups in pid 31657: {'nccl': 50, 'gloo': 7}
[2026-08-15 06:31:18] memory_utils.py:47 - [Rank 1] Memory-Usage after wake_up model: {'gpu': '1', 'total_GB': 94.97, 'free_GB': 72.79, 'used_GB': 22.18, 'allocated_GB': 16.01, 'reserved_GB': 18.15, 'host_total_GB': 1133.56, 'host_available_GB': 777.76, 'host_used_GB': 355.8, 'host_free_GB': 68.51}
[2026-08-15 06:31:30] memory_utils.py:47 - [Rank 1] Memory-Usage before offload model: {'gpu': '1', 'total_GB': 94.97, 'free_GB': 71.99, 'used_GB': 22.98, 'allocated_GB': 16.01, 'reserved_GB': 18.15, 'host_total_GB': 1133.56, 'host_available_GB': 777.6, 'host_used_GB': 355.96, 'host_free_GB': 68.31}
[2026-08-15 06:31:31] reloadable_process_group.py:100 - Destroyed default nccl WORLD process group and initialized a temporary Gloo WORLD (generation 149)
[2026-08-15 06:31:37] memory_utils.py:47 - [Rank 1] Memory-Usage after offload model: {'gpu': '1', 'total_GB': 94.97, 'free_GB': 90.93, 'used_GB': 4.04, 'allocated_GB': 16.01, 'reserved_GB': 18.15, 'host_total_GB': 1133.56, 'host_available_GB': 745.03, 'host_used_GB': 388.53, 'host_free_GB': 37.3}
[2026-08-15 06:31:37] reloadable_process_group.py:121 - Reloaded default WORLD process group with backend nccl (generation 150)
[2026-08-15 06:31:37] reloadable_process_group.py:331 - Reloading 57 process groups in pid 31657: {'nccl': 50, 'gloo': 7}
[2026-08-15 06:31:38] memory_utils.py:47 - [Rank 1] Memory-Usage before update_weights: {'gpu': '1', 'total_GB': 94.97, 'free_GB': 87.65, 'used_GB': 7.32, 'allocated_GB': 16.01, 'reserved_GB': 18.15, 'host_total_GB': 1133.56, 'host_available_GB': 743.88, 'host_used_GB': 389.68, 'host_free_GB': 37.04}
[2026-08-15 06:31:38] memory_utils.py:47 - [Rank 1] Memory-Usage after update_weights: {'gpu': '1', 'total_GB': 94.97, 'free_GB': 87.67, 'used_GB': 7.3, 'allocated_GB': 16.01, 'reserved_GB': 18.15, 'host_total_GB': 1133.56, 'host_available_GB': 743.79, 'host_used_GB': 389.76, 'host_free_GB': 37.38}
[2026-08-15 06:31:38] reloadable_process_group.py:100 - Destroyed default nccl WORLD process group and initialized a temporary Gloo WORLD (generation 151)
[2026-08-15 06:32:59] memory_utils.py:47 - [Rank 1] Memory-Usage before wake_up model: {'gpu': '1', 'total_GB': 94.97, 'free_GB': 90.93, 'used_GB': 4.04, 'allocated_GB': 16.01, 'reserved_GB': 18.15, 'host_total_GB': 1133.56, 'host_available_GB': 731.93, 'host_used_GB': 401.63, 'host_free_GB': 21.15}
[2026-08-15 06:33:02] reloadable_process_group.py:121 - Reloaded default WORLD process group with backend nccl (generation 152)
[2026-08-15 06:33:02] reloadable_process_group.py:331 - Reloading 57 process groups in pid 31657: {'nccl': 50, 'gloo': 7}
[2026-08-15 06:33:02] memory_utils.py:47 - [Rank 1] Memory-Usage after wake_up model: {'gpu': '1', 'total_GB': 94.97, 'free_GB': 72.79, 'used_GB': 22.18, 'allocated_GB': 16.01, 'reserved_GB': 18.15, 'host_total_GB': 1133.56, 'host_available_GB': 765.33, 'host_used_GB': 368.22, 'host_free_GB': 53.23}
[2026-08-15 06:33:12] memory_utils.py:47 - [Rank 1] Memory-Usage before offload model: {'gpu': '1', 'total_GB': 94.97, 'free_GB': 71.99, 'used_GB': 22.98, 'allocated_GB': 16.01, 'reserved_GB': 18.15, 'host_total_GB': 1133.56, 'host_available_GB': 766.2, 'host_used_GB': 367.36, 'host_free_GB': 55.32}
[2026-08-15 06:33:13] reloadable_process_group.py:100 - Destroyed default nccl WORLD process group and initialized a temporary Gloo WORLD (generation 153)
[2026-08-15 06:33:19] memory_utils.py:47 - [Rank 1] Memory-Usage after offload model: {'gpu': '1', 'total_GB': 94.97, 'free_GB': 90.93, 'used_GB': 4.04, 'allocated_GB': 16.01, 'reserved_GB': 18.15, 'host_total_GB': 1133.56, 'host_available_GB': 735.74, 'host_used_GB': 397.82, 'host_free_GB': 33.76}
[2026-08-15 06:33:19] reloadable_process_group.py:121 - Reloaded default WORLD process group with backend nccl (generation 154)
[2026-08-15 06:33:19] reloadable_process_group.py:331 - Reloading 57 process groups in pid 31657: {'nccl': 50, 'gloo': 7}
[2026-08-15 06:33:19] memory_utils.py:47 - [Rank 1] Memory-Usage before update_weights: {'gpu': '1', 'total_GB': 94.97, 'free_GB': 87.65, 'used_GB': 7.32, 'allocated_GB': 16.01, 'reserved_GB': 18.15, 'host_total_GB': 1133.56, 'host_available_GB': 734.67, 'host_used_GB': 398.89, 'host_free_GB': 32.63}
[2026-08-15 06:33:20] memory_utils.py:47 - [Rank 1] Memory-Usage after update_weights: {'gpu': '1', 'total_GB': 94.97, 'free_GB': 87.67, 'used_GB': 7.3, 'allocated_GB': 16.01, 'reserved_GB': 18.15, 'host_total_GB': 1133.56, 'host_available_GB': 734.72, 'host_used_GB': 398.84, 'host_free_GB': 32.68}
[2026-08-15 06:33:20] reloadable_process_group.py:100 - Destroyed default nccl WORLD process group and initialized a temporary Gloo WORLD (generation 155)
[2026-08-15 06:34:40] memory_utils.py:47 - [Rank 1] Memory-Usage before wake_up model: {'gpu': '1', 'total_GB': 94.97, 'free_GB': 90.93, 'used_GB': 4.04, 'allocated_GB': 16.01, 'reserved_GB': 18.15, 'host_total_GB': 1133.56, 'host_available_GB': 734.55, 'host_used_GB': 399.01, 'host_free_GB': 23.87}
[2026-08-15 06:34:44] reloadable_process_group.py:121 - Reloaded default WORLD process group with backend nccl (generation 156)
[2026-08-15 06:34:44] reloadable_process_group.py:331 - Reloading 57 process groups in pid 31657: {'nccl': 50, 'gloo': 7}
[2026-08-15 06:34:44] memory_utils.py:47 - [Rank 1] Memory-Usage after wake_up model: {'gpu': '1', 'total_GB': 94.97, 'free_GB': 72.79, 'used_GB': 22.18, 'allocated_GB': 16.01, 'reserved_GB': 18.15, 'host_total_GB': 1133.56, 'host_available_GB': 768.52, 'host_used_GB': 365.03, 'host_free_GB': 58.79}
[2026-08-15 06:34:51] memory_utils.py:47 - [Rank 1] Memory-Usage before offload model: {'gpu': '1', 'total_GB': 94.97, 'free_GB': 71.99, 'used_GB': 22.98, 'allocated_GB': 16.01, 'reserved_GB': 18.15, 'host_total_GB': 1133.56, 'host_available_GB': 767.4, 'host_used_GB': 366.15, 'host_free_GB': 59.03}
[2026-08-15 06:34:53] reloadable_process_group.py:100 - Destroyed default nccl WORLD process group and initialized a temporary Gloo WORLD (generation 157)
[2026-08-15 06:34:58] memory_utils.py:47 - [Rank 1] Memory-Usage after offload model: {'gpu': '1', 'total_GB': 94.97, 'free_GB': 90.93, 'used_GB': 4.04, 'allocated_GB': 16.01, 'reserved_GB': 18.15, 'host_total_GB': 1133.56, 'host_available_GB': 734.92, 'host_used_GB': 398.64, 'host_free_GB': 25.19}
[2026-08-15 06:34:59] reloadable_process_group.py:121 - Reloaded default WORLD process group with backend nccl (generation 158)
[2026-08-15 06:34:59] reloadable_process_group.py:331 - Reloading 57 process groups in pid 31657: {'nccl': 50, 'gloo': 7}
[2026-08-15 06:34:59] memory_utils.py:47 - [Rank 1] Memory-Usage before update_weights: {'gpu': '1', 'total_GB': 94.97, 'free_GB': 87.65, 'used_GB': 7.32, 'allocated_GB': 16.01, 'reserved_GB': 18.15, 'host_total_GB': 1133.56, 'host_available_GB': 733.67, 'host_used_GB': 399.88, 'host_free_GB': 23.82}
[2026-08-15 06:34:59] memory_utils.py:47 - [Rank 1] Memory-Usage after update_weights: {'gpu': '1', 'total_GB': 94.97, 'free_GB': 87.67, 'used_GB': 7.3, 'allocated_GB': 16.01, 'reserved_GB': 18.15, 'host_total_GB': 1133.56, 'host_available_GB': 733.65, 'host_used_GB': 399.91, 'host_free_GB': 23.77}
[2026-08-15 06:34:59] reloadable_process_group.py:100 - Destroyed default nccl WORLD process group and initialized a temporary Gloo WORLD (generation 159)
[2026-08-15 06:36:20] memory_utils.py:47 - [Rank 1] Memory-Usage before wake_up model: {'gpu': '1', 'total_GB': 94.97, 'free_GB': 90.93, 'used_GB': 4.04, 'allocated_GB': 16.01, 'reserved_GB': 18.15, 'host_total_GB': 1133.56, 'host_available_GB': 734.37, 'host_used_GB': 399.18, 'host_free_GB': 27.89}
[2026-08-15 06:36:23] reloadable_process_group.py:121 - Reloaded default WORLD process group with backend nccl (generation 160)
[2026-08-15 06:36:23] reloadable_process_group.py:331 - Reloading 57 process groups in pid 31657: {'nccl': 50, 'gloo': 7}
[2026-08-15 06:36:24] memory_utils.py:47 - [Rank 1] Memory-Usage after wake_up model: {'gpu': '1', 'total_GB': 94.97, 'free_GB': 72.79, 'used_GB': 22.18, 'allocated_GB': 16.01, 'reserved_GB': 18.15, 'host_total_GB': 1133.56, 'host_available_GB': 768.65, 'host_used_GB': 364.91, 'host_free_GB': 62.17}
[2026-08-15 06:36:31] memory_utils.py:47 - [Rank 1] Memory-Usage before offload model: {'gpu': '1', 'total_GB': 94.97, 'free_GB': 71.99, 'used_GB': 22.98, 'allocated_GB': 16.01, 'reserved_GB': 18.15, 'host_total_GB': 1133.56, 'host_available_GB': 768.1, 'host_used_GB': 365.46, 'host_free_GB': 61.61}
[2026-08-15 06:36:33] reloadable_process_group.py:100 - Destroyed default nccl WORLD process group and initialized a temporary Gloo WORLD (generation 161)
[2026-08-15 06:36:38] memory_utils.py:47 - [Rank 1] Memory-Usage after offload model: {'gpu': '1', 'total_GB': 94.97, 'free_GB': 90.93, 'used_GB': 4.04, 'allocated_GB': 16.01, 'reserved_GB': 18.15, 'host_total_GB': 1133.56, 'host_available_GB': 735.52, 'host_used_GB': 398.04, 'host_free_GB': 29.03}
[2026-08-15 06:36:39] reloadable_process_group.py:121 - Reloaded default WORLD process group with backend nccl (generation 162)
[2026-08-15 06:36:39] reloadable_process_group.py:331 - Reloading 57 process groups in pid 31657: {'nccl': 50, 'gloo': 7}
[2026-08-15 06:36:39] memory_utils.py:47 - [Rank 1] Memory-Usage before update_weights: {'gpu': '1', 'total_GB': 94.97, 'free_GB': 87.65, 'used_GB': 7.32, 'allocated_GB': 16.01, 'reserved_GB': 18.15, 'host_total_GB': 1133.56, 'host_available_GB': 734.65, 'host_used_GB': 398.9, 'host_free_GB': 28.17}
[2026-08-15 06:36:39] memory_utils.py:47 - [Rank 1] Memory-Usage after update_weights: {'gpu': '1', 'total_GB': 94.97, 'free_GB': 87.67, 'used_GB': 7.3, 'allocated_GB': 16.01, 'reserved_GB': 18.15, 'host_total_GB': 1133.56, 'host_available_GB': 734.59, 'host_used_GB': 398.97, 'host_free_GB': 28.1}
[2026-08-15 06:36:40] reloadable_process_group.py:100 - Destroyed default nccl WORLD process group and initialized a temporary Gloo WORLD (generation 163)
[2026-08-15 06:38:00] memory_utils.py:47 - [Rank 1] Memory-Usage before wake_up model: {'gpu': '1', 'total_GB': 94.97, 'free_GB': 90.93, 'used_GB': 4.04, 'allocated_GB': 16.01, 'reserved_GB': 18.15, 'host_total_GB': 1133.56, 'host_available_GB': 735.38, 'host_used_GB': 398.18, 'host_free_GB': 36.19}
[2026-08-15 06:38:03] reloadable_process_group.py:121 - Reloaded default WORLD process group with backend nccl (generation 164)
[2026-08-15 06:38:03] reloadable_process_group.py:331 - Reloading 57 process groups in pid 31657: {'nccl': 50, 'gloo': 7}
[2026-08-15 06:38:03] memory_utils.py:47 - [Rank 1] Memory-Usage after wake_up model: {'gpu': '1', 'total_GB': 94.97, 'free_GB': 72.79, 'used_GB': 22.18, 'allocated_GB': 16.01, 'reserved_GB': 18.15, 'host_total_GB': 1133.56, 'host_available_GB': 769.16, 'host_used_GB': 364.4, 'host_free_GB': 69.98}
[2026-08-15 06:38:15] memory_utils.py:47 - [Rank 1] Memory-Usage before offload model: {'gpu': '1', 'total_GB': 94.97, 'free_GB': 71.99, 'used_GB': 22.98, 'allocated_GB': 16.01, 'reserved_GB': 18.15, 'host_total_GB': 1133.56, 'host_available_GB': 768.73, 'host_used_GB': 364.83, 'host_free_GB': 69.55}
[2026-08-15 06:38:17] reloadable_process_group.py:100 - Destroyed default nccl WORLD process group and initialized a temporary Gloo WORLD (generation 165)
[2026-08-15 06:38:22] memory_utils.py:47 - [Rank 1] Memory-Usage after offload model: {'gpu': '1', 'total_GB': 94.97, 'free_GB': 90.93, 'used_GB': 4.04, 'allocated_GB': 16.01, 'reserved_GB': 18.15, 'host_total_GB': 1133.56, 'host_available_GB': 736.15, 'host_used_GB': 397.41, 'host_free_GB': 36.97}
[2026-08-15 06:38:23] reloadable_process_group.py:121 - Reloaded default WORLD process group with backend nccl (generation 166)
[2026-08-15 06:38:23] reloadable_process_group.py:331 - Reloading 57 process groups in pid 31657: {'nccl': 50, 'gloo': 7}
[2026-08-15 06:38:23] memory_utils.py:47 - [Rank 1] Memory-Usage before update_weights: {'gpu': '1', 'total_GB': 94.97, 'free_GB': 87.65, 'used_GB': 7.32, 'allocated_GB': 16.01, 'reserved_GB': 18.15, 'host_total_GB': 1133.56, 'host_available_GB': 735.18, 'host_used_GB': 398.38, 'host_free_GB': 35.99}
[2026-08-15 06:38:23] memory_utils.py:47 - [Rank 1] Memory-Usage after update_weights: {'gpu': '1', 'total_GB': 94.97, 'free_GB': 87.67, 'used_GB': 7.3, 'allocated_GB': 16.01, 'reserved_GB': 18.15, 'host_total_GB': 1133.56, 'host_available_GB': 735.19, 'host_used_GB': 398.37, 'host_free_GB': 36.01}
[2026-08-15 06:38:23] reloadable_process_group.py:100 - Destroyed default nccl WORLD process group and initialized a temporary Gloo WORLD (generation 167)
[2026-08-15 06:39:44] memory_utils.py:47 - [Rank 1] Memory-Usage before wake_up model: {'gpu': '1', 'total_GB': 94.97, 'free_GB': 90.93, 'used_GB': 4.04, 'allocated_GB': 16.01, 'reserved_GB': 18.15, 'host_total_GB': 1133.56, 'host_available_GB': 733.83, 'host_used_GB': 399.72, 'host_free_GB': 39.92}
[2026-08-15 06:39:48] reloadable_process_group.py:121 - Reloaded default WORLD process group with backend nccl (generation 168)
[2026-08-15 06:39:48] reloadable_process_group.py:331 - Reloading 57 process groups in pid 31657: {'nccl': 50, 'gloo': 7}
[2026-08-15 06:39:48] memory_utils.py:47 - [Rank 1] Memory-Usage after wake_up model: {'gpu': '1', 'total_GB': 94.97, 'free_GB': 72.79, 'used_GB': 22.18, 'allocated_GB': 16.01, 'reserved_GB': 18.15, 'host_total_GB': 1133.56, 'host_available_GB': 765.95, 'host_used_GB': 367.61, 'host_free_GB': 69.07}
[2026-08-15 06:39:55] memory_utils.py:47 - [Rank 1] Memory-Usage before offload model: {'gpu': '1', 'total_GB': 94.97, 'free_GB': 71.99, 'used_GB': 22.98, 'allocated_GB': 16.01, 'reserved_GB': 18.15, 'host_total_GB': 1133.56, 'host_available_GB': 763.99, 'host_used_GB': 369.57, 'host_free_GB': 62.07}
[2026-08-15 06:39:57] reloadable_process_group.py:100 - Destroyed default nccl WORLD process group and initialized a temporary Gloo WORLD (generation 169)
[2026-08-15 06:40:02] memory_utils.py:47 - [Rank 1] Memory-Usage after offload model: {'gpu': '1', 'total_GB': 94.97, 'free_GB': 90.93, 'used_GB': 4.04, 'allocated_GB': 16.01, 'reserved_GB': 18.15, 'host_total_GB': 1133.56, 'host_available_GB': 732.04, 'host_used_GB': 401.51, 'host_free_GB': 28.73}
[2026-08-15 06:40:03] reloadable_process_group.py:121 - Reloaded default WORLD process group with backend nccl (generation 170)
[2026-08-15 06:40:03] reloadable_process_group.py:331 - Reloading 57 process groups in pid 31657: {'nccl': 50, 'gloo': 7}
[2026-08-15 06:40:03] memory_utils.py:47 - [Rank 1] Memory-Usage before update_weights: {'gpu': '1', 'total_GB': 94.97, 'free_GB': 87.65, 'used_GB': 7.32, 'allocated_GB': 16.01, 'reserved_GB': 18.15, 'host_total_GB': 1133.56, 'host_available_GB': 731.27, 'host_used_GB': 402.29, 'host_free_GB': 27.96}
[2026-08-15 06:40:04] memory_utils.py:47 - [Rank 1] Memory-Usage after update_weights: {'gpu': '1', 'total_GB': 94.97, 'free_GB': 87.67, 'used_GB': 7.3, 'allocated_GB': 16.01, 'reserved_GB': 18.15, 'host_total_GB': 1133.56, 'host_available_GB': 731.28, 'host_used_GB': 402.28, 'host_free_GB': 27.96}
[2026-08-15 06:40:04] reloadable_process_group.py:100 - Destroyed default nccl WORLD process group and initialized a temporary Gloo WORLD (generation 171)
[2026-08-15 06:41:24] memory_utils.py:47 - [Rank 1] Memory-Usage before wake_up model: {'gpu': '1', 'total_GB': 94.97, 'free_GB': 90.93, 'used_GB': 4.04, 'allocated_GB': 16.01, 'reserved_GB': 18.15, 'host_total_GB': 1133.56, 'host_available_GB': 733.57, 'host_used_GB': 399.99, 'host_free_GB': 20.02}
[2026-08-15 06:41:27] reloadable_process_group.py:121 - Reloaded default WORLD process group with backend nccl (generation 172)
[2026-08-15 06:41:27] reloadable_process_group.py:331 - Reloading 57 process groups in pid 31657: {'nccl': 50, 'gloo': 7}
[2026-08-15 06:41:27] memory_utils.py:47 - [Rank 1] Memory-Usage after wake_up model: {'gpu': '1', 'total_GB': 94.97, 'free_GB': 72.79, 'used_GB': 22.18, 'allocated_GB': 16.01, 'reserved_GB': 18.15, 'host_total_GB': 1133.56, 'host_available_GB': 766.94, 'host_used_GB': 366.62, 'host_free_GB': 52.23}
[2026-08-15 06:41:35] memory_utils.py:47 - [Rank 1] Memory-Usage before offload model: {'gpu': '1', 'total_GB': 94.97, 'free_GB': 71.99, 'used_GB': 22.98, 'allocated_GB': 16.01, 'reserved_GB': 18.15, 'host_total_GB': 1133.56, 'host_available_GB': 768.19, 'host_used_GB': 365.37, 'host_free_GB': 51.17}
[2026-08-15 06:41:36] reloadable_process_group.py:100 - Destroyed default nccl WORLD process group and initialized a temporary Gloo WORLD (generation 173)
[2026-08-15 06:41:42] memory_utils.py:47 - [Rank 1] Memory-Usage after offload model: {'gpu': '1', 'total_GB': 94.97, 'free_GB': 90.93, 'used_GB': 4.04, 'allocated_GB': 16.01, 'reserved_GB': 18.15, 'host_total_GB': 1133.56, 'host_available_GB': 734.38, 'host_used_GB': 399.18, 'host_free_GB': 18.1}
[2026-08-15 06:41:42] reloadable_process_group.py:121 - Reloaded default WORLD process group with backend nccl (generation 174)
[2026-08-15 06:41:42] reloadable_process_group.py:331 - Reloading 57 process groups in pid 31657: {'nccl': 50, 'gloo': 7}
[2026-08-15 06:41:43] memory_utils.py:47 - [Rank 1] Memory-Usage before update_weights: {'gpu': '1', 'total_GB': 94.97, 'free_GB': 87.65, 'used_GB': 7.32, 'allocated_GB': 16.01, 'reserved_GB': 18.15, 'host_total_GB': 1133.56, 'host_available_GB': 736.72, 'host_used_GB': 396.84, 'host_free_GB': 18.2}
[2026-08-15 06:41:43] memory_utils.py:47 - [Rank 1] Memory-Usage after update_weights: {'gpu': '1', 'total_GB': 94.97, 'free_GB': 87.67, 'used_GB': 7.3, 'allocated_GB': 16.01, 'reserved_GB': 18.15, 'host_total_GB': 1133.56, 'host_available_GB': 736.72, 'host_used_GB': 396.84, 'host_free_GB': 18.16}
[2026-08-15 06:41:43] reloadable_process_group.py:100 - Destroyed default nccl WORLD process group and initialized a temporary Gloo WORLD (generation 175)
[2026-08-15 06:43:05] memory_utils.py:47 - [Rank 1] Memory-Usage before wake_up model: {'gpu': '1', 'total_GB': 94.97, 'free_GB': 90.93, 'used_GB': 4.04, 'allocated_GB': 16.01, 'reserved_GB': 18.15, 'host_total_GB': 1133.56, 'host_available_GB': 737.99, 'host_used_GB': 395.57, 'host_free_GB': 35.8}
[2026-08-15 06:43:08] reloadable_process_group.py:121 - Reloaded default WORLD process group with backend nccl (generation 176)
[2026-08-15 06:43:08] reloadable_process_group.py:331 - Reloading 57 process groups in pid 31657: {'nccl': 50, 'gloo': 7}
[2026-08-15 06:43:08] memory_utils.py:47 - [Rank 1] Memory-Usage after wake_up model: {'gpu': '1', 'total_GB': 94.97, 'free_GB': 72.79, 'used_GB': 22.18, 'allocated_GB': 16.01, 'reserved_GB': 18.15, 'host_total_GB': 1133.56, 'host_available_GB': 771.35, 'host_used_GB': 362.21, 'host_free_GB': 70.8}
[2026-08-15 06:43:16] memory_utils.py:47 - [Rank 1] Memory-Usage before offload model: {'gpu': '1', 'total_GB': 94.97, 'free_GB': 71.99, 'used_GB': 22.98, 'allocated_GB': 16.01, 'reserved_GB': 18.15, 'host_total_GB': 1133.56, 'host_available_GB': 770.37, 'host_used_GB': 363.18, 'host_free_GB': 68.55}
[2026-08-15 06:43:18] reloadable_process_group.py:100 - Destroyed default nccl WORLD process group and initialized a temporary Gloo WORLD (generation 177)
[2026-08-15 06:43:23] memory_utils.py:47 - [Rank 1] Memory-Usage after offload model: {'gpu': '1', 'total_GB': 94.97, 'free_GB': 90.93, 'used_GB': 4.04, 'allocated_GB': 16.01, 'reserved_GB': 18.15, 'host_total_GB': 1133.56, 'host_available_GB': 737.73, 'host_used_GB': 395.82, 'host_free_GB': 34.93}
[2026-08-15 06:43:24] reloadable_process_group.py:121 - Reloaded default WORLD process group with backend nccl (generation 178)
[2026-08-15 06:43:24] reloadable_process_group.py:331 - Reloading 57 process groups in pid 31657: {'nccl': 50, 'gloo': 7}
[2026-08-15 06:43:24] memory_utils.py:47 - [Rank 1] Memory-Usage before update_weights: {'gpu': '1', 'total_GB': 94.97, 'free_GB': 87.65, 'used_GB': 7.32, 'allocated_GB': 16.01, 'reserved_GB': 18.15, 'host_total_GB': 1133.56, 'host_available_GB': 737.09, 'host_used_GB': 396.46, 'host_free_GB': 34.27}
[2026-08-15 06:43:25] memory_utils.py:47 - [Rank 1] Memory-Usage after update_weights: {'gpu': '1', 'total_GB': 94.97, 'free_GB': 87.67, 'used_GB': 7.3, 'allocated_GB': 16.01, 'reserved_GB': 18.15, 'host_total_GB': 1133.56, 'host_available_GB': 737.15, 'host_used_GB': 396.41, 'host_free_GB': 34.33}
[2026-08-15 06:43:25] reloadable_process_group.py:100 - Destroyed default nccl WORLD process group and initialized a temporary Gloo WORLD (generation 179)
[2026-08-15 06:44:44] memory_utils.py:47 - [Rank 1] Memory-Usage before wake_up model: {'gpu': '1', 'total_GB': 94.97, 'free_GB': 90.93, 'used_GB': 4.04, 'allocated_GB': 16.01, 'reserved_GB': 18.15, 'host_total_GB': 1133.56, 'host_available_GB': 738.39, 'host_used_GB': 395.16, 'host_free_GB': 32.97}
[2026-08-15 06:44:47] reloadable_process_group.py:121 - Reloaded default WORLD process group with backend nccl (generation 180)
[2026-08-15 06:44:47] reloadable_process_group.py:331 - Reloading 57 process groups in pid 31657: {'nccl': 50, 'gloo': 7}
[2026-08-15 06:44:47] memory_utils.py:47 - [Rank 1] Memory-Usage after wake_up model: {'gpu': '1', 'total_GB': 94.97, 'free_GB': 72.79, 'used_GB': 22.18, 'allocated_GB': 16.01, 'reserved_GB': 18.15, 'host_total_GB': 1133.56, 'host_available_GB': 772.28, 'host_used_GB': 361.28, 'host_free_GB': 69.14}
[2026-08-15 06:44:58] memory_utils.py:47 - [Rank 1] Memory-Usage before offload model: {'gpu': '1', 'total_GB': 94.97, 'free_GB': 71.99, 'used_GB': 22.98, 'allocated_GB': 16.01, 'reserved_GB': 18.15, 'host_total_GB': 1133.56, 'host_available_GB': 771.19, 'host_used_GB': 362.37, 'host_free_GB': 75.13}
[2026-08-15 06:44:59] reloadable_process_group.py:100 - Destroyed default nccl WORLD process group and initialized a temporary Gloo WORLD (generation 181)
[2026-08-15 06:45:05] memory_utils.py:47 - [Rank 1] Memory-Usage after offload model: {'gpu': '1', 'total_GB': 94.97, 'free_GB': 90.93, 'used_GB': 4.04, 'allocated_GB': 16.01, 'reserved_GB': 18.15, 'host_total_GB': 1133.56, 'host_available_GB': 737.98, 'host_used_GB': 395.58, 'host_free_GB': 41.31}
[2026-08-15 06:45:06] reloadable_process_group.py:121 - Reloaded default WORLD process group with backend nccl (generation 182)
[2026-08-15 06:45:06] reloadable_process_group.py:331 - Reloading 57 process groups in pid 31657: {'nccl': 50, 'gloo': 7}
[2026-08-15 06:45:06] memory_utils.py:47 - [Rank 1] Memory-Usage before update_weights: {'gpu': '1', 'total_GB': 94.97, 'free_GB': 87.65, 'used_GB': 7.32, 'allocated_GB': 16.01, 'reserved_GB': 18.15, 'host_total_GB': 1133.56, 'host_available_GB': 737.02, 'host_used_GB': 396.54, 'host_free_GB': 40.27}
[2026-08-15 06:45:06] memory_utils.py:47 - [Rank 1] Memory-Usage after update_weights: {'gpu': '1', 'total_GB': 94.97, 'free_GB': 87.67, 'used_GB': 7.3, 'allocated_GB': 16.01, 'reserved_GB': 18.15, 'host_total_GB': 1133.56, 'host_available_GB': 737.06, 'host_used_GB': 396.5, 'host_free_GB': 40.3}
[2026-08-15 06:45:06] reloadable_process_group.py:100 - Destroyed default nccl WORLD process group and initialized a temporary Gloo WORLD (generation 183)
[2026-08-15 06:46:27] memory_utils.py:47 - [Rank 1] Memory-Usage before wake_up model: {'gpu': '1', 'total_GB': 94.97, 'free_GB': 90.93, 'used_GB': 4.04, 'allocated_GB': 16.01, 'reserved_GB': 18.15, 'host_total_GB': 1133.56, 'host_available_GB': 737.18, 'host_used_GB': 396.37, 'host_free_GB': 40.92}
[2026-08-15 06:46:30] reloadable_process_group.py:121 - Reloaded default WORLD process group with backend nccl (generation 184)
[2026-08-15 06:46:30] reloadable_process_group.py:331 - Reloading 57 process groups in pid 31657: {'nccl': 50, 'gloo': 7}
[2026-08-15 06:46:31] memory_utils.py:47 - [Rank 1] Memory-Usage after wake_up model: {'gpu': '1', 'total_GB': 94.97, 'free_GB': 72.79, 'used_GB': 22.18, 'allocated_GB': 16.01, 'reserved_GB': 18.15, 'host_total_GB': 1133.56, 'host_available_GB': 771.49, 'host_used_GB': 362.07, 'host_free_GB': 75.22}
[2026-08-15 06:46:38] memory_utils.py:47 - [Rank 1] Memory-Usage before offload model: {'gpu': '1', 'total_GB': 94.97, 'free_GB': 71.99, 'used_GB': 22.98, 'allocated_GB': 16.01, 'reserved_GB': 18.15, 'host_total_GB': 1133.56, 'host_available_GB': 771.18, 'host_used_GB': 362.38, 'host_free_GB': 74.91}
[2026-08-15 06:46:40] reloadable_process_group.py:100 - Destroyed default nccl WORLD process group and initialized a temporary Gloo WORLD (generation 185)
[2026-08-15 06:46:45] memory_utils.py:47 - [Rank 1] Memory-Usage after offload model: {'gpu': '1', 'total_GB': 94.97, 'free_GB': 90.93, 'used_GB': 4.04, 'allocated_GB': 16.01, 'reserved_GB': 18.15, 'host_total_GB': 1133.56, 'host_available_GB': 738.94, 'host_used_GB': 394.62, 'host_free_GB': 42.67}
[2026-08-15 06:46:46] reloadable_process_group.py:121 - Reloaded default WORLD process group with backend nccl (generation 186)
[2026-08-15 06:46:46] reloadable_process_group.py:331 - Reloading 57 process groups in pid 31657: {'nccl': 50, 'gloo': 7}
[2026-08-15 06:46:46] memory_utils.py:47 - [Rank 1] Memory-Usage before update_weights: {'gpu': '1', 'total_GB': 94.97, 'free_GB': 87.65, 'used_GB': 7.32, 'allocated_GB': 16.01, 'reserved_GB': 18.15, 'host_total_GB': 1133.56, 'host_available_GB': 737.93, 'host_used_GB': 395.63, 'host_free_GB': 41.66}
[2026-08-15 06:46:47] memory_utils.py:47 - [Rank 1] Memory-Usage after update_weights: {'gpu': '1', 'total_GB': 94.97, 'free_GB': 87.67, 'used_GB': 7.3, 'allocated_GB': 16.01, 'reserved_GB': 18.15, 'host_total_GB': 1133.56, 'host_available_GB': 737.93, 'host_used_GB': 395.63, 'host_free_GB': 41.66}
[2026-08-15 06:46:47] reloadable_process_group.py:100 - Destroyed default nccl WORLD process group and initialized a temporary Gloo WORLD (generation 187)
[2026-08-15 06:48:08] memory_utils.py:47 - [Rank 1] Memory-Usage before wake_up model: {'gpu': '1', 'total_GB': 94.97, 'free_GB': 90.93, 'used_GB': 4.04, 'allocated_GB': 16.01, 'reserved_GB': 18.15, 'host_total_GB': 1133.56, 'host_available_GB': 736.64, 'host_used_GB': 396.92, 'host_free_GB': 39.33}
[2026-08-15 06:48:11] reloadable_process_group.py:121 - Reloaded default WORLD process group with backend nccl (generation 188)
[2026-08-15 06:48:11] reloadable_process_group.py:331 - Reloading 57 process groups in pid 31657: {'nccl': 50, 'gloo': 7}
[2026-08-15 06:48:11] memory_utils.py:47 - [Rank 1] Memory-Usage after wake_up model: {'gpu': '1', 'total_GB': 94.97, 'free_GB': 72.79, 'used_GB': 22.18, 'allocated_GB': 16.01, 'reserved_GB': 18.15, 'host_total_GB': 1133.56, 'host_available_GB': 769.13, 'host_used_GB': 364.43, 'host_free_GB': 69.61}
[2026-08-15 06:48:19] memory_utils.py:47 - [Rank 1] Memory-Usage before offload model: {'gpu': '1', 'total_GB': 94.97, 'free_GB': 71.99, 'used_GB': 22.98, 'allocated_GB': 16.01, 'reserved_GB': 18.15, 'host_total_GB': 1133.56, 'host_available_GB': 766.69, 'host_used_GB': 366.87, 'host_free_GB': 62.17}
[2026-08-15 06:48:21] reloadable_process_group.py:100 - Destroyed default nccl WORLD process group and initialized a temporary Gloo WORLD (generation 189)
[2026-08-15 06:48:26] memory_utils.py:47 - [Rank 1] Memory-Usage after offload model: {'gpu': '1', 'total_GB': 94.97, 'free_GB': 90.93, 'used_GB': 4.04, 'allocated_GB': 16.01, 'reserved_GB': 18.15, 'host_total_GB': 1133.56, 'host_available_GB': 734.08, 'host_used_GB': 399.47, 'host_free_GB': 25.96}
[2026-08-15 06:48:27] reloadable_process_group.py:121 - Reloaded default WORLD process group with backend nccl (generation 190)
[2026-08-15 06:48:27] reloadable_process_group.py:331 - Reloading 57 process groups in pid 31657: {'nccl': 50, 'gloo': 7}
[2026-08-15 06:48:27] memory_utils.py:47 - [Rank 1] Memory-Usage before update_weights: {'gpu': '1', 'total_GB': 94.97, 'free_GB': 87.65, 'used_GB': 7.32, 'allocated_GB': 16.01, 'reserved_GB': 18.15, 'host_total_GB': 1133.56, 'host_available_GB': 733.15, 'host_used_GB': 400.4, 'host_free_GB': 25.03}
[2026-08-15 06:48:27] memory_utils.py:47 - [Rank 1] Memory-Usage after update_weights: {'gpu': '1', 'total_GB': 94.97, 'free_GB': 87.67, 'used_GB': 7.3, 'allocated_GB': 16.01, 'reserved_GB': 18.15, 'host_total_GB': 1133.56, 'host_available_GB': 733.14, 'host_used_GB': 400.42, 'host_free_GB': 25.01}
[2026-08-15 06:48:27] reloadable_process_group.py:100 - Destroyed default nccl WORLD process group and initialized a temporary Gloo WORLD (generation 191)
[2026-08-15 06:49:46] memory_utils.py:47 - [Rank 1] Memory-Usage before wake_up model: {'gpu': '1', 'total_GB': 94.97, 'free_GB': 90.93, 'used_GB': 4.04, 'allocated_GB': 16.01, 'reserved_GB': 18.15, 'host_total_GB': 1133.56, 'host_available_GB': 735.65, 'host_used_GB': 397.9, 'host_free_GB': 35.73}
[2026-08-15 06:49:50] reloadable_process_group.py:121 - Reloaded default WORLD process group with backend nccl (generation 192)
[2026-08-15 06:49:50] reloadable_process_group.py:331 - Reloading 57 process groups in pid 31657: {'nccl': 50, 'gloo': 7}
[2026-08-15 06:49:50] memory_utils.py:47 - [Rank 1] Memory-Usage after wake_up model: {'gpu': '1', 'total_GB': 94.97, 'free_GB': 72.79, 'used_GB': 22.18, 'allocated_GB': 16.01, 'reserved_GB': 18.15, 'host_total_GB': 1133.56, 'host_available_GB': 769.62, 'host_used_GB': 363.94, 'host_free_GB': 69.68}
[2026-08-15 06:49:57] memory_utils.py:47 - [Rank 1] Memory-Usage before offload model: {'gpu': '1', 'total_GB': 94.97, 'free_GB': 71.99, 'used_GB': 22.98, 'allocated_GB': 16.01, 'reserved_GB': 18.15, 'host_total_GB': 1133.56, 'host_available_GB': 769.29, 'host_used_GB': 364.27, 'host_free_GB': 69.32}
[2026-08-15 06:49:58] reloadable_process_group.py:100 - Destroyed default nccl WORLD process group and initialized a temporary Gloo WORLD (generation 193)
[2026-08-15 06:50:04] memory_utils.py:47 - [Rank 1] Memory-Usage after offload model: {'gpu': '1', 'total_GB': 94.97, 'free_GB': 90.93, 'used_GB': 4.04, 'allocated_GB': 16.01, 'reserved_GB': 18.15, 'host_total_GB': 1133.56, 'host_available_GB': 736.62, 'host_used_GB': 396.94, 'host_free_GB': 36.63}
[2026-08-15 06:50:04] reloadable_process_group.py:121 - Reloaded default WORLD process group with backend nccl (generation 194)
[2026-08-15 06:50:04] reloadable_process_group.py:331 - Reloading 57 process groups in pid 31657: {'nccl': 50, 'gloo': 7}
[2026-08-15 06:50:05] memory_utils.py:47 - [Rank 1] Memory-Usage before update_weights: {'gpu': '1', 'total_GB': 94.97, 'free_GB': 87.65, 'used_GB': 7.32, 'allocated_GB': 16.01, 'reserved_GB': 18.15, 'host_total_GB': 1133.56, 'host_available_GB': 735.43, 'host_used_GB': 398.13, 'host_free_GB': 35.43}
[2026-08-15 06:50:05] memory_utils.py:47 - [Rank 1] Memory-Usage after update_weights: {'gpu': '1', 'total_GB': 94.97, 'free_GB': 87.67, 'used_GB': 7.3, 'allocated_GB': 16.01, 'reserved_GB': 18.15, 'host_total_GB': 1133.56, 'host_available_GB': 735.46, 'host_used_GB': 398.1, 'host_free_GB': 35.47}
[2026-08-15 06:50:05] reloadable_process_group.py:100 - Destroyed default nccl WORLD process group and initialized a temporary Gloo WORLD (generation 195)
[2026-08-15 06:51:28] memory_utils.py:47 - [Rank 1] Memory-Usage before wake_up model: {'gpu': '1', 'total_GB': 94.97, 'free_GB': 90.93, 'used_GB': 4.04, 'allocated_GB': 16.01, 'reserved_GB': 18.15, 'host_total_GB': 1133.56, 'host_available_GB': 736.1, 'host_used_GB': 397.46, 'host_free_GB': 39.78}
[2026-08-15 06:51:31] reloadable_process_group.py:121 - Reloaded default WORLD process group with backend nccl (generation 196)
[2026-08-15 06:51:31] reloadable_process_group.py:331 - Reloading 57 process groups in pid 31657: {'nccl': 50, 'gloo': 7}
[2026-08-15 06:51:31] memory_utils.py:47 - [Rank 1] Memory-Usage after wake_up model: {'gpu': '1', 'total_GB': 94.97, 'free_GB': 72.79, 'used_GB': 22.18, 'allocated_GB': 16.01, 'reserved_GB': 18.15, 'host_total_GB': 1133.56, 'host_available_GB': 770.2, 'host_used_GB': 363.36, 'host_free_GB': 73.87}
[2026-08-15 06:51:43] memory_utils.py:47 - [Rank 1] Memory-Usage before offload model: {'gpu': '1', 'total_GB': 94.97, 'free_GB': 71.99, 'used_GB': 22.98, 'allocated_GB': 16.01, 'reserved_GB': 18.15, 'host_total_GB': 1133.56, 'host_available_GB': 769.68, 'host_used_GB': 363.88, 'host_free_GB': 73.3}
[2026-08-15 06:51:44] reloadable_process_group.py:100 - Destroyed default nccl WORLD process group and initialized a temporary Gloo WORLD (generation 197)
[2026-08-15 06:51:49] memory_utils.py:47 - [Rank 1] Memory-Usage after offload model: {'gpu': '1', 'total_GB': 94.97, 'free_GB': 90.93, 'used_GB': 4.04, 'allocated_GB': 16.01, 'reserved_GB': 18.15, 'host_total_GB': 1133.56, 'host_available_GB': 737.73, 'host_used_GB': 395.83, 'host_free_GB': 41.33}
[2026-08-15 06:51:50] reloadable_process_group.py:121 - Reloaded default WORLD process group with backend nccl (generation 198)
[2026-08-15 06:51:50] reloadable_process_group.py:331 - Reloading 57 process groups in pid 31657: {'nccl': 50, 'gloo': 7}
[2026-08-15 06:51:50] memory_utils.py:47 - [Rank 1] Memory-Usage before update_weights: {'gpu': '1', 'total_GB': 94.97, 'free_GB': 87.65, 'used_GB': 7.32, 'allocated_GB': 16.01, 'reserved_GB': 18.15, 'host_total_GB': 1133.56, 'host_available_GB': 736.44, 'host_used_GB': 397.12, 'host_free_GB': 40.04}
[2026-08-15 06:51:51] memory_utils.py:47 - [Rank 1] Memory-Usage after update_weights: {'gpu': '1', 'total_GB': 94.97, 'free_GB': 87.67, 'used_GB': 7.3, 'allocated_GB': 16.01, 'reserved_GB': 18.15, 'host_total_GB': 1133.56, 'host_available_GB': 736.43, 'host_used_GB': 397.13, 'host_free_GB': 40.03}
[2026-08-15 06:51:51] reloadable_process_group.py:100 - Destroyed default nccl WORLD process group and initialized a temporary Gloo WORLD (generation 199)
[2026-08-15 06:53:12] memory_utils.py:47 - [Rank 1] Memory-Usage before wake_up model: {'gpu': '1', 'total_GB': 94.97, 'free_GB': 90.93, 'used_GB': 4.04, 'allocated_GB': 16.01, 'reserved_GB': 18.15, 'host_total_GB': 1133.56, 'host_available_GB': 731.74, 'host_used_GB': 401.82, 'host_free_GB': 25.67}
[2026-08-15 06:53:15] reloadable_process_group.py:121 - Reloaded default WORLD process group with backend nccl (generation 200)
[2026-08-15 06:53:15] reloadable_process_group.py:331 - Reloading 57 process groups in pid 31657: {'nccl': 50, 'gloo': 7}
[2026-08-15 06:53:16] memory_utils.py:47 - [Rank 1] Memory-Usage after wake_up model: {'gpu': '1', 'total_GB': 94.97, 'free_GB': 72.79, 'used_GB': 22.18, 'allocated_GB': 16.01, 'reserved_GB': 18.15, 'host_total_GB': 1133.56, 'host_available_GB': 765.75, 'host_used_GB': 367.81, 'host_free_GB': 64.77}
[2026-08-15 06:53:23] memory_utils.py:47 - [Rank 1] Memory-Usage before offload model: {'gpu': '1', 'total_GB': 94.97, 'free_GB': 71.99, 'used_GB': 22.98, 'allocated_GB': 16.01, 'reserved_GB': 18.15, 'host_total_GB': 1133.56, 'host_available_GB': 765.37, 'host_used_GB': 368.19, 'host_free_GB': 68.8}
[2026-08-15 06:53:25] reloadable_process_group.py:100 - Destroyed default nccl WORLD process group and initialized a temporary Gloo WORLD (generation 201)
[2026-08-15 06:53:30] memory_utils.py:47 - [Rank 1] Memory-Usage after offload model: {'gpu': '1', 'total_GB': 94.97, 'free_GB': 90.93, 'used_GB': 4.04, 'allocated_GB': 16.01, 'reserved_GB': 18.15, 'host_total_GB': 1133.56, 'host_available_GB': 731.99, 'host_used_GB': 401.56, 'host_free_GB': 35.58}
[2026-08-15 06:53:31] reloadable_process_group.py:121 - Reloaded default WORLD process group with backend nccl (generation 202)
[2026-08-15 06:53:31] reloadable_process_group.py:331 - Reloading 57 process groups in pid 31657: {'nccl': 50, 'gloo': 7}
[2026-08-15 06:53:31] memory_utils.py:47 - [Rank 1] Memory-Usage before update_weights: {'gpu': '1', 'total_GB': 94.97, 'free_GB': 87.65, 'used_GB': 7.32, 'allocated_GB': 16.01, 'reserved_GB': 18.15, 'host_total_GB': 1133.56, 'host_available_GB': 731.04, 'host_used_GB': 402.51, 'host_free_GB': 34.63}
[2026-08-15 06:53:32] memory_utils.py:47 - [Rank 1] Memory-Usage after update_weights: {'gpu': '1', 'total_GB': 94.97, 'free_GB': 87.67, 'used_GB': 7.3, 'allocated_GB': 16.01, 'reserved_GB': 18.15, 'host_total_GB': 1133.56, 'host_available_GB': 731.04, 'host_used_GB': 402.52, 'host_free_GB': 34.59}
[2026-08-15 06:53:32] reloadable_process_group.py:100 - Destroyed default nccl WORLD process group and initialized a temporary Gloo WORLD (generation 203)
[2026-08-15 07:43:56] memory_utils.py:47 - [Rank 1] Memory-Usage before wake_up model: {'gpu': '1', 'total_GB': 94.97, 'free_GB': 90.93, 'used_GB': 4.04, 'allocated_GB': 16.01, 'reserved_GB': 18.15, 'host_total_GB': 1133.56, 'host_available_GB': 742.46, 'host_used_GB': 391.1, 'host_free_GB': 42.48}
[2026-08-15 07:43:59] reloadable_process_group.py:121 - Reloaded default WORLD process group with backend nccl (generation 204)
[2026-08-15 07:43:59] reloadable_process_group.py:331 - Reloading 57 process groups in pid 31657: {'nccl': 50, 'gloo': 7}
[2026-08-15 07:44:00] memory_utils.py:47 - [Rank 1] Memory-Usage after wake_up model: {'gpu': '1', 'total_GB': 94.97, 'free_GB': 72.79, 'used_GB': 22.18, 'allocated_GB': 16.01, 'reserved_GB': 18.15, 'host_total_GB': 1133.56, 'host_available_GB': 776.58, 'host_used_GB': 356.98, 'host_free_GB': 76.6}
[2026-08-15 07:44:08] memory_utils.py:47 - [Rank 1] Memory-Usage before offload model: {'gpu': '1', 'total_GB': 94.97, 'free_GB': 71.99, 'used_GB': 22.98, 'allocated_GB': 16.01, 'reserved_GB': 18.15, 'host_total_GB': 1133.56, 'host_available_GB': 776.36, 'host_used_GB': 357.2, 'host_free_GB': 76.38}
[2026-08-15 07:44:10] reloadable_process_group.py:100 - Destroyed default nccl WORLD process group and initialized a temporary Gloo WORLD (generation 205)
[2026-08-15 07:44:15] memory_utils.py:47 - [Rank 1] Memory-Usage after offload model: {'gpu': '1', 'total_GB': 94.97, 'free_GB': 90.93, 'used_GB': 4.04, 'allocated_GB': 16.01, 'reserved_GB': 18.15, 'host_total_GB': 1133.56, 'host_available_GB': 743.65, 'host_used_GB': 389.91, 'host_free_GB': 43.67}
[2026-08-15 07:44:16] reloadable_process_group.py:121 - Reloaded default WORLD process group with backend nccl (generation 206)
[2026-08-15 07:44:16] reloadable_process_group.py:331 - Reloading 57 process groups in pid 31657: {'nccl': 50, 'gloo': 7}
[2026-08-15 07:44:16] memory_utils.py:47 - [Rank 1] Memory-Usage before update_weights: {'gpu': '1', 'total_GB': 94.97, 'free_GB': 87.65, 'used_GB': 7.32, 'allocated_GB': 16.01, 'reserved_GB': 18.15, 'host_total_GB': 1133.56, 'host_available_GB': 742.56, 'host_used_GB': 391.0, 'host_free_GB': 42.57}
[2026-08-15 07:44:17] memory_utils.py:47 - [Rank 1] Memory-Usage after update_weights: {'gpu': '1', 'total_GB': 94.97, 'free_GB': 87.67, 'used_GB': 7.3, 'allocated_GB': 16.01, 'reserved_GB': 18.15, 'host_total_GB': 1133.56, 'host_available_GB': 742.68, 'host_used_GB': 390.88, 'host_free_GB': 42.7}
[2026-08-15 07:44:17] reloadable_process_group.py:100 - Destroyed default nccl WORLD process group and initialized a temporary Gloo WORLD (generation 207)
[2026-08-15 07:45:36] memory_utils.py:47 - [Rank 1] Memory-Usage before wake_up model: {'gpu': '1', 'total_GB': 94.97, 'free_GB': 90.93, 'used_GB': 4.04, 'allocated_GB': 16.01, 'reserved_GB': 18.15, 'host_total_GB': 1133.56, 'host_available_GB': 741.55, 'host_used_GB': 392.0, 'host_free_GB': 41.74}
[2026-08-15 07:45:39] reloadable_process_group.py:121 - Reloaded default WORLD process group with backend nccl (generation 208)
[2026-08-15 07:45:39] reloadable_process_group.py:331 - Reloading 57 process groups in pid 31657: {'nccl': 50, 'gloo': 7}
[2026-08-15 07:45:40] memory_utils.py:47 - [Rank 1] Memory-Usage after wake_up model: {'gpu': '1', 'total_GB': 94.97, 'free_GB': 72.79, 'used_GB': 22.18, 'allocated_GB': 16.01, 'reserved_GB': 18.15, 'host_total_GB': 1133.56, 'host_available_GB': 775.62, 'host_used_GB': 357.94, 'host_free_GB': 75.8}
[2026-08-15 07:45:47] memory_utils.py:47 - [Rank 1] Memory-Usage before offload model: {'gpu': '1', 'total_GB': 94.97, 'free_GB': 71.99, 'used_GB': 22.98, 'allocated_GB': 16.01, 'reserved_GB': 18.15, 'host_total_GB': 1133.56, 'host_available_GB': 776.17, 'host_used_GB': 357.39, 'host_free_GB': 76.35}
[2026-08-15 07:45:48] reloadable_process_group.py:100 - Destroyed default nccl WORLD process group and initialized a temporary Gloo WORLD (generation 209)
[2026-08-15 07:45:53] memory_utils.py:47 - [Rank 1] Memory-Usage after offload model: {'gpu': '1', 'total_GB': 94.97, 'free_GB': 90.93, 'used_GB': 4.04, 'allocated_GB': 16.01, 'reserved_GB': 18.15, 'host_total_GB': 1133.56, 'host_available_GB': 744.05, 'host_used_GB': 389.51, 'host_free_GB': 44.23}
[2026-08-15 07:45:54] reloadable_process_group.py:121 - Reloaded default WORLD process group with backend nccl (generation 210)
[2026-08-15 07:45:54] reloadable_process_group.py:331 - Reloading 57 process groups in pid 31657: {'nccl': 50, 'gloo': 7}
[2026-08-15 07:45:54] memory_utils.py:47 - [Rank 1] Memory-Usage before update_weights: {'gpu': '1', 'total_GB': 94.97, 'free_GB': 87.65, 'used_GB': 7.32, 'allocated_GB': 16.01, 'reserved_GB': 18.15, 'host_total_GB': 1133.56, 'host_available_GB': 742.56, 'host_used_GB': 391.0, 'host_free_GB': 42.74}
[2026-08-15 07:45:54] memory_utils.py:47 - [Rank 1] Memory-Usage after update_weights: {'gpu': '1', 'total_GB': 94.97, 'free_GB': 87.67, 'used_GB': 7.3, 'allocated_GB': 16.01, 'reserved_GB': 18.15, 'host_total_GB': 1133.56, 'host_available_GB': 742.51, 'host_used_GB': 391.05, 'host_free_GB': 42.69}
[2026-08-15 07:45:54] reloadable_process_group.py:100 - Destroyed default nccl WORLD process group and initialized a temporary Gloo WORLD (generation 211)
[2026-08-15 07:47:15] memory_utils.py:47 - [Rank 1] Memory-Usage before wake_up model: {'gpu': '1', 'total_GB': 94.97, 'free_GB': 90.93, 'used_GB': 4.04, 'allocated_GB': 16.01, 'reserved_GB': 18.15, 'host_total_GB': 1133.56, 'host_available_GB': 739.88, 'host_used_GB': 393.68, 'host_free_GB': 50.31}
[2026-08-15 07:47:18] reloadable_process_group.py:121 - Reloaded default WORLD process group with backend nccl (generation 212)
[2026-08-15 07:47:18] reloadable_process_group.py:331 - Reloading 57 process groups in pid 31657: {'nccl': 50, 'gloo': 7}
[2026-08-15 07:47:18] memory_utils.py:47 - [Rank 1] Memory-Usage after wake_up model: {'gpu': '1', 'total_GB': 94.97, 'free_GB': 72.79, 'used_GB': 22.18, 'allocated_GB': 16.01, 'reserved_GB': 18.15, 'host_total_GB': 1133.56, 'host_available_GB': 774.29, 'host_used_GB': 359.27, 'host_free_GB': 84.39}
[2026-08-15 07:47:31] memory_utils.py:47 - [Rank 1] Memory-Usage before offload model: {'gpu': '1', 'total_GB': 94.97, 'free_GB': 71.99, 'used_GB': 22.98, 'allocated_GB': 16.01, 'reserved_GB': 18.15, 'host_total_GB': 1133.56, 'host_available_GB': 774.35, 'host_used_GB': 359.21, 'host_free_GB': 86.48}
[2026-08-15 07:47:32] reloadable_process_group.py:100 - Destroyed default nccl WORLD process group and initialized a temporary Gloo WORLD (generation 213)
[2026-08-15 07:47:38] memory_utils.py:47 - [Rank 1] Memory-Usage after offload model: {'gpu': '1', 'total_GB': 94.97, 'free_GB': 90.93, 'used_GB': 4.04, 'allocated_GB': 16.01, 'reserved_GB': 18.15, 'host_total_GB': 1133.56, 'host_available_GB': 743.21, 'host_used_GB': 390.35, 'host_free_GB': 56.06}
[2026-08-15 07:47:38] reloadable_process_group.py:121 - Reloaded default WORLD process group with backend nccl (generation 214)
[2026-08-15 07:47:38] reloadable_process_group.py:331 - Reloading 57 process groups in pid 31657: {'nccl': 50, 'gloo': 7}
[2026-08-15 07:47:38] memory_utils.py:47 - [Rank 1] Memory-Usage before update_weights: {'gpu': '1', 'total_GB': 94.97, 'free_GB': 87.65, 'used_GB': 7.32, 'allocated_GB': 16.01, 'reserved_GB': 18.15, 'host_total_GB': 1133.56, 'host_available_GB': 742.52, 'host_used_GB': 391.04, 'host_free_GB': 55.37}
[2026-08-15 07:47:39] memory_utils.py:47 - [Rank 1] Memory-Usage after update_weights: {'gpu': '1', 'total_GB': 94.97, 'free_GB': 87.67, 'used_GB': 7.3, 'allocated_GB': 16.01, 'reserved_GB': 18.15, 'host_total_GB': 1133.56, 'host_available_GB': 742.3, 'host_used_GB': 391.26, 'host_free_GB': 55.15}
[2026-08-15 07:47:39] reloadable_process_group.py:100 - Destroyed default nccl WORLD process group and initialized a temporary Gloo WORLD (generation 215)
[2026-08-15 07:48:59] memory_utils.py:47 - [Rank 1] Memory-Usage before wake_up model: {'gpu': '1', 'total_GB': 94.97, 'free_GB': 90.93, 'used_GB': 4.04, 'allocated_GB': 16.01, 'reserved_GB': 18.15, 'host_total_GB': 1133.56, 'host_available_GB': 742.73, 'host_used_GB': 390.83, 'host_free_GB': 58.33}
[2026-08-15 07:49:02] reloadable_process_group.py:121 - Reloaded default WORLD process group with backend nccl (generation 216)
[2026-08-15 07:49:02] reloadable_process_group.py:331 - Reloading 57 process groups in pid 31657: {'nccl': 50, 'gloo': 7}
[2026-08-15 07:49:02] memory_utils.py:47 - [Rank 1] Memory-Usage after wake_up model: {'gpu': '1', 'total_GB': 94.97, 'free_GB': 72.79, 'used_GB': 22.18, 'allocated_GB': 16.01, 'reserved_GB': 18.15, 'host_total_GB': 1133.56, 'host_available_GB': 776.83, 'host_used_GB': 356.73, 'host_free_GB': 92.43}
[2026-08-15 07:49:10] memory_utils.py:47 - [Rank 1] Memory-Usage before offload model: {'gpu': '1', 'total_GB': 94.97, 'free_GB': 71.99, 'used_GB': 22.98, 'allocated_GB': 16.01, 'reserved_GB': 18.15, 'host_total_GB': 1133.56, 'host_available_GB': 776.38, 'host_used_GB': 357.18, 'host_free_GB': 91.98}
[2026-08-15 07:49:11] reloadable_process_group.py:100 - Destroyed default nccl WORLD process group and initialized a temporary Gloo WORLD (generation 217)
[2026-08-15 07:49:17] memory_utils.py:47 - [Rank 1] Memory-Usage after offload model: {'gpu': '1', 'total_GB': 94.97, 'free_GB': 90.93, 'used_GB': 4.04, 'allocated_GB': 16.01, 'reserved_GB': 18.15, 'host_total_GB': 1133.56, 'host_available_GB': 742.92, 'host_used_GB': 390.64, 'host_free_GB': 58.52}
[2026-08-15 07:49:18] reloadable_process_group.py:121 - Reloaded default WORLD process group with backend nccl (generation 218)
[2026-08-15 07:49:18] reloadable_process_group.py:331 - Reloading 57 process groups in pid 31657: {'nccl': 50, 'gloo': 7}
[2026-08-15 07:49:18] memory_utils.py:47 - [Rank 1] Memory-Usage before update_weights: {'gpu': '1', 'total_GB': 94.97, 'free_GB': 87.65, 'used_GB': 7.32, 'allocated_GB': 16.01, 'reserved_GB': 18.15, 'host_total_GB': 1133.56, 'host_available_GB': 742.6, 'host_used_GB': 390.96, 'host_free_GB': 58.2}
[2026-08-15 07:49:18] memory_utils.py:47 - [Rank 1] Memory-Usage after update_weights: {'gpu': '1', 'total_GB': 94.97, 'free_GB': 87.67, 'used_GB': 7.3, 'allocated_GB': 16.01, 'reserved_GB': 18.15, 'host_total_GB': 1133.56, 'host_available_GB': 742.76, 'host_used_GB': 390.8, 'host_free_GB': 58.36}
[2026-08-15 07:49:18] reloadable_process_group.py:100 - Destroyed default nccl WORLD process group and initialized a temporary Gloo WORLD (generation 219)
[2026-08-15 07:50:38] memory_utils.py:47 - [Rank 1] Memory-Usage before wake_up model: {'gpu': '1', 'total_GB': 94.97, 'free_GB': 90.93, 'used_GB': 4.04, 'allocated_GB': 16.01, 'reserved_GB': 18.15, 'host_total_GB': 1133.56, 'host_available_GB': 739.21, 'host_used_GB': 394.34, 'host_free_GB': 54.67}
[2026-08-15 07:50:41] reloadable_process_group.py:121 - Reloaded default WORLD process group with backend nccl (generation 220)
[2026-08-15 07:50:41] reloadable_process_group.py:331 - Reloading 57 process groups in pid 31657: {'nccl': 50, 'gloo': 7}
[2026-08-15 07:50:41] memory_utils.py:47 - [Rank 1] Memory-Usage after wake_up model: {'gpu': '1', 'total_GB': 94.97, 'free_GB': 72.79, 'used_GB': 22.18, 'allocated_GB': 16.01, 'reserved_GB': 18.15, 'host_total_GB': 1133.56, 'host_available_GB': 772.07, 'host_used_GB': 361.49, 'host_free_GB': 84.53}
[2026-08-15 07:50:50] memory_utils.py:47 - [Rank 1] Memory-Usage before offload model: {'gpu': '1', 'total_GB': 94.97, 'free_GB': 71.99, 'used_GB': 22.98, 'allocated_GB': 16.01, 'reserved_GB': 18.15, 'host_total_GB': 1133.56, 'host_available_GB': 772.27, 'host_used_GB': 361.28, 'host_free_GB': 83.15}
[2026-08-15 07:50:51] reloadable_process_group.py:100 - Destroyed default nccl WORLD process group and initialized a temporary Gloo WORLD (generation 221)
[2026-08-15 07:50:56] memory_utils.py:47 - [Rank 1] Memory-Usage after offload model: {'gpu': '1', 'total_GB': 94.97, 'free_GB': 90.93, 'used_GB': 4.04, 'allocated_GB': 16.01, 'reserved_GB': 18.15, 'host_total_GB': 1133.56, 'host_available_GB': 735.62, 'host_used_GB': 397.94, 'host_free_GB': 43.95}
[2026-08-15 07:50:57] reloadable_process_group.py:121 - Reloaded default WORLD process group with backend nccl (generation 222)
[2026-08-15 07:50:57] reloadable_process_group.py:331 - Reloading 57 process groups in pid 31657: {'nccl': 50, 'gloo': 7}
[2026-08-15 07:50:57] memory_utils.py:47 - [Rank 1] Memory-Usage before update_weights: {'gpu': '1', 'total_GB': 94.97, 'free_GB': 87.65, 'used_GB': 7.32, 'allocated_GB': 16.01, 'reserved_GB': 18.15, 'host_total_GB': 1133.56, 'host_available_GB': 734.97, 'host_used_GB': 398.59, 'host_free_GB': 43.07}
[2026-08-15 07:50:58] memory_utils.py:47 - [Rank 1] Memory-Usage after update_weights: {'gpu': '1', 'total_GB': 94.97, 'free_GB': 87.67, 'used_GB': 7.3, 'allocated_GB': 16.01, 'reserved_GB': 18.15, 'host_total_GB': 1133.56, 'host_available_GB': 735.15, 'host_used_GB': 398.41, 'host_free_GB': 43.17}
[2026-08-15 07:50:58] reloadable_process_group.py:100 - Destroyed default nccl WORLD process group and initialized a temporary Gloo WORLD (generation 223)
[2026-08-15 07:52:19] memory_utils.py:47 - [Rank 1] Memory-Usage before wake_up model: {'gpu': '1', 'total_GB': 94.97, 'free_GB': 90.93, 'used_GB': 4.04, 'allocated_GB': 16.01, 'reserved_GB': 18.15, 'host_total_GB': 1133.56, 'host_available_GB': 739.26, 'host_used_GB': 394.3, 'host_free_GB': 65.81}
[2026-08-15 07:52:22] reloadable_process_group.py:121 - Reloaded default WORLD process group with backend nccl (generation 224)
[2026-08-15 07:52:22] reloadable_process_group.py:331 - Reloading 57 process groups in pid 31657: {'nccl': 50, 'gloo': 7}
[2026-08-15 07:52:22] memory_utils.py:47 - [Rank 1] Memory-Usage after wake_up model: {'gpu': '1', 'total_GB': 94.97, 'free_GB': 72.79, 'used_GB': 22.18, 'allocated_GB': 16.01, 'reserved_GB': 18.15, 'host_total_GB': 1133.56, 'host_available_GB': 771.73, 'host_used_GB': 361.83, 'host_free_GB': 96.86}
[2026-08-15 07:52:30] memory_utils.py:47 - [Rank 1] Memory-Usage before offload model: {'gpu': '1', 'total_GB': 94.97, 'free_GB': 71.99, 'used_GB': 22.98, 'allocated_GB': 16.01, 'reserved_GB': 18.15, 'host_total_GB': 1133.56, 'host_available_GB': 772.48, 'host_used_GB': 361.08, 'host_free_GB': 96.59}
[2026-08-15 07:52:31] reloadable_process_group.py:100 - Destroyed default nccl WORLD process group and initialized a temporary Gloo WORLD (generation 225)
[2026-08-15 07:52:37] memory_utils.py:47 - [Rank 1] Memory-Usage after offload model: {'gpu': '1', 'total_GB': 94.97, 'free_GB': 90.93, 'used_GB': 4.04, 'allocated_GB': 16.01, 'reserved_GB': 18.15, 'host_total_GB': 1133.56, 'host_available_GB': 740.14, 'host_used_GB': 393.42, 'host_free_GB': 64.25}
[2026-08-15 07:52:37] reloadable_process_group.py:121 - Reloaded default WORLD process group with backend nccl (generation 226)
[2026-08-15 07:52:37] reloadable_process_group.py:331 - Reloading 57 process groups in pid 31657: {'nccl': 50, 'gloo': 7}
[2026-08-15 07:52:37] memory_utils.py:47 - [Rank 1] Memory-Usage before update_weights: {'gpu': '1', 'total_GB': 94.97, 'free_GB': 87.65, 'used_GB': 7.32, 'allocated_GB': 16.01, 'reserved_GB': 18.15, 'host_total_GB': 1133.56, 'host_available_GB': 739.27, 'host_used_GB': 394.29, 'host_free_GB': 63.38}
[2026-08-15 07:52:38] memory_utils.py:47 - [Rank 1] Memory-Usage after update_weights: {'gpu': '1', 'total_GB': 94.97, 'free_GB': 87.67, 'used_GB': 7.3, 'allocated_GB': 16.01, 'reserved_GB': 18.15, 'host_total_GB': 1133.56, 'host_available_GB': 739.04, 'host_used_GB': 394.52, 'host_free_GB': 63.15}
[2026-08-15 07:52:38] reloadable_process_group.py:100 - Destroyed default nccl WORLD process group and initialized a temporary Gloo WORLD (generation 227)
[2026-08-15 07:53:59] memory_utils.py:47 - [Rank 1] Memory-Usage before wake_up model: {'gpu': '1', 'total_GB': 94.97, 'free_GB': 90.93, 'used_GB': 4.04, 'allocated_GB': 16.01, 'reserved_GB': 18.15, 'host_total_GB': 1133.56, 'host_available_GB': 741.09, 'host_used_GB': 392.47, 'host_free_GB': 63.29}
[2026-08-15 07:54:02] reloadable_process_group.py:121 - Reloaded default WORLD process group with backend nccl (generation 228)
[2026-08-15 07:54:02] reloadable_process_group.py:331 - Reloading 57 process groups in pid 31657: {'nccl': 50, 'gloo': 7}
[2026-08-15 07:54:02] memory_utils.py:47 - [Rank 1] Memory-Usage after wake_up model: {'gpu': '1', 'total_GB': 94.97, 'free_GB': 72.79, 'used_GB': 22.18, 'allocated_GB': 16.01, 'reserved_GB': 18.15, 'host_total_GB': 1133.56, 'host_available_GB': 775.17, 'host_used_GB': 358.39, 'host_free_GB': 97.36}
[2026-08-15 07:54:16] memory_utils.py:47 - [Rank 1] Memory-Usage before offload model: {'gpu': '1', 'total_GB': 94.97, 'free_GB': 71.99, 'used_GB': 22.98, 'allocated_GB': 16.01, 'reserved_GB': 18.15, 'host_total_GB': 1133.56, 'host_available_GB': 770.15, 'host_used_GB': 363.41, 'host_free_GB': 89.76}
[2026-08-15 07:54:17] reloadable_process_group.py:100 - Destroyed default nccl WORLD process group and initialized a temporary Gloo WORLD (generation 229)
[2026-08-15 07:54:23] memory_utils.py:47 - [Rank 1] Memory-Usage after offload model: {'gpu': '1', 'total_GB': 94.97, 'free_GB': 90.93, 'used_GB': 4.04, 'allocated_GB': 16.01, 'reserved_GB': 18.15, 'host_total_GB': 1133.56, 'host_available_GB': 737.82, 'host_used_GB': 395.74, 'host_free_GB': 52.33}
[2026-08-15 07:54:24] reloadable_process_group.py:121 - Reloaded default WORLD process group with backend nccl (generation 230)
[2026-08-15 07:54:24] reloadable_process_group.py:331 - Reloading 57 process groups in pid 31657: {'nccl': 50, 'gloo': 7}
[2026-08-15 07:54:24] memory_utils.py:47 - [Rank 1] Memory-Usage before update_weights: {'gpu': '1', 'total_GB': 94.97, 'free_GB': 87.65, 'used_GB': 7.32, 'allocated_GB': 16.01, 'reserved_GB': 18.15, 'host_total_GB': 1133.56, 'host_available_GB': 736.97, 'host_used_GB': 396.59, 'host_free_GB': 51.47}
[2026-08-15 07:54:25] memory_utils.py:47 - [Rank 1] Memory-Usage after update_weights: {'gpu': '1', 'total_GB': 94.97, 'free_GB': 87.67, 'used_GB': 7.3, 'allocated_GB': 16.01, 'reserved_GB': 18.15, 'host_total_GB': 1133.56, 'host_available_GB': 736.82, 'host_used_GB': 396.74, 'host_free_GB': 51.32}
[2026-08-15 07:54:25] reloadable_process_group.py:100 - Destroyed default nccl WORLD process group and initialized a temporary Gloo WORLD (generation 231)
[2026-08-15 07:55:44] memory_utils.py:47 - [Rank 1] Memory-Usage before wake_up model: {'gpu': '1', 'total_GB': 94.97, 'free_GB': 90.93, 'used_GB': 4.04, 'allocated_GB': 16.01, 'reserved_GB': 18.15, 'host_total_GB': 1133.56, 'host_available_GB': 740.11, 'host_used_GB': 393.45, 'host_free_GB': 64.47}
[2026-08-15 07:55:47] reloadable_process_group.py:121 - Reloaded default WORLD process group with backend nccl (generation 232)
[2026-08-15 07:55:47] reloadable_process_group.py:331 - Reloading 57 process groups in pid 31657: {'nccl': 50, 'gloo': 7}
[2026-08-15 07:55:47] memory_utils.py:47 - [Rank 1] Memory-Usage after wake_up model: {'gpu': '1', 'total_GB': 94.97, 'free_GB': 72.79, 'used_GB': 22.18, 'allocated_GB': 16.01, 'reserved_GB': 18.15, 'host_total_GB': 1133.56, 'host_available_GB': 774.16, 'host_used_GB': 359.4, 'host_free_GB': 101.34}
[2026-08-15 07:55:55] memory_utils.py:47 - [Rank 1] Memory-Usage before offload model: {'gpu': '1', 'total_GB': 94.97, 'free_GB': 71.99, 'used_GB': 22.98, 'allocated_GB': 16.01, 'reserved_GB': 18.15, 'host_total_GB': 1133.56, 'host_available_GB': 772.28, 'host_used_GB': 361.28, 'host_free_GB': 98.42}
[2026-08-15 07:55:56] reloadable_process_group.py:100 - Destroyed default nccl WORLD process group and initialized a temporary Gloo WORLD (generation 233)
[2026-08-15 07:56:02] memory_utils.py:47 - [Rank 1] Memory-Usage after offload model: {'gpu': '1', 'total_GB': 94.97, 'free_GB': 90.93, 'used_GB': 4.04, 'allocated_GB': 16.01, 'reserved_GB': 18.15, 'host_total_GB': 1133.56, 'host_available_GB': 740.17, 'host_used_GB': 393.38, 'host_free_GB': 66.19}
[2026-08-15 07:56:03] reloadable_process_group.py:121 - Reloaded default WORLD process group with backend nccl (generation 234)
[2026-08-15 07:56:03] reloadable_process_group.py:331 - Reloading 57 process groups in pid 31657: {'nccl': 50, 'gloo': 7}
[2026-08-15 07:56:03] memory_utils.py:47 - [Rank 1] Memory-Usage before update_weights: {'gpu': '1', 'total_GB': 94.97, 'free_GB': 87.65, 'used_GB': 7.32, 'allocated_GB': 16.01, 'reserved_GB': 18.15, 'host_total_GB': 1133.56, 'host_available_GB': 739.69, 'host_used_GB': 393.86, 'host_free_GB': 65.7}
[2026-08-15 07:56:03] memory_utils.py:47 - [Rank 1] Memory-Usage after update_weights: {'gpu': '1', 'total_GB': 94.97, 'free_GB': 87.67, 'used_GB': 7.3, 'allocated_GB': 16.01, 'reserved_GB': 18.15, 'host_total_GB': 1133.56, 'host_available_GB': 739.89, 'host_used_GB': 393.67, 'host_free_GB': 65.9}
[2026-08-15 07:56:03] reloadable_process_group.py:100 - Destroyed default nccl WORLD process group and initialized a temporary Gloo WORLD (generation 235)
[2026-08-15 07:57:24] memory_utils.py:47 - [Rank 1] Memory-Usage before wake_up model: {'gpu': '1', 'total_GB': 94.97, 'free_GB': 90.93, 'used_GB': 4.04, 'allocated_GB': 16.01, 'reserved_GB': 18.15, 'host_total_GB': 1133.56, 'host_available_GB': 740.11, 'host_used_GB': 393.45, 'host_free_GB': 71.49}
[2026-08-15 07:57:28] reloadable_process_group.py:121 - Reloaded default WORLD process group with backend nccl (generation 236)
[2026-08-15 07:57:28] reloadable_process_group.py:331 - Reloading 57 process groups in pid 31657: {'nccl': 50, 'gloo': 7}
[2026-08-15 07:57:28] memory_utils.py:47 - [Rank 1] Memory-Usage after wake_up model: {'gpu': '1', 'total_GB': 94.97, 'free_GB': 72.79, 'used_GB': 22.18, 'allocated_GB': 16.01, 'reserved_GB': 18.15, 'host_total_GB': 1133.56, 'host_available_GB': 774.18, 'host_used_GB': 359.38, 'host_free_GB': 108.15}
[2026-08-15 07:57:36] memory_utils.py:47 - [Rank 1] Memory-Usage before offload model: {'gpu': '1', 'total_GB': 94.97, 'free_GB': 71.99, 'used_GB': 22.98, 'allocated_GB': 16.01, 'reserved_GB': 18.15, 'host_total_GB': 1133.56, 'host_available_GB': 774.44, 'host_used_GB': 359.12, 'host_free_GB': 108.41}
[2026-08-15 07:57:37] reloadable_process_group.py:100 - Destroyed default nccl WORLD process group and initialized a temporary Gloo WORLD (generation 237)
[2026-08-15 07:57:43] memory_utils.py:47 - [Rank 1] Memory-Usage after offload model: {'gpu': '1', 'total_GB': 94.97, 'free_GB': 90.93, 'used_GB': 4.04, 'allocated_GB': 16.01, 'reserved_GB': 18.15, 'host_total_GB': 1133.56, 'host_available_GB': 741.48, 'host_used_GB': 392.08, 'host_free_GB': 75.45}
[2026-08-15 07:57:43] reloadable_process_group.py:121 - Reloaded default WORLD process group with backend nccl (generation 238)
[2026-08-15 07:57:43] reloadable_process_group.py:331 - Reloading 57 process groups in pid 31657: {'nccl': 50, 'gloo': 7}
[2026-08-15 07:57:43] memory_utils.py:47 - [Rank 1] Memory-Usage before update_weights: {'gpu': '1', 'total_GB': 94.97, 'free_GB': 87.65, 'used_GB': 7.32, 'allocated_GB': 16.01, 'reserved_GB': 18.15, 'host_total_GB': 1133.56, 'host_available_GB': 740.77, 'host_used_GB': 392.79, 'host_free_GB': 74.74}
[2026-08-15 07:57:44] memory_utils.py:47 - [Rank 1] Memory-Usage after update_weights: {'gpu': '1', 'total_GB': 94.97, 'free_GB': 87.67, 'used_GB': 7.3, 'allocated_GB': 16.01, 'reserved_GB': 18.15, 'host_total_GB': 1133.56, 'host_available_GB': 741.1, 'host_used_GB': 392.46, 'host_free_GB': 75.07}
[2026-08-15 07:57:44] reloadable_process_group.py:100 - Destroyed default nccl WORLD process group and initialized a temporary Gloo WORLD (generation 239)
[2026-08-15 07:59:06] memory_utils.py:47 - [Rank 1] Memory-Usage before wake_up model: {'gpu': '1', 'total_GB': 94.97, 'free_GB': 90.93, 'used_GB': 4.04, 'allocated_GB': 16.01, 'reserved_GB': 18.15, 'host_total_GB': 1133.56, 'host_available_GB': 741.18, 'host_used_GB': 392.38, 'host_free_GB': 83.28}
[2026-08-15 07:59:09] reloadable_process_group.py:121 - Reloaded default WORLD process group with backend nccl (generation 240)
[2026-08-15 07:59:09] reloadable_process_group.py:331 - Reloading 57 process groups in pid 31657: {'nccl': 50, 'gloo': 7}
[2026-08-15 07:59:10] memory_utils.py:47 - [Rank 1] Memory-Usage after wake_up model: {'gpu': '1', 'total_GB': 94.97, 'free_GB': 72.79, 'used_GB': 22.18, 'allocated_GB': 16.01, 'reserved_GB': 18.15, 'host_total_GB': 1133.56, 'host_available_GB': 774.93, 'host_used_GB': 358.63, 'host_free_GB': 117.03}
[2026-08-15 07:59:17] memory_utils.py:47 - [Rank 1] Memory-Usage before offload model: {'gpu': '1', 'total_GB': 94.97, 'free_GB': 71.99, 'used_GB': 22.98, 'allocated_GB': 16.01, 'reserved_GB': 18.15, 'host_total_GB': 1133.56, 'host_available_GB': 773.65, 'host_used_GB': 359.9, 'host_free_GB': 115.75}
[2026-08-15 07:59:19] reloadable_process_group.py:100 - Destroyed default nccl WORLD process group and initialized a temporary Gloo WORLD (generation 241)
[2026-08-15 07:59:24] memory_utils.py:47 - [Rank 1] Memory-Usage after offload model: {'gpu': '1', 'total_GB': 94.97, 'free_GB': 90.93, 'used_GB': 4.04, 'allocated_GB': 16.01, 'reserved_GB': 18.15, 'host_total_GB': 1133.56, 'host_available_GB': 741.22, 'host_used_GB': 392.34, 'host_free_GB': 83.31}
[2026-08-15 07:59:25] reloadable_process_group.py:121 - Reloaded default WORLD process group with backend nccl (generation 242)
[2026-08-15 07:59:25] reloadable_process_group.py:331 - Reloading 57 process groups in pid 31657: {'nccl': 50, 'gloo': 7}
[2026-08-15 07:59:25] memory_utils.py:47 - [Rank 1] Memory-Usage before update_weights: {'gpu': '1', 'total_GB': 94.97, 'free_GB': 87.65, 'used_GB': 7.32, 'allocated_GB': 16.01, 'reserved_GB': 18.15, 'host_total_GB': 1133.56, 'host_available_GB': 739.95, 'host_used_GB': 393.6, 'host_free_GB': 82.05}
[2026-08-15 07:59:25] memory_utils.py:47 - [Rank 1] Memory-Usage after update_weights: {'gpu': '1', 'total_GB': 94.97, 'free_GB': 87.67, 'used_GB': 7.3, 'allocated_GB': 16.01, 'reserved_GB': 18.15, 'host_total_GB': 1133.56, 'host_available_GB': 740.29, 'host_used_GB': 393.27, 'host_free_GB': 82.38}
[2026-08-15 07:59:25] reloadable_process_group.py:100 - Destroyed default nccl WORLD process group and initialized a temporary Gloo WORLD (generation 243)
[2026-08-15 08:00:45] memory_utils.py:47 - [Rank 1] Memory-Usage before wake_up model: {'gpu': '1', 'total_GB': 94.97, 'free_GB': 90.93, 'used_GB': 4.04, 'allocated_GB': 16.01, 'reserved_GB': 18.15, 'host_total_GB': 1133.56, 'host_available_GB': 739.24, 'host_used_GB': 394.32, 'host_free_GB': 78.67}
[2026-08-15 08:00:48] reloadable_process_group.py:121 - Reloaded default WORLD process group with backend nccl (generation 244)
[2026-08-15 08:00:48] reloadable_process_group.py:331 - Reloading 57 process groups in pid 31657: {'nccl': 50, 'gloo': 7}
[2026-08-15 08:00:49] memory_utils.py:47 - [Rank 1] Memory-Usage after wake_up model: {'gpu': '1', 'total_GB': 94.97, 'free_GB': 72.79, 'used_GB': 22.18, 'allocated_GB': 16.01, 'reserved_GB': 18.15, 'host_total_GB': 1133.56, 'host_available_GB': 772.98, 'host_used_GB': 360.58, 'host_free_GB': 111.77}
[2026-08-15 08:01:02] memory_utils.py:47 - [Rank 1] Memory-Usage before offload model: {'gpu': '1', 'total_GB': 94.97, 'free_GB': 71.99, 'used_GB': 22.98, 'allocated_GB': 16.01, 'reserved_GB': 18.15, 'host_total_GB': 1133.56, 'host_available_GB': 772.35, 'host_used_GB': 361.21, 'host_free_GB': 110.12}
[2026-08-15 08:01:04] reloadable_process_group.py:100 - Destroyed default nccl WORLD process group and initialized a temporary Gloo WORLD (generation 245)
[2026-08-15 08:01:09] memory_utils.py:47 - [Rank 1] Memory-Usage after offload model: {'gpu': '1', 'total_GB': 94.97, 'free_GB': 90.93, 'used_GB': 4.04, 'allocated_GB': 16.01, 'reserved_GB': 18.15, 'host_total_GB': 1133.56, 'host_available_GB': 740.31, 'host_used_GB': 393.24, 'host_free_GB': 78.03}
[2026-08-15 08:01:10] reloadable_process_group.py:121 - Reloaded default WORLD process group with backend nccl (generation 246)
[2026-08-15 08:01:10] reloadable_process_group.py:331 - Reloading 57 process groups in pid 31657: {'nccl': 50, 'gloo': 7}
[2026-08-15 08:01:10] memory_utils.py:47 - [Rank 1] Memory-Usage before update_weights: {'gpu': '1', 'total_GB': 94.97, 'free_GB': 87.65, 'used_GB': 7.32, 'allocated_GB': 16.01, 'reserved_GB': 18.15, 'host_total_GB': 1133.56, 'host_available_GB': 739.67, 'host_used_GB': 393.89, 'host_free_GB': 77.35}
[2026-08-15 08:01:11] memory_utils.py:47 - [Rank 1] Memory-Usage after update_weights: {'gpu': '1', 'total_GB': 94.97, 'free_GB': 87.67, 'used_GB': 7.3, 'allocated_GB': 16.01, 'reserved_GB': 18.15, 'host_total_GB': 1133.56, 'host_available_GB': 739.3, 'host_used_GB': 394.26, 'host_free_GB': 76.98}
[2026-08-15 08:01:11] reloadable_process_group.py:100 - Destroyed default nccl WORLD process group and initialized a temporary Gloo WORLD (generation 247)
[2026-08-15 08:02:34] memory_utils.py:47 - [Rank 1] Memory-Usage before wake_up model: {'gpu': '1', 'total_GB': 94.97, 'free_GB': 90.93, 'used_GB': 4.04, 'allocated_GB': 16.01, 'reserved_GB': 18.15, 'host_total_GB': 1133.56, 'host_available_GB': 740.72, 'host_used_GB': 392.83, 'host_free_GB': 78.33}
[2026-08-15 08:02:37] reloadable_process_group.py:121 - Reloaded default WORLD process group with backend nccl (generation 248)
[2026-08-15 08:02:37] reloadable_process_group.py:331 - Reloading 57 process groups in pid 31657: {'nccl': 50, 'gloo': 7}
[2026-08-15 08:02:37] memory_utils.py:47 - [Rank 1] Memory-Usage after wake_up model: {'gpu': '1', 'total_GB': 94.97, 'free_GB': 72.79, 'used_GB': 22.18, 'allocated_GB': 16.01, 'reserved_GB': 18.15, 'host_total_GB': 1133.56, 'host_available_GB': 773.93, 'host_used_GB': 359.63, 'host_free_GB': 111.53}
[2026-08-15 08:02:46] memory_utils.py:47 - [Rank 1] Memory-Usage before offload model: {'gpu': '1', 'total_GB': 94.97, 'free_GB': 71.99, 'used_GB': 22.98, 'allocated_GB': 16.01, 'reserved_GB': 18.15, 'host_total_GB': 1133.56, 'host_available_GB': 774.02, 'host_used_GB': 359.54, 'host_free_GB': 111.62}
[2026-08-15 08:02:47] reloadable_process_group.py:100 - Destroyed default nccl WORLD process group and initialized a temporary Gloo WORLD (generation 249)
[2026-08-15 08:02:53] memory_utils.py:47 - [Rank 1] Memory-Usage after offload model: {'gpu': '1', 'total_GB': 94.97, 'free_GB': 90.93, 'used_GB': 4.04, 'allocated_GB': 16.01, 'reserved_GB': 18.15, 'host_total_GB': 1133.56, 'host_available_GB': 741.26, 'host_used_GB': 392.3, 'host_free_GB': 78.86}
[2026-08-15 08:02:54] reloadable_process_group.py:121 - Reloaded default WORLD process group with backend nccl (generation 250)
[2026-08-15 08:02:54] reloadable_process_group.py:331 - Reloading 57 process groups in pid 31657: {'nccl': 50, 'gloo': 7}
[2026-08-15 08:02:54] memory_utils.py:47 - [Rank 1] Memory-Usage before update_weights: {'gpu': '1', 'total_GB': 94.97, 'free_GB': 87.65, 'used_GB': 7.32, 'allocated_GB': 16.01, 'reserved_GB': 18.15, 'host_total_GB': 1133.56, 'host_available_GB': 740.18, 'host_used_GB': 393.38, 'host_free_GB': 77.78}
[2026-08-15 08:02:54] memory_utils.py:47 - [Rank 1] Memory-Usage after update_weights: {'gpu': '1', 'total_GB': 94.97, 'free_GB': 87.67, 'used_GB': 7.3, 'allocated_GB': 16.01, 'reserved_GB': 18.15, 'host_total_GB': 1133.56, 'host_available_GB': 740.27, 'host_used_GB': 393.29, 'host_free_GB': 77.87}
[2026-08-15 08:02:54] reloadable_process_group.py:100 - Destroyed default nccl WORLD process group and initialized a temporary Gloo WORLD (generation 251)
[2026-08-15 08:04:16] memory_utils.py:47 - [Rank 1] Memory-Usage before wake_up model: {'gpu': '1', 'total_GB': 94.97, 'free_GB': 90.93, 'used_GB': 4.04, 'allocated_GB': 16.01, 'reserved_GB': 18.15, 'host_total_GB': 1133.56, 'host_available_GB': 738.55, 'host_used_GB': 395.01, 'host_free_GB': 83.17}
[2026-08-15 08:04:19] reloadable_process_group.py:121 - Reloaded default WORLD process group with backend nccl (generation 252)
[2026-08-15 08:04:19] reloadable_process_group.py:331 - Reloading 57 process groups in pid 31657: {'nccl': 50, 'gloo': 7}
[2026-08-15 08:04:19] memory_utils.py:47 - [Rank 1] Memory-Usage after wake_up model: {'gpu': '1', 'total_GB': 94.97, 'free_GB': 72.79, 'used_GB': 22.18, 'allocated_GB': 16.01, 'reserved_GB': 18.15, 'host_total_GB': 1133.56, 'host_available_GB': 773.69, 'host_used_GB': 359.86, 'host_free_GB': 120.87}
[2026-08-15 08:04:27] memory_utils.py:47 - [Rank 1] Memory-Usage before offload model: {'gpu': '1', 'total_GB': 94.97, 'free_GB': 71.99, 'used_GB': 22.98, 'allocated_GB': 16.01, 'reserved_GB': 18.15, 'host_total_GB': 1133.56, 'host_available_GB': 772.68, 'host_used_GB': 360.88, 'host_free_GB': 120.0}
[2026-08-15 08:04:28] reloadable_process_group.py:100 - Destroyed default nccl WORLD process group and initialized a temporary Gloo WORLD (generation 253)
[2026-08-15 08:04:34] memory_utils.py:47 - [Rank 1] Memory-Usage after offload model: {'gpu': '1', 'total_GB': 94.97, 'free_GB': 90.93, 'used_GB': 4.04, 'allocated_GB': 16.01, 'reserved_GB': 18.15, 'host_total_GB': 1133.56, 'host_available_GB': 740.62, 'host_used_GB': 392.94, 'host_free_GB': 87.94}
[2026-08-15 08:04:35] reloadable_process_group.py:121 - Reloaded default WORLD process group with backend nccl (generation 254)
[2026-08-15 08:04:35] reloadable_process_group.py:331 - Reloading 57 process groups in pid 31657: {'nccl': 50, 'gloo': 7}
[2026-08-15 08:04:35] memory_utils.py:47 - [Rank 1] Memory-Usage before update_weights: {'gpu': '1', 'total_GB': 94.97, 'free_GB': 87.65, 'used_GB': 7.32, 'allocated_GB': 16.01, 'reserved_GB': 18.15, 'host_total_GB': 1133.56, 'host_available_GB': 739.73, 'host_used_GB': 393.82, 'host_free_GB': 87.05}
[2026-08-15 08:04:35] memory_utils.py:47 - [Rank 1] Memory-Usage after update_weights: {'gpu': '1', 'total_GB': 94.97, 'free_GB': 87.67, 'used_GB': 7.3, 'allocated_GB': 16.01, 'reserved_GB': 18.15, 'host_total_GB': 1133.56, 'host_available_GB': 740.11, 'host_used_GB': 393.45, 'host_free_GB': 87.43}
[2026-08-15 08:04:36] reloadable_process_group.py:100 - Destroyed default nccl WORLD process group and initialized a temporary Gloo WORLD (generation 255)
[2026-08-15 08:05:57] memory_utils.py:47 - [Rank 1] Memory-Usage before wake_up model: {'gpu': '1', 'total_GB': 94.97, 'free_GB': 90.93, 'used_GB': 4.04, 'allocated_GB': 16.01, 'reserved_GB': 18.15, 'host_total_GB': 1133.56, 'host_available_GB': 740.77, 'host_used_GB': 392.78, 'host_free_GB': 93.59}
[2026-08-15 08:06:00] reloadable_process_group.py:121 - Reloaded default WORLD process group with backend nccl (generation 256)
[2026-08-15 08:06:00] reloadable_process_group.py:331 - Reloading 57 process groups in pid 31657: {'nccl': 50, 'gloo': 7}
[2026-08-15 08:06:01] memory_utils.py:47 - [Rank 1] Memory-Usage after wake_up model: {'gpu': '1', 'total_GB': 94.97, 'free_GB': 72.79, 'used_GB': 22.18, 'allocated_GB': 16.01, 'reserved_GB': 18.15, 'host_total_GB': 1133.56, 'host_available_GB': 774.01, 'host_used_GB': 359.54, 'host_free_GB': 126.83}
[2026-08-15 08:06:09] memory_utils.py:47 - [Rank 1] Memory-Usage before offload model: {'gpu': '1', 'total_GB': 94.97, 'free_GB': 71.99, 'used_GB': 22.98, 'allocated_GB': 16.01, 'reserved_GB': 18.15, 'host_total_GB': 1133.56, 'host_available_GB': 774.19, 'host_used_GB': 359.37, 'host_free_GB': 127.0}
[2026-08-15 08:06:11] reloadable_process_group.py:100 - Destroyed default nccl WORLD process group and initialized a temporary Gloo WORLD (generation 257)
[2026-08-15 08:06:16] memory_utils.py:47 - [Rank 1] Memory-Usage after offload model: {'gpu': '1', 'total_GB': 94.97, 'free_GB': 90.93, 'used_GB': 4.04, 'allocated_GB': 16.01, 'reserved_GB': 18.15, 'host_total_GB': 1133.56, 'host_available_GB': 741.66, 'host_used_GB': 391.9, 'host_free_GB': 94.46}
[2026-08-15 08:06:17] reloadable_process_group.py:121 - Reloaded default WORLD process group with backend nccl (generation 258)
[2026-08-15 08:06:17] reloadable_process_group.py:331 - Reloading 57 process groups in pid 31657: {'nccl': 50, 'gloo': 7}
[2026-08-15 08:06:17] memory_utils.py:47 - [Rank 1] Memory-Usage before update_weights: {'gpu': '1', 'total_GB': 94.97, 'free_GB': 87.65, 'used_GB': 7.32, 'allocated_GB': 16.01, 'reserved_GB': 18.15, 'host_total_GB': 1133.56, 'host_available_GB': 740.43, 'host_used_GB': 393.12, 'host_free_GB': 93.24}
[2026-08-15 08:06:17] memory_utils.py:47 - [Rank 1] Memory-Usage after update_weights: {'gpu': '1', 'total_GB': 94.97, 'free_GB': 87.67, 'used_GB': 7.3, 'allocated_GB': 16.01, 'reserved_GB': 18.15, 'host_total_GB': 1133.56, 'host_available_GB': 740.29, 'host_used_GB': 393.27, 'host_free_GB': 93.1}
[2026-08-15 08:06:18] reloadable_process_group.py:100 - Destroyed default nccl WORLD process group and initialized a temporary Gloo WORLD (generation 259)
[2026-08-15 08:07:37] memory_utils.py:47 - [Rank 1] Memory-Usage before wake_up model: {'gpu': '1', 'total_GB': 94.97, 'free_GB': 90.93, 'used_GB': 4.04, 'allocated_GB': 16.01, 'reserved_GB': 18.15, 'host_total_GB': 1133.56, 'host_available_GB': 737.93, 'host_used_GB': 395.63, 'host_free_GB': 81.26}
[2026-08-15 08:07:40] reloadable_process_group.py:121 - Reloaded default WORLD process group with backend nccl (generation 260)
[2026-08-15 08:07:40] reloadable_process_group.py:331 - Reloading 57 process groups in pid 31657: {'nccl': 50, 'gloo': 7}
[2026-08-15 08:07:40] memory_utils.py:47 - [Rank 1] Memory-Usage after wake_up model: {'gpu': '1', 'total_GB': 94.97, 'free_GB': 72.79, 'used_GB': 22.18, 'allocated_GB': 16.01, 'reserved_GB': 18.15, 'host_total_GB': 1133.56, 'host_available_GB': 771.34, 'host_used_GB': 362.21, 'host_free_GB': 113.76}
[2026-08-15 08:07:53] memory_utils.py:47 - [Rank 1] Memory-Usage before offload model: {'gpu': '1', 'total_GB': 94.97, 'free_GB': 71.99, 'used_GB': 22.98, 'allocated_GB': 16.01, 'reserved_GB': 18.15, 'host_total_GB': 1133.56, 'host_available_GB': 772.21, 'host_used_GB': 361.34, 'host_free_GB': 117.93}
[2026-08-15 08:07:54] reloadable_process_group.py:100 - Destroyed default nccl WORLD process group and initialized a temporary Gloo WORLD (generation 261)
[2026-08-15 08:08:00] memory_utils.py:47 - [Rank 1] Memory-Usage after offload model: {'gpu': '1', 'total_GB': 94.97, 'free_GB': 90.93, 'used_GB': 4.04, 'allocated_GB': 16.01, 'reserved_GB': 18.15, 'host_total_GB': 1133.56, 'host_available_GB': 740.83, 'host_used_GB': 392.72, 'host_free_GB': 90.35}
[2026-08-15 08:08:01] reloadable_process_group.py:121 - Reloaded default WORLD process group with backend nccl (generation 262)
[2026-08-15 08:08:01] reloadable_process_group.py:331 - Reloading 57 process groups in pid 31657: {'nccl': 50, 'gloo': 7}
[2026-08-15 08:08:01] memory_utils.py:47 - [Rank 1] Memory-Usage before update_weights: {'gpu': '1', 'total_GB': 94.97, 'free_GB': 87.65, 'used_GB': 7.32, 'allocated_GB': 16.01, 'reserved_GB': 18.15, 'host_total_GB': 1133.56, 'host_available_GB': 739.85, 'host_used_GB': 393.71, 'host_free_GB': 89.94}
[2026-08-15 08:08:01] memory_utils.py:47 - [Rank 1] Memory-Usage after update_weights: {'gpu': '1', 'total_GB': 94.97, 'free_GB': 87.67, 'used_GB': 7.3, 'allocated_GB': 16.01, 'reserved_GB': 18.15, 'host_total_GB': 1133.56, 'host_available_GB': 739.84, 'host_used_GB': 393.72, 'host_free_GB': 90.28}
[2026-08-15 08:08:02] reloadable_process_group.py:100 - Destroyed default nccl WORLD process group and initialized a temporary Gloo WORLD (generation 263)
[2026-08-15 08:09:21] memory_utils.py:47 - [Rank 1] Memory-Usage before wake_up model: {'gpu': '1', 'total_GB': 94.97, 'free_GB': 90.93, 'used_GB': 4.04, 'allocated_GB': 16.01, 'reserved_GB': 18.15, 'host_total_GB': 1133.56, 'host_available_GB': 740.5, 'host_used_GB': 393.05, 'host_free_GB': 94.7}
[2026-08-15 08:09:24] reloadable_process_group.py:121 - Reloaded default WORLD process group with backend nccl (generation 264)
[2026-08-15 08:09:24] reloadable_process_group.py:331 - Reloading 57 process groups in pid 31657: {'nccl': 50, 'gloo': 7}
[2026-08-15 08:09:24] memory_utils.py:47 - [Rank 1] Memory-Usage after wake_up model: {'gpu': '1', 'total_GB': 94.97, 'free_GB': 72.79, 'used_GB': 22.18, 'allocated_GB': 16.01, 'reserved_GB': 18.15, 'host_total_GB': 1133.56, 'host_available_GB': 774.41, 'host_used_GB': 359.15, 'host_free_GB': 128.43}
[2026-08-15 08:09:32] memory_utils.py:47 - [Rank 1] Memory-Usage before offload model: {'gpu': '1', 'total_GB': 94.97, 'free_GB': 71.99, 'used_GB': 22.98, 'allocated_GB': 16.01, 'reserved_GB': 18.15, 'host_total_GB': 1133.56, 'host_available_GB': 773.03, 'host_used_GB': 360.53, 'host_free_GB': 126.86}
[2026-08-15 08:09:33] reloadable_process_group.py:100 - Destroyed default nccl WORLD process group and initialized a temporary Gloo WORLD (generation 265)
[2026-08-15 08:09:39] memory_utils.py:47 - [Rank 1] Memory-Usage after offload model: {'gpu': '1', 'total_GB': 94.97, 'free_GB': 90.93, 'used_GB': 4.04, 'allocated_GB': 16.01, 'reserved_GB': 18.15, 'host_total_GB': 1133.56, 'host_available_GB': 741.33, 'host_used_GB': 392.23, 'host_free_GB': 94.57}
[2026-08-15 08:09:39] reloadable_process_group.py:121 - Reloaded default WORLD process group with backend nccl (generation 266)
[2026-08-15 08:09:39] reloadable_process_group.py:331 - Reloading 57 process groups in pid 31657: {'nccl': 50, 'gloo': 7}
[2026-08-15 08:09:39] memory_utils.py:47 - [Rank 1] Memory-Usage before update_weights: {'gpu': '1', 'total_GB': 94.97, 'free_GB': 87.65, 'used_GB': 7.32, 'allocated_GB': 16.01, 'reserved_GB': 18.15, 'host_total_GB': 1133.56, 'host_available_GB': 739.81, 'host_used_GB': 393.75, 'host_free_GB': 93.05}
[2026-08-15 08:09:40] memory_utils.py:47 - [Rank 1] Memory-Usage after update_weights: {'gpu': '1', 'total_GB': 94.97, 'free_GB': 87.67, 'used_GB': 7.3, 'allocated_GB': 16.01, 'reserved_GB': 18.15, 'host_total_GB': 1133.56, 'host_available_GB': 739.87, 'host_used_GB': 393.69, 'host_free_GB': 93.1}
[2026-08-15 08:09:40] reloadable_process_group.py:100 - Destroyed default nccl WORLD process group and initialized a temporary Gloo WORLD (generation 267)
[2026-08-15 08:11:03] memory_utils.py:47 - [Rank 1] Memory-Usage before wake_up model: {'gpu': '1', 'total_GB': 94.97, 'free_GB': 90.93, 'used_GB': 4.04, 'allocated_GB': 16.01, 'reserved_GB': 18.15, 'host_total_GB': 1133.56, 'host_available_GB': 737.9, 'host_used_GB': 395.66, 'host_free_GB': 98.43}
[2026-08-15 08:11:06] reloadable_process_group.py:121 - Reloaded default WORLD process group with backend nccl (generation 268)
[2026-08-15 08:11:06] reloadable_process_group.py:331 - Reloading 57 process groups in pid 31657: {'nccl': 50, 'gloo': 7}
[2026-08-15 08:11:07] memory_utils.py:47 - [Rank 1] Memory-Usage after wake_up model: {'gpu': '1', 'total_GB': 94.97, 'free_GB': 72.79, 'used_GB': 22.18, 'allocated_GB': 16.01, 'reserved_GB': 18.15, 'host_total_GB': 1133.56, 'host_available_GB': 771.48, 'host_used_GB': 362.08, 'host_free_GB': 129.99}
[2026-08-15 08:11:15] memory_utils.py:47 - [Rank 1] Memory-Usage before offload model: {'gpu': '1', 'total_GB': 94.97, 'free_GB': 71.99, 'used_GB': 22.98, 'allocated_GB': 16.01, 'reserved_GB': 18.15, 'host_total_GB': 1133.56, 'host_available_GB': 771.63, 'host_used_GB': 361.92, 'host_free_GB': 131.79}
[2026-08-15 08:11:18] reloadable_process_group.py:100 - Destroyed default nccl WORLD process group and initialized a temporary Gloo WORLD (generation 269)
[2026-08-15 08:11:23] memory_utils.py:47 - [Rank 1] Memory-Usage after offload model: {'gpu': '1', 'total_GB': 94.97, 'free_GB': 90.93, 'used_GB': 4.04, 'allocated_GB': 16.01, 'reserved_GB': 18.15, 'host_total_GB': 1133.56, 'host_available_GB': 737.89, 'host_used_GB': 395.67, 'host_free_GB': 93.14}
[2026-08-15 08:11:24] reloadable_process_group.py:121 - Reloaded default WORLD process group with backend nccl (generation 270)
[2026-08-15 08:11:24] reloadable_process_group.py:331 - Reloading 57 process groups in pid 31657: {'nccl': 50, 'gloo': 7}
[2026-08-15 08:11:24] memory_utils.py:47 - [Rank 1] Memory-Usage before update_weights: {'gpu': '1', 'total_GB': 94.97, 'free_GB': 87.65, 'used_GB': 7.32, 'allocated_GB': 16.01, 'reserved_GB': 18.15, 'host_total_GB': 1133.56, 'host_available_GB': 737.02, 'host_used_GB': 396.54, 'host_free_GB': 92.18}
[2026-08-15 08:11:24] memory_utils.py:47 - [Rank 1] Memory-Usage after update_weights: {'gpu': '1', 'total_GB': 94.97, 'free_GB': 87.67, 'used_GB': 7.3, 'allocated_GB': 16.01, 'reserved_GB': 18.15, 'host_total_GB': 1133.56, 'host_available_GB': 736.78, 'host_used_GB': 396.78, 'host_free_GB': 91.94}
[2026-08-15 08:11:24] reloadable_process_group.py:100 - Destroyed default nccl WORLD process group and initialized a temporary Gloo WORLD (generation 271)
[2026-08-15 08:12:44] memory_utils.py:47 - [Rank 1] Memory-Usage before wake_up model: {'gpu': '1', 'total_GB': 94.97, 'free_GB': 90.93, 'used_GB': 4.04, 'allocated_GB': 16.01, 'reserved_GB': 18.15, 'host_total_GB': 1133.56, 'host_available_GB': 740.33, 'host_used_GB': 393.23, 'host_free_GB': 106.35}
[2026-08-15 08:12:47] reloadable_process_group.py:121 - Reloaded default WORLD process group with backend nccl (generation 272)
[2026-08-15 08:12:47] reloadable_process_group.py:331 - Reloading 57 process groups in pid 31657: {'nccl': 50, 'gloo': 7}
[2026-08-15 08:12:47] memory_utils.py:47 - [Rank 1] Memory-Usage after wake_up model: {'gpu': '1', 'total_GB': 94.97, 'free_GB': 72.79, 'used_GB': 22.18, 'allocated_GB': 16.01, 'reserved_GB': 18.15, 'host_total_GB': 1133.56, 'host_available_GB': 774.38, 'host_used_GB': 359.18, 'host_free_GB': 140.4}
[2026-08-15 08:12:55] memory_utils.py:47 - [Rank 1] Memory-Usage before offload model: {'gpu': '1', 'total_GB': 94.97, 'free_GB': 71.99, 'used_GB': 22.98, 'allocated_GB': 16.01, 'reserved_GB': 18.15, 'host_total_GB': 1133.56, 'host_available_GB': 774.02, 'host_used_GB': 359.54, 'host_free_GB': 140.04}
[2026-08-15 08:12:57] reloadable_process_group.py:100 - Destroyed default nccl WORLD process group and initialized a temporary Gloo WORLD (generation 273)
[2026-08-15 08:13:02] memory_utils.py:47 - [Rank 1] Memory-Usage after offload model: {'gpu': '1', 'total_GB': 94.97, 'free_GB': 90.93, 'used_GB': 4.04, 'allocated_GB': 16.01, 'reserved_GB': 18.15, 'host_total_GB': 1133.56, 'host_available_GB': 741.98, 'host_used_GB': 391.58, 'host_free_GB': 107.99}
[2026-08-15 08:13:03] reloadable_process_group.py:121 - Reloaded default WORLD process group with backend nccl (generation 274)
[2026-08-15 08:13:03] reloadable_process_group.py:331 - Reloading 57 process groups in pid 31657: {'nccl': 50, 'gloo': 7}
[2026-08-15 08:13:03] memory_utils.py:47 - [Rank 1] Memory-Usage before update_weights: {'gpu': '1', 'total_GB': 94.97, 'free_GB': 87.65, 'used_GB': 7.32, 'allocated_GB': 16.01, 'reserved_GB': 18.15, 'host_total_GB': 1133.56, 'host_available_GB': 740.77, 'host_used_GB': 392.78, 'host_free_GB': 106.79}
[2026-08-15 08:13:03] memory_utils.py:47 - [Rank 1] Memory-Usage after update_weights: {'gpu': '1', 'total_GB': 94.97, 'free_GB': 87.67, 'used_GB': 7.3, 'allocated_GB': 16.01, 'reserved_GB': 18.15, 'host_total_GB': 1133.56, 'host_available_GB': 740.52, 'host_used_GB': 393.04, 'host_free_GB': 106.53}
[2026-08-15 08:13:03] reloadable_process_group.py:100 - Destroyed default nccl WORLD process group and initialized a temporary Gloo WORLD (generation 275)
[2026-08-15 08:14:22] memory_utils.py:47 - [Rank 1] Memory-Usage before wake_up model: {'gpu': '1', 'total_GB': 94.97, 'free_GB': 90.93, 'used_GB': 4.04, 'allocated_GB': 16.01, 'reserved_GB': 18.15, 'host_total_GB': 1133.56, 'host_available_GB': 738.93, 'host_used_GB': 394.62, 'host_free_GB': 109.88}
[2026-08-15 08:14:25] reloadable_process_group.py:121 - Reloaded default WORLD process group with backend nccl (generation 276)
[2026-08-15 08:14:25] reloadable_process_group.py:331 - Reloading 57 process groups in pid 31657: {'nccl': 50, 'gloo': 7}
[2026-08-15 08:14:25] memory_utils.py:47 - [Rank 1] Memory-Usage after wake_up model: {'gpu': '1', 'total_GB': 94.97, 'free_GB': 72.79, 'used_GB': 22.18, 'allocated_GB': 16.01, 'reserved_GB': 18.15, 'host_total_GB': 1133.56, 'host_available_GB': 771.27, 'host_used_GB': 362.29, 'host_free_GB': 140.72}
[2026-08-15 08:14:37] memory_utils.py:47 - [Rank 1] Memory-Usage before offload model: {'gpu': '1', 'total_GB': 94.97, 'free_GB': 71.99, 'used_GB': 22.98, 'allocated_GB': 16.01, 'reserved_GB': 18.15, 'host_total_GB': 1133.56, 'host_available_GB': 771.34, 'host_used_GB': 362.22, 'host_free_GB': 138.53}
[2026-08-15 08:14:39] reloadable_process_group.py:100 - Destroyed default nccl WORLD process group and initialized a temporary Gloo WORLD (generation 277)
[2026-08-15 08:14:45] memory_utils.py:47 - [Rank 1] Memory-Usage after offload model: {'gpu': '1', 'total_GB': 94.97, 'free_GB': 90.93, 'used_GB': 4.04, 'allocated_GB': 16.01, 'reserved_GB': 18.15, 'host_total_GB': 1133.56, 'host_available_GB': 739.86, 'host_used_GB': 393.7, 'host_free_GB': 105.72}
[2026-08-15 08:14:45] reloadable_process_group.py:121 - Reloaded default WORLD process group with backend nccl (generation 278)
[2026-08-15 08:14:45] reloadable_process_group.py:331 - Reloading 57 process groups in pid 31657: {'nccl': 50, 'gloo': 7}
[2026-08-15 08:14:45] memory_utils.py:47 - [Rank 1] Memory-Usage before update_weights: {'gpu': '1', 'total_GB': 94.97, 'free_GB': 87.65, 'used_GB': 7.32, 'allocated_GB': 16.01, 'reserved_GB': 18.15, 'host_total_GB': 1133.56, 'host_available_GB': 739.17, 'host_used_GB': 394.39, 'host_free_GB': 104.94}
[2026-08-15 08:14:46] memory_utils.py:47 - [Rank 1] Memory-Usage after update_weights: {'gpu': '1', 'total_GB': 94.97, 'free_GB': 87.67, 'used_GB': 7.3, 'allocated_GB': 16.01, 'reserved_GB': 18.15, 'host_total_GB': 1133.56, 'host_available_GB': 739.12, 'host_used_GB': 394.44, 'host_free_GB': 104.83}
[2026-08-15 08:14:46] reloadable_process_group.py:100 - Destroyed default nccl WORLD process group and initialized a temporary Gloo WORLD (generation 279)
[2026-08-15 08:16:07] memory_utils.py:47 - [Rank 1] Memory-Usage before wake_up model: {'gpu': '1', 'total_GB': 94.97, 'free_GB': 90.93, 'used_GB': 4.04, 'allocated_GB': 16.01, 'reserved_GB': 18.15, 'host_total_GB': 1133.56, 'host_available_GB': 738.95, 'host_used_GB': 394.6, 'host_free_GB': 112.93}
[2026-08-15 08:16:10] reloadable_process_group.py:121 - Reloaded default WORLD process group with backend nccl (generation 280)
[2026-08-15 08:16:10] reloadable_process_group.py:331 - Reloading 57 process groups in pid 31657: {'nccl': 50, 'gloo': 7}
[2026-08-15 08:16:11] memory_utils.py:47 - [Rank 1] Memory-Usage after wake_up model: {'gpu': '1', 'total_GB': 94.97, 'free_GB': 72.79, 'used_GB': 22.18, 'allocated_GB': 16.01, 'reserved_GB': 18.15, 'host_total_GB': 1133.56, 'host_available_GB': 771.38, 'host_used_GB': 362.18, 'host_free_GB': 144.62}
[2026-08-15 08:16:19] memory_utils.py:47 - [Rank 1] Memory-Usage before offload model: {'gpu': '1', 'total_GB': 94.97, 'free_GB': 71.99, 'used_GB': 22.98, 'allocated_GB': 16.01, 'reserved_GB': 18.15, 'host_total_GB': 1133.56, 'host_available_GB': 772.72, 'host_used_GB': 360.84, 'host_free_GB': 149.86}
[2026-08-15 08:16:21] reloadable_process_group.py:100 - Destroyed default nccl WORLD process group and initialized a temporary Gloo WORLD (generation 281)
[2026-08-15 08:16:26] memory_utils.py:47 - [Rank 1] Memory-Usage after offload model: {'gpu': '1', 'total_GB': 94.97, 'free_GB': 90.93, 'used_GB': 4.04, 'allocated_GB': 16.01, 'reserved_GB': 18.15, 'host_total_GB': 1133.56, 'host_available_GB': 741.23, 'host_used_GB': 392.33, 'host_free_GB': 119.86}
[2026-08-15 08:16:27] reloadable_process_group.py:121 - Reloaded default WORLD process group with backend nccl (generation 282)
[2026-08-15 08:16:27] reloadable_process_group.py:331 - Reloading 57 process groups in pid 31657: {'nccl': 50, 'gloo': 7}
[2026-08-15 08:16:28] memory_utils.py:47 - [Rank 1] Memory-Usage before update_weights: {'gpu': '1', 'total_GB': 94.97, 'free_GB': 87.65, 'used_GB': 7.32, 'allocated_GB': 16.01, 'reserved_GB': 18.15, 'host_total_GB': 1133.56, 'host_available_GB': 740.12, 'host_used_GB': 393.44, 'host_free_GB': 118.75}
[2026-08-15 08:16:28] memory_utils.py:47 - [Rank 1] Memory-Usage after update_weights: {'gpu': '1', 'total_GB': 94.97, 'free_GB': 87.67, 'used_GB': 7.3, 'allocated_GB': 16.01, 'reserved_GB': 18.15, 'host_total_GB': 1133.56, 'host_available_GB': 740.3, 'host_used_GB': 393.25, 'host_free_GB': 118.93}
[2026-08-15 08:16:28] reloadable_process_group.py:100 - Destroyed default nccl WORLD process group and initialized a temporary Gloo WORLD (generation 283)
[2026-08-15 08:17:50] memory_utils.py:47 - [Rank 1] Memory-Usage before wake_up model: {'gpu': '1', 'total_GB': 94.97, 'free_GB': 90.93, 'used_GB': 4.04, 'allocated_GB': 16.01, 'reserved_GB': 18.15, 'host_total_GB': 1133.56, 'host_available_GB': 740.38, 'host_used_GB': 393.18, 'host_free_GB': 121.92}
[2026-08-15 08:17:53] reloadable_process_group.py:121 - Reloaded default WORLD process group with backend nccl (generation 284)
[2026-08-15 08:17:53] reloadable_process_group.py:331 - Reloading 57 process groups in pid 31657: {'nccl': 50, 'gloo': 7}
[2026-08-15 08:17:53] memory_utils.py:47 - [Rank 1] Memory-Usage after wake_up model: {'gpu': '1', 'total_GB': 94.97, 'free_GB': 72.79, 'used_GB': 22.18, 'allocated_GB': 16.01, 'reserved_GB': 18.15, 'host_total_GB': 1133.56, 'host_available_GB': 774.76, 'host_used_GB': 358.8, 'host_free_GB': 156.3}
[2026-08-15 08:18:01] memory_utils.py:47 - [Rank 1] Memory-Usage before offload model: {'gpu': '1', 'total_GB': 94.97, 'free_GB': 71.99, 'used_GB': 22.98, 'allocated_GB': 16.01, 'reserved_GB': 18.15, 'host_total_GB': 1133.56, 'host_available_GB': 774.45, 'host_used_GB': 359.11, 'host_free_GB': 155.99}
[2026-08-15 08:18:02] reloadable_process_group.py:100 - Destroyed default nccl WORLD process group and initialized a temporary Gloo WORLD (generation 285)
[2026-08-15 08:18:08] memory_utils.py:47 - [Rank 1] Memory-Usage after offload model: {'gpu': '1', 'total_GB': 94.97, 'free_GB': 90.93, 'used_GB': 4.04, 'allocated_GB': 16.01, 'reserved_GB': 18.15, 'host_total_GB': 1133.56, 'host_available_GB': 741.27, 'host_used_GB': 392.29, 'host_free_GB': 122.81}
[2026-08-15 08:18:08] reloadable_process_group.py:121 - Reloaded default WORLD process group with backend nccl (generation 286)
[2026-08-15 08:18:08] reloadable_process_group.py:331 - Reloading 57 process groups in pid 31657: {'nccl': 50, 'gloo': 7}
[2026-08-15 08:18:09] memory_utils.py:47 - [Rank 1] Memory-Usage before update_weights: {'gpu': '1', 'total_GB': 94.97, 'free_GB': 87.65, 'used_GB': 7.32, 'allocated_GB': 16.01, 'reserved_GB': 18.15, 'host_total_GB': 1133.56, 'host_available_GB': 740.12, 'host_used_GB': 393.44, 'host_free_GB': 121.66}
[2026-08-15 08:18:09] memory_utils.py:47 - [Rank 1] Memory-Usage after update_weights: {'gpu': '1', 'total_GB': 94.97, 'free_GB': 87.67, 'used_GB': 7.3, 'allocated_GB': 16.01, 'reserved_GB': 18.15, 'host_total_GB': 1133.56, 'host_available_GB': 740.52, 'host_used_GB': 393.04, 'host_free_GB': 122.05}
[2026-08-15 08:18:09] reloadable_process_group.py:100 - Destroyed default nccl WORLD process group and initialized a temporary Gloo WORLD (generation 287)
[2026-08-15 08:19:29] memory_utils.py:47 - [Rank 1] Memory-Usage before wake_up model: {'gpu': '1', 'total_GB': 94.97, 'free_GB': 90.93, 'used_GB': 4.04, 'allocated_GB': 16.01, 'reserved_GB': 18.15, 'host_total_GB': 1133.56, 'host_available_GB': 739.23, 'host_used_GB': 394.33, 'host_free_GB': 116.1}
[2026-08-15 08:19:32] reloadable_process_group.py:121 - Reloaded default WORLD process group with backend nccl (generation 288)
[2026-08-15 08:19:32] reloadable_process_group.py:331 - Reloading 57 process groups in pid 31657: {'nccl': 50, 'gloo': 7}
[2026-08-15 08:19:32] memory_utils.py:47 - [Rank 1] Memory-Usage after wake_up model: {'gpu': '1', 'total_GB': 94.97, 'free_GB': 72.79, 'used_GB': 22.18, 'allocated_GB': 16.01, 'reserved_GB': 18.15, 'host_total_GB': 1133.56, 'host_available_GB': 772.51, 'host_used_GB': 361.04, 'host_free_GB': 148.99}
[2026-08-15 08:19:39] memory_utils.py:47 - [Rank 1] Memory-Usage before offload model: {'gpu': '1', 'total_GB': 94.97, 'free_GB': 71.99, 'used_GB': 22.98, 'allocated_GB': 16.01, 'reserved_GB': 18.15, 'host_total_GB': 1133.56, 'host_available_GB': 772.17, 'host_used_GB': 361.39, 'host_free_GB': 147.53}
[2026-08-15 08:19:41] reloadable_process_group.py:100 - Destroyed default nccl WORLD process group and initialized a temporary Gloo WORLD (generation 289)
[2026-08-15 08:19:47] memory_utils.py:47 - [Rank 1] Memory-Usage after offload model: {'gpu': '1', 'total_GB': 94.97, 'free_GB': 90.93, 'used_GB': 4.04, 'allocated_GB': 16.01, 'reserved_GB': 18.15, 'host_total_GB': 1133.56, 'host_available_GB': 740.22, 'host_used_GB': 393.34, 'host_free_GB': 116.11}
[2026-08-15 08:19:47] reloadable_process_group.py:121 - Reloaded default WORLD process group with backend nccl (generation 290)
[2026-08-15 08:19:47] reloadable_process_group.py:331 - Reloading 57 process groups in pid 31657: {'nccl': 50, 'gloo': 7}
[2026-08-15 08:19:47] memory_utils.py:47 - [Rank 1] Memory-Usage before update_weights: {'gpu': '1', 'total_GB': 94.97, 'free_GB': 87.65, 'used_GB': 7.32, 'allocated_GB': 16.01, 'reserved_GB': 18.15, 'host_total_GB': 1133.56, 'host_available_GB': 739.32, 'host_used_GB': 394.24, 'host_free_GB': 115.66}
[2026-08-15 08:19:48] memory_utils.py:47 - [Rank 1] Memory-Usage after update_weights: {'gpu': '1', 'total_GB': 94.97, 'free_GB': 87.67, 'used_GB': 7.3, 'allocated_GB': 16.01, 'reserved_GB': 18.15, 'host_total_GB': 1133.56, 'host_available_GB': 739.44, 'host_used_GB': 394.11, 'host_free_GB': 116.24}
[2026-08-15 08:19:48] reloadable_process_group.py:100 - Destroyed default nccl WORLD process group and initialized a temporary Gloo WORLD (generation 291)
[2026-08-15 08:21:10] memory_utils.py:47 - [Rank 1] Memory-Usage before wake_up model: {'gpu': '1', 'total_GB': 94.97, 'free_GB': 90.93, 'used_GB': 4.04, 'allocated_GB': 16.01, 'reserved_GB': 18.15, 'host_total_GB': 1133.56, 'host_available_GB': 740.23, 'host_used_GB': 393.32, 'host_free_GB': 115.04}
[2026-08-15 08:21:13] reloadable_process_group.py:121 - Reloaded default WORLD process group with backend nccl (generation 292)
[2026-08-15 08:21:13] reloadable_process_group.py:331 - Reloading 57 process groups in pid 31657: {'nccl': 50, 'gloo': 7}
[2026-08-15 08:21:13] memory_utils.py:47 - [Rank 1] Memory-Usage after wake_up model: {'gpu': '1', 'total_GB': 94.97, 'free_GB': 72.79, 'used_GB': 22.18, 'allocated_GB': 16.01, 'reserved_GB': 18.15, 'host_total_GB': 1133.56, 'host_available_GB': 774.01, 'host_used_GB': 359.54, 'host_free_GB': 148.82}
[2026-08-15 08:21:26] memory_utils.py:47 - [Rank 1] Memory-Usage before offload model: {'gpu': '1', 'total_GB': 94.97, 'free_GB': 71.99, 'used_GB': 22.98, 'allocated_GB': 16.01, 'reserved_GB': 18.15, 'host_total_GB': 1133.56, 'host_available_GB': 773.76, 'host_used_GB': 359.8, 'host_free_GB': 148.55}
[2026-08-15 08:21:27] reloadable_process_group.py:100 - Destroyed default nccl WORLD process group and initialized a temporary Gloo WORLD (generation 293)
[2026-08-15 08:21:32] memory_utils.py:47 - [Rank 1] Memory-Usage after offload model: {'gpu': '1', 'total_GB': 94.97, 'free_GB': 90.93, 'used_GB': 4.04, 'allocated_GB': 16.01, 'reserved_GB': 18.15, 'host_total_GB': 1133.56, 'host_available_GB': 740.79, 'host_used_GB': 392.77, 'host_free_GB': 115.59}
[2026-08-15 08:21:33] reloadable_process_group.py:121 - Reloaded default WORLD process group with backend nccl (generation 294)
[2026-08-15 08:21:33] reloadable_process_group.py:331 - Reloading 57 process groups in pid 31657: {'nccl': 50, 'gloo': 7}
[2026-08-15 08:21:33] memory_utils.py:47 - [Rank 1] Memory-Usage before update_weights: {'gpu': '1', 'total_GB': 94.97, 'free_GB': 87.65, 'used_GB': 7.32, 'allocated_GB': 16.01, 'reserved_GB': 18.15, 'host_total_GB': 1133.56, 'host_available_GB': 740.05, 'host_used_GB': 393.51, 'host_free_GB': 114.85}
[2026-08-15 08:21:34] memory_utils.py:47 - [Rank 1] Memory-Usage after update_weights: {'gpu': '1', 'total_GB': 94.97, 'free_GB': 87.67, 'used_GB': 7.3, 'allocated_GB': 16.01, 'reserved_GB': 18.15, 'host_total_GB': 1133.56, 'host_available_GB': 740.42, 'host_used_GB': 393.14, 'host_free_GB': 115.22}
[2026-08-15 08:21:34] reloadable_process_group.py:100 - Destroyed default nccl WORLD process group and initialized a temporary Gloo WORLD (generation 295)
[2026-08-15 08:22:54] memory_utils.py:47 - [Rank 1] Memory-Usage before wake_up model: {'gpu': '1', 'total_GB': 94.97, 'free_GB': 90.93, 'used_GB': 4.04, 'allocated_GB': 16.01, 'reserved_GB': 18.15, 'host_total_GB': 1133.56, 'host_available_GB': 740.81, 'host_used_GB': 392.75, 'host_free_GB': 122.52}
[2026-08-15 08:22:57] reloadable_process_group.py:121 - Reloaded default WORLD process group with backend nccl (generation 296)
[2026-08-15 08:22:57] reloadable_process_group.py:331 - Reloading 57 process groups in pid 31657: {'nccl': 50, 'gloo': 7}
[2026-08-15 08:22:57] memory_utils.py:47 - [Rank 1] Memory-Usage after wake_up model: {'gpu': '1', 'total_GB': 94.97, 'free_GB': 72.79, 'used_GB': 22.18, 'allocated_GB': 16.01, 'reserved_GB': 18.15, 'host_total_GB': 1133.56, 'host_available_GB': 773.9, 'host_used_GB': 359.65, 'host_free_GB': 155.43}
[2026-08-15 08:23:05] memory_utils.py:47 - [Rank 1] Memory-Usage before offload model: {'gpu': '1', 'total_GB': 94.97, 'free_GB': 71.99, 'used_GB': 22.98, 'allocated_GB': 16.01, 'reserved_GB': 18.15, 'host_total_GB': 1133.56, 'host_available_GB': 772.25, 'host_used_GB': 361.31, 'host_free_GB': 152.52}
[2026-08-15 08:23:07] reloadable_process_group.py:100 - Destroyed default nccl WORLD process group and initialized a temporary Gloo WORLD (generation 297)
[2026-08-15 08:23:12] memory_utils.py:47 - [Rank 1] Memory-Usage after offload model: {'gpu': '1', 'total_GB': 94.97, 'free_GB': 90.93, 'used_GB': 4.04, 'allocated_GB': 16.01, 'reserved_GB': 18.15, 'host_total_GB': 1133.56, 'host_available_GB': 739.2, 'host_used_GB': 394.36, 'host_free_GB': 118.27}
[2026-08-15 08:23:13] reloadable_process_group.py:121 - Reloaded default WORLD process group with backend nccl (generation 298)
[2026-08-15 08:23:13] reloadable_process_group.py:331 - Reloading 57 process groups in pid 31657: {'nccl': 50, 'gloo': 7}
[2026-08-15 08:23:13] memory_utils.py:47 - [Rank 1] Memory-Usage before update_weights: {'gpu': '1', 'total_GB': 94.97, 'free_GB': 87.65, 'used_GB': 7.32, 'allocated_GB': 16.01, 'reserved_GB': 18.15, 'host_total_GB': 1133.56, 'host_available_GB': 738.78, 'host_used_GB': 394.78, 'host_free_GB': 117.85}
[2026-08-15 08:23:13] memory_utils.py:47 - [Rank 1] Memory-Usage after update_weights: {'gpu': '1', 'total_GB': 94.97, 'free_GB': 87.67, 'used_GB': 7.3, 'allocated_GB': 16.01, 'reserved_GB': 18.15, 'host_total_GB': 1133.56, 'host_available_GB': 738.63, 'host_used_GB': 394.92, 'host_free_GB': 117.71}
[2026-08-15 08:23:14] reloadable_process_group.py:100 - Destroyed default nccl WORLD process group and initialized a temporary Gloo WORLD (generation 299)
[2026-08-15 08:24:35] memory_utils.py:47 - [Rank 1] Memory-Usage before wake_up model: {'gpu': '1', 'total_GB': 94.97, 'free_GB': 90.93, 'used_GB': 4.04, 'allocated_GB': 16.01, 'reserved_GB': 18.15, 'host_total_GB': 1133.56, 'host_available_GB': 740.76, 'host_used_GB': 392.8, 'host_free_GB': 127.57}
[2026-08-15 08:24:38] reloadable_process_group.py:121 - Reloaded default WORLD process group with backend nccl (generation 300)
[2026-08-15 08:24:38] reloadable_process_group.py:331 - Reloading 57 process groups in pid 31657: {'nccl': 50, 'gloo': 7}
[2026-08-15 08:24:38] memory_utils.py:47 - [Rank 1] Memory-Usage after wake_up model: {'gpu': '1', 'total_GB': 94.97, 'free_GB': 72.79, 'used_GB': 22.18, 'allocated_GB': 16.01, 'reserved_GB': 18.15, 'host_total_GB': 1133.56, 'host_available_GB': 774.81, 'host_used_GB': 358.75, 'host_free_GB': 161.62}
[2026-08-15 08:24:45] memory_utils.py:47 - [Rank 1] Memory-Usage before offload model: {'gpu': '1', 'total_GB': 94.97, 'free_GB': 71.99, 'used_GB': 22.98, 'allocated_GB': 16.01, 'reserved_GB': 18.15, 'host_total_GB': 1133.56, 'host_available_GB': 773.37, 'host_used_GB': 360.19, 'host_free_GB': 160.18}
[2026-08-15 08:24:46] reloadable_process_group.py:100 - Destroyed default nccl WORLD process group and initialized a temporary Gloo WORLD (generation 301)
[2026-08-15 08:24:52] memory_utils.py:47 - [Rank 1] Memory-Usage after offload model: {'gpu': '1', 'total_GB': 94.97, 'free_GB': 90.93, 'used_GB': 4.04, 'allocated_GB': 16.01, 'reserved_GB': 18.15, 'host_total_GB': 1133.56, 'host_available_GB': 741.36, 'host_used_GB': 392.19, 'host_free_GB': 128.18}
[2026-08-15 08:24:53] reloadable_process_group.py:121 - Reloaded default WORLD process group with backend nccl (generation 302)
[2026-08-15 08:24:53] reloadable_process_group.py:331 - Reloading 57 process groups in pid 31657: {'nccl': 50, 'gloo': 7}
[2026-08-15 08:24:53] memory_utils.py:47 - [Rank 1] Memory-Usage before update_weights: {'gpu': '1', 'total_GB': 94.97, 'free_GB': 87.65, 'used_GB': 7.32, 'allocated_GB': 16.01, 'reserved_GB': 18.15, 'host_total_GB': 1133.56, 'host_available_GB': 740.3, 'host_used_GB': 393.26, 'host_free_GB': 127.11}
[2026-08-15 08:24:53] memory_utils.py:47 - [Rank 1] Memory-Usage after update_weights: {'gpu': '1', 'total_GB': 94.97, 'free_GB': 87.67, 'used_GB': 7.3, 'allocated_GB': 16.01, 'reserved_GB': 18.15, 'host_total_GB': 1133.56, 'host_available_GB': 740.74, 'host_used_GB': 392.82, 'host_free_GB': 127.55}
[2026-08-15 08:24:53] reloadable_process_group.py:100 - Destroyed default nccl WORLD process group and initialized a temporary Gloo WORLD (generation 303)
[2026-08-15 08:26:14] memory_utils.py:47 - [Rank 1] Memory-Usage before wake_up model: {'gpu': '1', 'total_GB': 94.97, 'free_GB': 90.93, 'used_GB': 4.04, 'allocated_GB': 16.01, 'reserved_GB': 18.15, 'host_total_GB': 1133.56, 'host_available_GB': 737.88, 'host_used_GB': 395.68, 'host_free_GB': 119.14}
[2026-08-15 08:26:17] reloadable_process_group.py:121 - Reloaded default WORLD process group with backend nccl (generation 304)
[2026-08-15 08:26:17] reloadable_process_group.py:331 - Reloading 57 process groups in pid 31657: {'nccl': 50, 'gloo': 7}
[2026-08-15 08:26:18] memory_utils.py:47 - [Rank 1] Memory-Usage after wake_up model: {'gpu': '1', 'total_GB': 94.97, 'free_GB': 72.79, 'used_GB': 22.18, 'allocated_GB': 16.01, 'reserved_GB': 18.15, 'host_total_GB': 1133.56, 'host_available_GB': 771.7, 'host_used_GB': 361.86, 'host_free_GB': 152.93}
[2026-08-15 08:26:27] memory_utils.py:47 - [Rank 1] Memory-Usage before offload model: {'gpu': '1', 'total_GB': 94.97, 'free_GB': 71.99, 'used_GB': 22.98, 'allocated_GB': 16.01, 'reserved_GB': 18.15, 'host_total_GB': 1133.56, 'host_available_GB': 771.01, 'host_used_GB': 362.55, 'host_free_GB': 150.18}
[2026-08-15 08:26:28] reloadable_process_group.py:100 - Destroyed default nccl WORLD process group and initialized a temporary Gloo WORLD (generation 305)
[2026-08-15 08:26:34] memory_utils.py:47 - [Rank 1] Memory-Usage after offload model: {'gpu': '1', 'total_GB': 94.97, 'free_GB': 90.93, 'used_GB': 4.04, 'allocated_GB': 16.01, 'reserved_GB': 18.15, 'host_total_GB': 1133.56, 'host_available_GB': 738.72, 'host_used_GB': 394.84, 'host_free_GB': 116.76}
[2026-08-15 08:26:34] reloadable_process_group.py:121 - Reloaded default WORLD process group with backend nccl (generation 306)
[2026-08-15 08:26:34] reloadable_process_group.py:331 - Reloading 57 process groups in pid 31657: {'nccl': 50, 'gloo': 7}
[2026-08-15 08:26:34] memory_utils.py:47 - [Rank 1] Memory-Usage before update_weights: {'gpu': '1', 'total_GB': 94.97, 'free_GB': 87.65, 'used_GB': 7.32, 'allocated_GB': 16.01, 'reserved_GB': 18.15, 'host_total_GB': 1133.56, 'host_available_GB': 737.76, 'host_used_GB': 395.8, 'host_free_GB': 115.62}
[2026-08-15 08:26:35] memory_utils.py:47 - [Rank 1] Memory-Usage after update_weights: {'gpu': '1', 'total_GB': 94.97, 'free_GB': 87.67, 'used_GB': 7.3, 'allocated_GB': 16.01, 'reserved_GB': 18.15, 'host_total_GB': 1133.56, 'host_available_GB': 737.9, 'host_used_GB': 395.65, 'host_free_GB': 115.52}
[2026-08-15 08:26:35] reloadable_process_group.py:100 - Destroyed default nccl WORLD process group and initialized a temporary Gloo WORLD (generation 307)
[2026-08-15 08:27:55] memory_utils.py:47 - [Rank 1] Memory-Usage before wake_up model: {'gpu': '1', 'total_GB': 94.97, 'free_GB': 90.93, 'used_GB': 4.04, 'allocated_GB': 16.01, 'reserved_GB': 18.15, 'host_total_GB': 1133.56, 'host_available_GB': 739.82, 'host_used_GB': 393.74, 'host_free_GB': 114.79}
[2026-08-15 08:27:58] reloadable_process_group.py:121 - Reloaded default WORLD process group with backend nccl (generation 308)
[2026-08-15 08:27:58] reloadable_process_group.py:331 - Reloading 57 process groups in pid 31657: {'nccl': 50, 'gloo': 7}
[2026-08-15 08:27:58] memory_utils.py:47 - [Rank 1] Memory-Usage after wake_up model: {'gpu': '1', 'total_GB': 94.97, 'free_GB': 72.79, 'used_GB': 22.18, 'allocated_GB': 16.01, 'reserved_GB': 18.15, 'host_total_GB': 1133.56, 'host_available_GB': 773.93, 'host_used_GB': 359.63, 'host_free_GB': 148.9}
[2026-08-15 08:28:12] memory_utils.py:47 - [Rank 1] Memory-Usage before offload model: {'gpu': '1', 'total_GB': 94.97, 'free_GB': 71.99, 'used_GB': 22.98, 'allocated_GB': 16.01, 'reserved_GB': 18.15, 'host_total_GB': 1133.56, 'host_available_GB': 772.94, 'host_used_GB': 360.62, 'host_free_GB': 152.63}
[2026-08-15 08:28:14] reloadable_process_group.py:100 - Destroyed default nccl WORLD process group and initialized a temporary Gloo WORLD (generation 309)
[2026-08-15 08:28:19] memory_utils.py:47 - [Rank 1] Memory-Usage after offload model: {'gpu': '1', 'total_GB': 94.97, 'free_GB': 90.93, 'used_GB': 4.04, 'allocated_GB': 16.01, 'reserved_GB': 18.15, 'host_total_GB': 1133.56, 'host_available_GB': 741.18, 'host_used_GB': 392.38, 'host_free_GB': 120.86}
[2026-08-15 08:28:20] reloadable_process_group.py:121 - Reloaded default WORLD process group with backend nccl (generation 310)
[2026-08-15 08:28:20] reloadable_process_group.py:331 - Reloading 57 process groups in pid 31657: {'nccl': 50, 'gloo': 7}
[2026-08-15 08:28:20] memory_utils.py:47 - [Rank 1] Memory-Usage before update_weights: {'gpu': '1', 'total_GB': 94.97, 'free_GB': 87.65, 'used_GB': 7.32, 'allocated_GB': 16.01, 'reserved_GB': 18.15, 'host_total_GB': 1133.56, 'host_available_GB': 739.97, 'host_used_GB': 393.59, 'host_free_GB': 119.65}
[2026-08-15 08:28:20] memory_utils.py:47 - [Rank 1] Memory-Usage after update_weights: {'gpu': '1', 'total_GB': 94.97, 'free_GB': 87.67, 'used_GB': 7.3, 'allocated_GB': 16.01, 'reserved_GB': 18.15, 'host_total_GB': 1133.56, 'host_available_GB': 739.89, 'host_used_GB': 393.67, 'host_free_GB': 119.57}
[2026-08-15 08:28:21] reloadable_process_group.py:100 - Destroyed default nccl WORLD process group and initialized a temporary Gloo WORLD (generation 311)
[2026-08-15 08:29:40] memory_utils.py:47 - [Rank 1] Memory-Usage before wake_up model: {'gpu': '1', 'total_GB': 94.97, 'free_GB': 90.93, 'used_GB': 4.04, 'allocated_GB': 16.01, 'reserved_GB': 18.15, 'host_total_GB': 1133.56, 'host_available_GB': 740.25, 'host_used_GB': 393.31, 'host_free_GB': 119.92}
[2026-08-15 08:29:43] reloadable_process_group.py:121 - Reloaded default WORLD process group with backend nccl (generation 312)
[2026-08-15 08:29:43] reloadable_process_group.py:331 - Reloading 57 process groups in pid 31657: {'nccl': 50, 'gloo': 7}
[2026-08-15 08:29:44] memory_utils.py:47 - [Rank 1] Memory-Usage after wake_up model: {'gpu': '1', 'total_GB': 94.97, 'free_GB': 72.79, 'used_GB': 22.18, 'allocated_GB': 16.01, 'reserved_GB': 18.15, 'host_total_GB': 1133.56, 'host_available_GB': 774.23, 'host_used_GB': 359.33, 'host_free_GB': 153.98}
[2026-08-15 08:29:51] memory_utils.py:47 - [Rank 1] Memory-Usage before offload model: {'gpu': '1', 'total_GB': 94.97, 'free_GB': 71.99, 'used_GB': 22.98, 'allocated_GB': 16.01, 'reserved_GB': 18.15, 'host_total_GB': 1133.56, 'host_available_GB': 773.17, 'host_used_GB': 360.39, 'host_free_GB': 152.83}
[2026-08-15 08:29:53] reloadable_process_group.py:100 - Destroyed default nccl WORLD process group and initialized a temporary Gloo WORLD (generation 313)
[2026-08-15 08:29:58] memory_utils.py:47 - [Rank 1] Memory-Usage after offload model: {'gpu': '1', 'total_GB': 94.97, 'free_GB': 90.93, 'used_GB': 4.04, 'allocated_GB': 16.01, 'reserved_GB': 18.15, 'host_total_GB': 1133.56, 'host_available_GB': 740.26, 'host_used_GB': 393.3, 'host_free_GB': 124.52}
[2026-08-15 08:29:59] reloadable_process_group.py:121 - Reloaded default WORLD process group with backend nccl (generation 314)
[2026-08-15 08:29:59] reloadable_process_group.py:331 - Reloading 57 process groups in pid 31657: {'nccl': 50, 'gloo': 7}
[2026-08-15 08:29:59] memory_utils.py:47 - [Rank 1] Memory-Usage before update_weights: {'gpu': '1', 'total_GB': 94.97, 'free_GB': 87.65, 'used_GB': 7.32, 'allocated_GB': 16.01, 'reserved_GB': 18.15, 'host_total_GB': 1133.56, 'host_available_GB': 739.3, 'host_used_GB': 394.25, 'host_free_GB': 123.83}
[2026-08-15 08:30:00] memory_utils.py:47 - [Rank 1] Memory-Usage after update_weights: {'gpu': '1', 'total_GB': 94.97, 'free_GB': 87.67, 'used_GB': 7.3, 'allocated_GB': 16.01, 'reserved_GB': 18.15, 'host_total_GB': 1133.56, 'host_available_GB': 739.42, 'host_used_GB': 394.13, 'host_free_GB': 124.03}
[2026-08-15 08:30:00] reloadable_process_group.py:100 - Destroyed default nccl WORLD process group and initialized a temporary Gloo WORLD (generation 315)
[2026-08-15 08:31:20] memory_utils.py:47 - [Rank 1] Memory-Usage before wake_up model: {'gpu': '1', 'total_GB': 94.97, 'free_GB': 90.93, 'used_GB': 4.04, 'allocated_GB': 16.01, 'reserved_GB': 18.15, 'host_total_GB': 1133.56, 'host_available_GB': 742.39, 'host_used_GB': 391.16, 'host_free_GB': 134.51}
[2026-08-15 08:31:23] reloadable_process_group.py:121 - Reloaded default WORLD process group with backend nccl (generation 316)
[2026-08-15 08:31:23] reloadable_process_group.py:331 - Reloading 57 process groups in pid 31657: {'nccl': 50, 'gloo': 7}
[2026-08-15 08:31:23] memory_utils.py:47 - [Rank 1] Memory-Usage after wake_up model: {'gpu': '1', 'total_GB': 94.97, 'free_GB': 72.79, 'used_GB': 22.18, 'allocated_GB': 16.01, 'reserved_GB': 18.15, 'host_total_GB': 1133.56, 'host_available_GB': 776.41, 'host_used_GB': 357.15, 'host_free_GB': 170.46}
[2026-08-15 08:31:31] memory_utils.py:47 - [Rank 1] Memory-Usage before offload model: {'gpu': '1', 'total_GB': 94.97, 'free_GB': 71.99, 'used_GB': 22.98, 'allocated_GB': 16.01, 'reserved_GB': 18.15, 'host_total_GB': 1133.56, 'host_available_GB': 776.13, 'host_used_GB': 357.43, 'host_free_GB': 171.14}
[2026-08-15 08:31:33] reloadable_process_group.py:100 - Destroyed default nccl WORLD process group and initialized a temporary Gloo WORLD (generation 317)
[2026-08-15 08:31:38] memory_utils.py:47 - [Rank 1] Memory-Usage after offload model: {'gpu': '1', 'total_GB': 94.97, 'free_GB': 90.93, 'used_GB': 4.04, 'allocated_GB': 16.01, 'reserved_GB': 18.15, 'host_total_GB': 1133.56, 'host_available_GB': 743.43, 'host_used_GB': 390.13, 'host_free_GB': 138.42}
[2026-08-15 08:31:39] reloadable_process_group.py:121 - Reloaded default WORLD process group with backend nccl (generation 318)
[2026-08-15 08:31:39] reloadable_process_group.py:331 - Reloading 57 process groups in pid 31657: {'nccl': 50, 'gloo': 7}
[2026-08-15 08:31:39] memory_utils.py:47 - [Rank 1] Memory-Usage before update_weights: {'gpu': '1', 'total_GB': 94.97, 'free_GB': 87.65, 'used_GB': 7.32, 'allocated_GB': 16.01, 'reserved_GB': 18.15, 'host_total_GB': 1133.56, 'host_available_GB': 742.55, 'host_used_GB': 391.01, 'host_free_GB': 137.54}
[2026-08-15 08:31:39] memory_utils.py:47 - [Rank 1] Memory-Usage after update_weights: {'gpu': '1', 'total_GB': 94.97, 'free_GB': 87.67, 'used_GB': 7.3, 'allocated_GB': 16.01, 'reserved_GB': 18.15, 'host_total_GB': 1133.56, 'host_available_GB': 742.56, 'host_used_GB': 391.0, 'host_free_GB': 137.55}
[2026-08-15 08:31:39] reloadable_process_group.py:100 - Destroyed default nccl WORLD process group and initialized a temporary Gloo WORLD (generation 319)
[2026-08-15 08:32:57] memory_utils.py:47 - [Rank 1] Memory-Usage before wake_up model: {'gpu': '1', 'total_GB': 94.97, 'free_GB': 90.93, 'used_GB': 4.04, 'allocated_GB': 16.01, 'reserved_GB': 18.15, 'host_total_GB': 1133.56, 'host_available_GB': 740.97, 'host_used_GB': 392.58, 'host_free_GB': 138.53}
[2026-08-15 08:33:01] reloadable_process_group.py:121 - Reloaded default WORLD process group with backend nccl (generation 320)
[2026-08-15 08:33:01] reloadable_process_group.py:331 - Reloading 57 process groups in pid 31657: {'nccl': 50, 'gloo': 7}
[2026-08-15 08:33:01] memory_utils.py:47 - [Rank 1] Memory-Usage after wake_up model: {'gpu': '1', 'total_GB': 94.97, 'free_GB': 72.79, 'used_GB': 22.18, 'allocated_GB': 16.01, 'reserved_GB': 18.15, 'host_total_GB': 1133.56, 'host_available_GB': 774.77, 'host_used_GB': 358.79, 'host_free_GB': 171.9}
[2026-08-15 08:33:09] memory_utils.py:47 - [Rank 1] Memory-Usage before offload model: {'gpu': '1', 'total_GB': 94.97, 'free_GB': 71.99, 'used_GB': 22.98, 'allocated_GB': 16.01, 'reserved_GB': 18.15, 'host_total_GB': 1133.56, 'host_available_GB': 773.64, 'host_used_GB': 359.92, 'host_free_GB': 169.89}
[2026-08-15 08:33:10] reloadable_process_group.py:100 - Destroyed default nccl WORLD process group and initialized a temporary Gloo WORLD (generation 321)
[2026-08-15 08:33:16] memory_utils.py:47 - [Rank 1] Memory-Usage after offload model: {'gpu': '1', 'total_GB': 94.97, 'free_GB': 90.93, 'used_GB': 4.04, 'allocated_GB': 16.01, 'reserved_GB': 18.15, 'host_total_GB': 1133.56, 'host_available_GB': 741.15, 'host_used_GB': 392.41, 'host_free_GB': 136.65}
[2026-08-15 08:33:16] reloadable_process_group.py:121 - Reloaded default WORLD process group with backend nccl (generation 322)
[2026-08-15 08:33:16] reloadable_process_group.py:331 - Reloading 57 process groups in pid 31657: {'nccl': 50, 'gloo': 7}
[2026-08-15 08:33:16] memory_utils.py:47 - [Rank 1] Memory-Usage before update_weights: {'gpu': '1', 'total_GB': 94.97, 'free_GB': 87.65, 'used_GB': 7.32, 'allocated_GB': 16.01, 'reserved_GB': 18.15, 'host_total_GB': 1133.56, 'host_available_GB': 739.57, 'host_used_GB': 393.99, 'host_free_GB': 134.92}
[2026-08-15 08:33:17] memory_utils.py:47 - [Rank 1] Memory-Usage after update_weights: {'gpu': '1', 'total_GB': 94.97, 'free_GB': 87.67, 'used_GB': 7.3, 'allocated_GB': 16.01, 'reserved_GB': 18.15, 'host_total_GB': 1133.56, 'host_available_GB': 739.99, 'host_used_GB': 393.57, 'host_free_GB': 135.26}
[2026-08-15 08:33:17] reloadable_process_group.py:100 - Destroyed default nccl WORLD process group and initialized a temporary Gloo WORLD (generation 323)
[2026-08-15 08:34:37] memory_utils.py:47 - [Rank 1] Memory-Usage before wake_up model: {'gpu': '1', 'total_GB': 94.97, 'free_GB': 90.93, 'used_GB': 4.04, 'allocated_GB': 16.01, 'reserved_GB': 18.15, 'host_total_GB': 1133.56, 'host_available_GB': 738.97, 'host_used_GB': 394.59, 'host_free_GB': 121.61}
[2026-08-15 08:34:40] reloadable_process_group.py:121 - Reloaded default WORLD process group with backend nccl (generation 324)
[2026-08-15 08:34:40] reloadable_process_group.py:331 - Reloading 57 process groups in pid 31657: {'nccl': 50, 'gloo': 7}
[2026-08-15 08:34:40] memory_utils.py:47 - [Rank 1] Memory-Usage after wake_up model: {'gpu': '1', 'total_GB': 94.97, 'free_GB': 72.79, 'used_GB': 22.18, 'allocated_GB': 16.01, 'reserved_GB': 18.15, 'host_total_GB': 1133.56, 'host_available_GB': 773.49, 'host_used_GB': 360.07, 'host_free_GB': 156.14}
[2026-08-15 08:34:52] memory_utils.py:47 - [Rank 1] Memory-Usage before offload model: {'gpu': '1', 'total_GB': 94.97, 'free_GB': 71.99, 'used_GB': 22.98, 'allocated_GB': 16.01, 'reserved_GB': 18.15, 'host_total_GB': 1133.56, 'host_available_GB': 773.05, 'host_used_GB': 360.51, 'host_free_GB': 154.03}
[2026-08-15 08:34:54] reloadable_process_group.py:100 - Destroyed default nccl WORLD process group and initialized a temporary Gloo WORLD (generation 325)
[2026-08-15 08:35:00] memory_utils.py:47 - [Rank 1] Memory-Usage after offload model: {'gpu': '1', 'total_GB': 94.97, 'free_GB': 90.93, 'used_GB': 4.04, 'allocated_GB': 16.01, 'reserved_GB': 18.15, 'host_total_GB': 1133.56, 'host_available_GB': 740.31, 'host_used_GB': 393.25, 'host_free_GB': 123.41}
[2026-08-15 08:35:00] reloadable_process_group.py:121 - Reloaded default WORLD process group with backend nccl (generation 326)
[2026-08-15 08:35:00] reloadable_process_group.py:331 - Reloading 57 process groups in pid 31657: {'nccl': 50, 'gloo': 7}
[2026-08-15 08:35:00] memory_utils.py:47 - [Rank 1] Memory-Usage before update_weights: {'gpu': '1', 'total_GB': 94.97, 'free_GB': 87.65, 'used_GB': 7.32, 'allocated_GB': 16.01, 'reserved_GB': 18.15, 'host_total_GB': 1133.56, 'host_available_GB': 739.42, 'host_used_GB': 394.13, 'host_free_GB': 122.81}
[2026-08-15 08:35:01] memory_utils.py:47 - [Rank 1] Memory-Usage after update_weights: {'gpu': '1', 'total_GB': 94.97, 'free_GB': 87.67, 'used_GB': 7.3, 'allocated_GB': 16.01, 'reserved_GB': 18.15, 'host_total_GB': 1133.56, 'host_available_GB': 739.41, 'host_used_GB': 394.15, 'host_free_GB': 122.98}
[2026-08-15 08:35:01] reloadable_process_group.py:100 - Destroyed default nccl WORLD process group and initialized a temporary Gloo WORLD (generation 327)
[2026-08-15 08:36:22] memory_utils.py:47 - [Rank 1] Memory-Usage before wake_up model: {'gpu': '1', 'total_GB': 94.97, 'free_GB': 90.93, 'used_GB': 4.04, 'allocated_GB': 16.01, 'reserved_GB': 18.15, 'host_total_GB': 1133.56, 'host_available_GB': 740.21, 'host_used_GB': 393.35, 'host_free_GB': 131.2}
[2026-08-15 08:36:25] reloadable_process_group.py:121 - Reloaded default WORLD process group with backend nccl (generation 328)
[2026-08-15 08:36:25] reloadable_process_group.py:331 - Reloading 57 process groups in pid 31657: {'nccl': 50, 'gloo': 7}
[2026-08-15 08:36:26] memory_utils.py:47 - [Rank 1] Memory-Usage after wake_up model: {'gpu': '1', 'total_GB': 94.97, 'free_GB': 72.79, 'used_GB': 22.18, 'allocated_GB': 16.01, 'reserved_GB': 18.15, 'host_total_GB': 1133.56, 'host_available_GB': 773.85, 'host_used_GB': 359.71, 'host_free_GB': 164.39}
[2026-08-15 08:36:33] memory_utils.py:47 - [Rank 1] Memory-Usage before offload model: {'gpu': '1', 'total_GB': 94.97, 'free_GB': 71.99, 'used_GB': 22.98, 'allocated_GB': 16.01, 'reserved_GB': 18.15, 'host_total_GB': 1133.56, 'host_available_GB': 772.7, 'host_used_GB': 360.86, 'host_free_GB': 162.16}
[2026-08-15 08:36:35] reloadable_process_group.py:100 - Destroyed default nccl WORLD process group and initialized a temporary Gloo WORLD (generation 329)
[2026-08-15 08:36:40] memory_utils.py:47 - [Rank 1] Memory-Usage after offload model: {'gpu': '1', 'total_GB': 94.97, 'free_GB': 90.93, 'used_GB': 4.04, 'allocated_GB': 16.01, 'reserved_GB': 18.15, 'host_total_GB': 1133.56, 'host_available_GB': 740.87, 'host_used_GB': 392.69, 'host_free_GB': 130.33}
[2026-08-15 08:36:41] reloadable_process_group.py:121 - Reloaded default WORLD process group with backend nccl (generation 330)
[2026-08-15 08:36:41] reloadable_process_group.py:331 - Reloading 57 process groups in pid 31657: {'nccl': 50, 'gloo': 7}
[2026-08-15 08:36:41] memory_utils.py:47 - [Rank 1] Memory-Usage before update_weights: {'gpu': '1', 'total_GB': 94.97, 'free_GB': 87.65, 'used_GB': 7.32, 'allocated_GB': 16.01, 'reserved_GB': 18.15, 'host_total_GB': 1133.56, 'host_available_GB': 739.75, 'host_used_GB': 393.81, 'host_free_GB': 129.2}
[2026-08-15 08:36:42] memory_utils.py:47 - [Rank 1] Memory-Usage after update_weights: {'gpu': '1', 'total_GB': 94.97, 'free_GB': 87.67, 'used_GB': 7.3, 'allocated_GB': 16.01, 'reserved_GB': 18.15, 'host_total_GB': 1133.56, 'host_available_GB': 739.83, 'host_used_GB': 393.73, 'host_free_GB': 129.29}
[2026-08-15 08:36:42] reloadable_process_group.py:100 - Destroyed default nccl WORLD process group and initialized a temporary Gloo WORLD (generation 331)
[2026-08-15 08:38:04] memory_utils.py:47 - [Rank 1] Memory-Usage before wake_up model: {'gpu': '1', 'total_GB': 94.97, 'free_GB': 90.93, 'used_GB': 4.04, 'allocated_GB': 16.01, 'reserved_GB': 18.15, 'host_total_GB': 1133.56, 'host_available_GB': 737.08, 'host_used_GB': 396.48, 'host_free_GB': 123.2}
[2026-08-15 08:38:07] reloadable_process_group.py:121 - Reloaded default WORLD process group with backend nccl (generation 332)
[2026-08-15 08:38:07] reloadable_process_group.py:331 - Reloading 57 process groups in pid 31657: {'nccl': 50, 'gloo': 7}
[2026-08-15 08:38:07] memory_utils.py:47 - [Rank 1] Memory-Usage after wake_up model: {'gpu': '1', 'total_GB': 94.97, 'free_GB': 72.79, 'used_GB': 22.18, 'allocated_GB': 16.01, 'reserved_GB': 18.15, 'host_total_GB': 1133.56, 'host_available_GB': 771.48, 'host_used_GB': 362.08, 'host_free_GB': 157.29}
[2026-08-15 08:38:16] memory_utils.py:47 - [Rank 1] Memory-Usage before offload model: {'gpu': '1', 'total_GB': 94.97, 'free_GB': 71.99, 'used_GB': 22.98, 'allocated_GB': 16.01, 'reserved_GB': 18.15, 'host_total_GB': 1133.56, 'host_available_GB': 771.86, 'host_used_GB': 361.69, 'host_free_GB': 160.56}
[2026-08-15 08:38:18] reloadable_process_group.py:100 - Destroyed default nccl WORLD process group and initialized a temporary Gloo WORLD (generation 333)
[2026-08-15 08:38:23] memory_utils.py:47 - [Rank 1] Memory-Usage after offload model: {'gpu': '1', 'total_GB': 94.97, 'free_GB': 90.93, 'used_GB': 4.04, 'allocated_GB': 16.01, 'reserved_GB': 18.15, 'host_total_GB': 1133.56, 'host_available_GB': 740.24, 'host_used_GB': 393.32, 'host_free_GB': 133.41}
[2026-08-15 08:38:24] reloadable_process_group.py:121 - Reloaded default WORLD process group with backend nccl (generation 334)
[2026-08-15 08:38:24] reloadable_process_group.py:331 - Reloading 57 process groups in pid 31657: {'nccl': 50, 'gloo': 7}
[2026-08-15 08:38:24] memory_utils.py:47 - [Rank 1] Memory-Usage before update_weights: {'gpu': '1', 'total_GB': 94.97, 'free_GB': 87.65, 'used_GB': 7.32, 'allocated_GB': 16.01, 'reserved_GB': 18.15, 'host_total_GB': 1133.56, 'host_available_GB': 739.07, 'host_used_GB': 394.48, 'host_free_GB': 132.8}
[2026-08-15 08:38:24] memory_utils.py:47 - [Rank 1] Memory-Usage after update_weights: {'gpu': '1', 'total_GB': 94.97, 'free_GB': 87.67, 'used_GB': 7.3, 'allocated_GB': 16.01, 'reserved_GB': 18.15, 'host_total_GB': 1133.56, 'host_available_GB': 738.9, 'host_used_GB': 394.66, 'host_free_GB': 132.88}
[2026-08-15 08:38:24] reloadable_process_group.py:100 - Destroyed default nccl WORLD process group and initialized a temporary Gloo WORLD (generation 335)
[2026-08-15 08:39:45] memory_utils.py:47 - [Rank 1] Memory-Usage before wake_up model: {'gpu': '1', 'total_GB': 94.97, 'free_GB': 90.93, 'used_GB': 4.04, 'allocated_GB': 16.01, 'reserved_GB': 18.15, 'host_total_GB': 1133.56, 'host_available_GB': 740.64, 'host_used_GB': 392.91, 'host_free_GB': 137.19}
[2026-08-15 08:39:48] reloadable_process_group.py:121 - Reloaded default WORLD process group with backend nccl (generation 336)
[2026-08-15 08:39:48] reloadable_process_group.py:331 - Reloading 57 process groups in pid 31657: {'nccl': 50, 'gloo': 7}
[2026-08-15 08:39:48] memory_utils.py:47 - [Rank 1] Memory-Usage after wake_up model: {'gpu': '1', 'total_GB': 94.97, 'free_GB': 72.79, 'used_GB': 22.18, 'allocated_GB': 16.01, 'reserved_GB': 18.15, 'host_total_GB': 1133.56, 'host_available_GB': 774.72, 'host_used_GB': 358.84, 'host_free_GB': 171.26}
[2026-08-15 08:39:56] memory_utils.py:47 - [Rank 1] Memory-Usage before offload model: {'gpu': '1', 'total_GB': 94.97, 'free_GB': 71.99, 'used_GB': 22.98, 'allocated_GB': 16.01, 'reserved_GB': 18.15, 'host_total_GB': 1133.56, 'host_available_GB': 774.36, 'host_used_GB': 359.2, 'host_free_GB': 170.9}
[2026-08-15 08:39:57] reloadable_process_group.py:100 - Destroyed default nccl WORLD process group and initialized a temporary Gloo WORLD (generation 337)
[2026-08-15 08:40:03] memory_utils.py:47 - [Rank 1] Memory-Usage after offload model: {'gpu': '1', 'total_GB': 94.97, 'free_GB': 90.93, 'used_GB': 4.04, 'allocated_GB': 16.01, 'reserved_GB': 18.15, 'host_total_GB': 1133.56, 'host_available_GB': 741.81, 'host_used_GB': 391.74, 'host_free_GB': 138.36}
[2026-08-15 08:40:04] reloadable_process_group.py:121 - Reloaded default WORLD process group with backend nccl (generation 338)
[2026-08-15 08:40:04] reloadable_process_group.py:331 - Reloading 57 process groups in pid 31657: {'nccl': 50, 'gloo': 7}
[2026-08-15 08:40:04] memory_utils.py:47 - [Rank 1] Memory-Usage before update_weights: {'gpu': '1', 'total_GB': 94.97, 'free_GB': 87.65, 'used_GB': 7.32, 'allocated_GB': 16.01, 'reserved_GB': 18.15, 'host_total_GB': 1133.56, 'host_available_GB': 741.07, 'host_used_GB': 392.49, 'host_free_GB': 137.61}
[2026-08-15 08:40:05] memory_utils.py:47 - [Rank 1] Memory-Usage after update_weights: {'gpu': '1', 'total_GB': 94.97, 'free_GB': 87.67, 'used_GB': 7.3, 'allocated_GB': 16.01, 'reserved_GB': 18.15, 'host_total_GB': 1133.56, 'host_available_GB': 740.51, 'host_used_GB': 393.05, 'host_free_GB': 137.05}
[2026-08-15 08:40:06] reloadable_process_group.py:100 - Destroyed default nccl WORLD process group and initialized a temporary Gloo WORLD (generation 339)
[2026-08-15 08:41:25] memory_utils.py:47 - [Rank 1] Memory-Usage before wake_up model: {'gpu': '1', 'total_GB': 94.97, 'free_GB': 90.93, 'used_GB': 4.04, 'allocated_GB': 16.01, 'reserved_GB': 18.15, 'host_total_GB': 1133.56, 'host_available_GB': 735.53, 'host_used_GB': 398.03, 'host_free_GB': 119.51}
[2026-08-15 08:41:28] reloadable_process_group.py:121 - Reloaded default WORLD process group with backend nccl (generation 340)
[2026-08-15 08:41:28] reloadable_process_group.py:331 - Reloading 57 process groups in pid 31657: {'nccl': 50, 'gloo': 7}
[2026-08-15 08:41:28] memory_utils.py:47 - [Rank 1] Memory-Usage after wake_up model: {'gpu': '1', 'total_GB': 94.97, 'free_GB': 72.8, 'used_GB': 22.18, 'allocated_GB': 16.01, 'reserved_GB': 18.15, 'host_total_GB': 1133.56, 'host_available_GB': 770.21, 'host_used_GB': 363.35, 'host_free_GB': 153.33}
[2026-08-15 08:41:40] memory_utils.py:47 - [Rank 1] Memory-Usage before offload model: {'gpu': '1', 'total_GB': 94.97, 'free_GB': 71.99, 'used_GB': 22.98, 'allocated_GB': 16.01, 'reserved_GB': 18.15, 'host_total_GB': 1133.56, 'host_available_GB': 770.86, 'host_used_GB': 362.69, 'host_free_GB': 156.01}
[2026-08-15 08:41:41] reloadable_process_group.py:100 - Destroyed default nccl WORLD process group and initialized a temporary Gloo WORLD (generation 341)
[2026-08-15 08:41:47] memory_utils.py:47 - [Rank 1] Memory-Usage after offload model: {'gpu': '1', 'total_GB': 94.97, 'free_GB': 90.93, 'used_GB': 4.04, 'allocated_GB': 16.01, 'reserved_GB': 18.15, 'host_total_GB': 1133.56, 'host_available_GB': 739.35, 'host_used_GB': 394.21, 'host_free_GB': 128.87}
[2026-08-15 08:41:48] reloadable_process_group.py:121 - Reloaded default WORLD process group with backend nccl (generation 342)
[2026-08-15 08:41:48] reloadable_process_group.py:331 - Reloading 57 process groups in pid 31657: {'nccl': 50, 'gloo': 7}
[2026-08-15 08:41:48] memory_utils.py:47 - [Rank 1] Memory-Usage before update_weights: {'gpu': '1', 'total_GB': 94.97, 'free_GB': 87.65, 'used_GB': 7.32, 'allocated_GB': 16.01, 'reserved_GB': 18.15, 'host_total_GB': 1133.56, 'host_available_GB': 738.2, 'host_used_GB': 395.36, 'host_free_GB': 127.72}
[2026-08-15 08:41:48] memory_utils.py:47 - [Rank 1] Memory-Usage after update_weights: {'gpu': '1', 'total_GB': 94.97, 'free_GB': 87.67, 'used_GB': 7.3, 'allocated_GB': 16.01, 'reserved_GB': 18.15, 'host_total_GB': 1133.56, 'host_available_GB': 738.27, 'host_used_GB': 395.29, 'host_free_GB': 127.79}
[2026-08-15 08:41:48] reloadable_process_group.py:100 - Destroyed default nccl WORLD process group and initialized a temporary Gloo WORLD (generation 343)
[2026-08-15 08:43:09] memory_utils.py:47 - [Rank 1] Memory-Usage before wake_up model: {'gpu': '1', 'total_GB': 94.97, 'free_GB': 90.93, 'used_GB': 4.04, 'allocated_GB': 16.01, 'reserved_GB': 18.15, 'host_total_GB': 1133.56, 'host_available_GB': 739.87, 'host_used_GB': 393.69, 'host_free_GB': 132.2}
[2026-08-15 08:43:12] reloadable_process_group.py:121 - Reloaded default WORLD process group with backend nccl (generation 344)
[2026-08-15 08:43:12] reloadable_process_group.py:331 - Reloading 57 process groups in pid 31657: {'nccl': 50, 'gloo': 7}
[2026-08-15 08:43:13] memory_utils.py:47 - [Rank 1] Memory-Usage after wake_up model: {'gpu': '1', 'total_GB': 94.97, 'free_GB': 72.8, 'used_GB': 22.18, 'allocated_GB': 16.01, 'reserved_GB': 18.15, 'host_total_GB': 1133.56, 'host_available_GB': 773.64, 'host_used_GB': 359.92, 'host_free_GB': 165.97}
[2026-08-15 08:43:21] memory_utils.py:47 - [Rank 1] Memory-Usage before offload model: {'gpu': '1', 'total_GB': 94.97, 'free_GB': 71.99, 'used_GB': 22.98, 'allocated_GB': 16.01, 'reserved_GB': 18.15, 'host_total_GB': 1133.56, 'host_available_GB': 773.87, 'host_used_GB': 359.69, 'host_free_GB': 166.19}
[2026-08-15 08:43:22] reloadable_process_group.py:100 - Destroyed default nccl WORLD process group and initialized a temporary Gloo WORLD (generation 345)
[2026-08-15 08:43:27] memory_utils.py:47 - [Rank 1] Memory-Usage after offload model: {'gpu': '1', 'total_GB': 94.97, 'free_GB': 90.93, 'used_GB': 4.04, 'allocated_GB': 16.01, 'reserved_GB': 18.15, 'host_total_GB': 1133.56, 'host_available_GB': 741.31, 'host_used_GB': 392.25, 'host_free_GB': 133.64}
[2026-08-15 08:43:28] reloadable_process_group.py:121 - Reloaded default WORLD process group with backend nccl (generation 346)
[2026-08-15 08:43:28] reloadable_process_group.py:331 - Reloading 57 process groups in pid 31657: {'nccl': 50, 'gloo': 7}
[2026-08-15 08:43:28] memory_utils.py:47 - [Rank 1] Memory-Usage before update_weights: {'gpu': '1', 'total_GB': 94.97, 'free_GB': 87.65, 'used_GB': 7.32, 'allocated_GB': 16.01, 'reserved_GB': 18.15, 'host_total_GB': 1133.56, 'host_available_GB': 740.15, 'host_used_GB': 393.41, 'host_free_GB': 132.47}
[2026-08-15 08:43:29] memory_utils.py:47 - [Rank 1] Memory-Usage after update_weights: {'gpu': '1', 'total_GB': 94.97, 'free_GB': 87.67, 'used_GB': 7.3, 'allocated_GB': 16.01, 'reserved_GB': 18.15, 'host_total_GB': 1133.56, 'host_available_GB': 740.11, 'host_used_GB': 393.45, 'host_free_GB': 132.43}
[2026-08-15 08:43:29] reloadable_process_group.py:100 - Destroyed default nccl WORLD process group and initialized a temporary Gloo WORLD (generation 347)
[2026-08-15 08:44:48] memory_utils.py:47 - [Rank 1] Memory-Usage before wake_up model: {'gpu': '1', 'total_GB': 94.97, 'free_GB': 90.93, 'used_GB': 4.04, 'allocated_GB': 16.01, 'reserved_GB': 18.15, 'host_total_GB': 1133.56, 'host_available_GB': 740.93, 'host_used_GB': 392.63, 'host_free_GB': 140.3}
[2026-08-15 08:44:51] reloadable_process_group.py:121 - Reloaded default WORLD process group with backend nccl (generation 348)
[2026-08-15 08:44:51] reloadable_process_group.py:331 - Reloading 57 process groups in pid 31657: {'nccl': 50, 'gloo': 7}
[2026-08-15 08:44:51] memory_utils.py:47 - [Rank 1] Memory-Usage after wake_up model: {'gpu': '1', 'total_GB': 94.97, 'free_GB': 72.8, 'used_GB': 22.18, 'allocated_GB': 16.01, 'reserved_GB': 18.15, 'host_total_GB': 1133.56, 'host_available_GB': 773.99, 'host_used_GB': 359.57, 'host_free_GB': 173.36}
[2026-08-15 08:44:58] memory_utils.py:47 - [Rank 1] Memory-Usage before offload model: {'gpu': '1', 'total_GB': 94.97, 'free_GB': 71.99, 'used_GB': 22.98, 'allocated_GB': 16.01, 'reserved_GB': 18.15, 'host_total_GB': 1133.56, 'host_available_GB': 774.66, 'host_used_GB': 358.89, 'host_free_GB': 174.04}
[2026-08-15 08:45:00] reloadable_process_group.py:100 - Destroyed default nccl WORLD process group and initialized a temporary Gloo WORLD (generation 349)
[2026-08-15 08:45:05] memory_utils.py:47 - [Rank 1] Memory-Usage after offload model: {'gpu': '1', 'total_GB': 94.97, 'free_GB': 90.93, 'used_GB': 4.04, 'allocated_GB': 16.01, 'reserved_GB': 18.15, 'host_total_GB': 1133.56, 'host_available_GB': 741.64, 'host_used_GB': 391.92, 'host_free_GB': 141.01}
[2026-08-15 08:45:06] reloadable_process_group.py:121 - Reloaded default WORLD process group with backend nccl (generation 350)
[2026-08-15 08:45:06] reloadable_process_group.py:331 - Reloading 57 process groups in pid 31657: {'nccl': 50, 'gloo': 7}
[2026-08-15 08:45:06] memory_utils.py:47 - [Rank 1] Memory-Usage before update_weights: {'gpu': '1', 'total_GB': 94.97, 'free_GB': 87.65, 'used_GB': 7.32, 'allocated_GB': 16.01, 'reserved_GB': 18.15, 'host_total_GB': 1133.56, 'host_available_GB': 740.8, 'host_used_GB': 392.76, 'host_free_GB': 140.17}
[2026-08-15 08:45:07] memory_utils.py:47 - [Rank 1] Memory-Usage after update_weights: {'gpu': '1', 'total_GB': 94.97, 'free_GB': 87.67, 'used_GB': 7.3, 'allocated_GB': 16.01, 'reserved_GB': 18.15, 'host_total_GB': 1133.56, 'host_available_GB': 741.06, 'host_used_GB': 392.5, 'host_free_GB': 140.43}
[2026-08-15 08:45:07] reloadable_process_group.py:100 - Destroyed default nccl WORLD process group and initialized a temporary Gloo WORLD (generation 351)
[2026-08-15 08:46:25] memory_utils.py:47 - [Rank 1] Memory-Usage before wake_up model: {'gpu': '1', 'total_GB': 94.97, 'free_GB': 90.93, 'used_GB': 4.04, 'allocated_GB': 16.01, 'reserved_GB': 18.15, 'host_total_GB': 1133.56, 'host_available_GB': 740.79, 'host_used_GB': 392.77, 'host_free_GB': 140.14}
[2026-08-15 08:46:29] reloadable_process_group.py:121 - Reloaded default WORLD process group with backend nccl (generation 352)
[2026-08-15 08:46:29] reloadable_process_group.py:331 - Reloading 57 process groups in pid 31657: {'nccl': 50, 'gloo': 7}
[2026-08-15 08:46:29] memory_utils.py:47 - [Rank 1] Memory-Usage after wake_up model: {'gpu': '1', 'total_GB': 94.97, 'free_GB': 72.8, 'used_GB': 22.18, 'allocated_GB': 16.01, 'reserved_GB': 18.15, 'host_total_GB': 1133.56, 'host_available_GB': 774.36, 'host_used_GB': 359.2, 'host_free_GB': 173.72}
[2026-08-15 08:46:36] memory_utils.py:47 - [Rank 1] Memory-Usage before offload model: {'gpu': '1', 'total_GB': 94.97, 'free_GB': 71.99, 'used_GB': 22.98, 'allocated_GB': 16.0, 'reserved_GB': 18.15, 'host_total_GB': 1133.56, 'host_available_GB': 774.12, 'host_used_GB': 359.43, 'host_free_GB': 173.48}
[2026-08-15 08:46:38] reloadable_process_group.py:100 - Destroyed default nccl WORLD process group and initialized a temporary Gloo WORLD (generation 353)
[2026-08-15 08:46:43] memory_utils.py:47 - [Rank 1] Memory-Usage after offload model: {'gpu': '1', 'total_GB': 94.97, 'free_GB': 90.93, 'used_GB': 4.04, 'allocated_GB': 16.0, 'reserved_GB': 18.15, 'host_total_GB': 1133.56, 'host_available_GB': 741.97, 'host_used_GB': 391.59, 'host_free_GB': 141.33}
[2026-08-15 08:46:44] reloadable_process_group.py:121 - Reloaded default WORLD process group with backend nccl (generation 354)
[2026-08-15 08:46:44] reloadable_process_group.py:331 - Reloading 57 process groups in pid 31657: {'nccl': 50, 'gloo': 7}
[2026-08-15 08:46:44] memory_utils.py:47 - [Rank 1] Memory-Usage before update_weights: {'gpu': '1', 'total_GB': 94.97, 'free_GB': 87.65, 'used_GB': 7.32, 'allocated_GB': 16.0, 'reserved_GB': 18.15, 'host_total_GB': 1133.56, 'host_available_GB': 740.5, 'host_used_GB': 393.06, 'host_free_GB': 139.85}
[2026-08-15 08:46:45] memory_utils.py:47 - [Rank 1] Memory-Usage after update_weights: {'gpu': '1', 'total_GB': 94.97, 'free_GB': 87.67, 'used_GB': 7.3, 'allocated_GB': 16.0, 'reserved_GB': 18.15, 'host_total_GB': 1133.56, 'host_available_GB': 740.23, 'host_used_GB': 393.32, 'host_free_GB': 139.59}
[2026-08-15 08:46:45] reloadable_process_group.py:100 - Destroyed default nccl WORLD process group and initialized a temporary Gloo WORLD (generation 355)
[2026-08-15 08:48:06] memory_utils.py:47 - [Rank 1] Memory-Usage before wake_up model: {'gpu': '1', 'total_GB': 94.97, 'free_GB': 90.93, 'used_GB': 4.04, 'allocated_GB': 16.0, 'reserved_GB': 18.15, 'host_total_GB': 1133.56, 'host_available_GB': 740.67, 'host_used_GB': 392.89, 'host_free_GB': 135.44}
[2026-08-15 08:48:09] reloadable_process_group.py:121 - Reloaded default WORLD process group with backend nccl (generation 356)
[2026-08-15 08:48:09] reloadable_process_group.py:331 - Reloading 57 process groups in pid 31657: {'nccl': 50, 'gloo': 7}
[2026-08-15 08:48:09] memory_utils.py:47 - [Rank 1] Memory-Usage after wake_up model: {'gpu': '1', 'total_GB': 94.97, 'free_GB': 72.8, 'used_GB': 22.18, 'allocated_GB': 16.0, 'reserved_GB': 18.15, 'host_total_GB': 1133.56, 'host_available_GB': 774.16, 'host_used_GB': 359.4, 'host_free_GB': 168.93}
[2026-08-15 08:48:22] memory_utils.py:47 - [Rank 1] Memory-Usage before offload model: {'gpu': '1', 'total_GB': 94.97, 'free_GB': 71.99, 'used_GB': 22.98, 'allocated_GB': 16.0, 'reserved_GB': 18.15, 'host_total_GB': 1133.56, 'host_available_GB': 773.96, 'host_used_GB': 359.6, 'host_free_GB': 173.26}
[2026-08-15 08:48:23] reloadable_process_group.py:100 - Destroyed default nccl WORLD process group and initialized a temporary Gloo WORLD (generation 357)
[2026-08-15 08:48:29] memory_utils.py:47 - [Rank 1] Memory-Usage after offload model: {'gpu': '1', 'total_GB': 94.97, 'free_GB': 90.93, 'used_GB': 4.04, 'allocated_GB': 16.0, 'reserved_GB': 18.15, 'host_total_GB': 1133.56, 'host_available_GB': 739.87, 'host_used_GB': 393.69, 'host_free_GB': 138.08}
[2026-08-15 08:48:29] reloadable_process_group.py:121 - Reloaded default WORLD process group with backend nccl (generation 358)
[2026-08-15 08:48:29] reloadable_process_group.py:331 - Reloading 57 process groups in pid 31657: {'nccl': 50, 'gloo': 7}
[2026-08-15 08:48:29] memory_utils.py:47 - [Rank 1] Memory-Usage before update_weights: {'gpu': '1', 'total_GB': 94.97, 'free_GB': 87.65, 'used_GB': 7.32, 'allocated_GB': 16.0, 'reserved_GB': 18.15, 'host_total_GB': 1133.56, 'host_available_GB': 738.78, 'host_used_GB': 394.78, 'host_free_GB': 136.79}
[2026-08-15 08:48:30] memory_utils.py:47 - [Rank 1] Memory-Usage after update_weights: {'gpu': '1', 'total_GB': 94.97, 'free_GB': 87.67, 'used_GB': 7.3, 'allocated_GB': 16.0, 'reserved_GB': 18.15, 'host_total_GB': 1133.56, 'host_available_GB': 738.65, 'host_used_GB': 394.91, 'host_free_GB': 136.59}
[2026-08-15 08:48:30] reloadable_process_group.py:100 - Destroyed default nccl WORLD process group and initialized a temporary Gloo WORLD (generation 359)
[2026-08-15 08:49:50] memory_utils.py:47 - [Rank 1] Memory-Usage before wake_up model: {'gpu': '1', 'total_GB': 94.97, 'free_GB': 90.93, 'used_GB': 4.04, 'allocated_GB': 16.0, 'reserved_GB': 18.15, 'host_total_GB': 1133.56, 'host_available_GB': 740.28, 'host_used_GB': 393.27, 'host_free_GB': 139.59}
[2026-08-15 08:49:53] reloadable_process_group.py:121 - Reloaded default WORLD process group with backend nccl (generation 360)
[2026-08-15 08:49:53] reloadable_process_group.py:331 - Reloading 57 process groups in pid 31657: {'nccl': 50, 'gloo': 7}
[2026-08-15 08:49:53] memory_utils.py:47 - [Rank 1] Memory-Usage after wake_up model: {'gpu': '1', 'total_GB': 94.97, 'free_GB': 72.8, 'used_GB': 22.18, 'allocated_GB': 16.0, 'reserved_GB': 18.15, 'host_total_GB': 1133.56, 'host_available_GB': 773.85, 'host_used_GB': 359.71, 'host_free_GB': 173.15}
[2026-08-15 08:50:01] memory_utils.py:47 - [Rank 1] Memory-Usage before offload model: {'gpu': '1', 'total_GB': 94.97, 'free_GB': 71.99, 'used_GB': 22.98, 'allocated_GB': 16.0, 'reserved_GB': 18.15, 'host_total_GB': 1133.56, 'host_available_GB': 774.56, 'host_used_GB': 359.0, 'host_free_GB': 173.87}
[2026-08-15 08:50:02] reloadable_process_group.py:100 - Destroyed default nccl WORLD process group and initialized a temporary Gloo WORLD (generation 361)
[2026-08-15 08:50:08] memory_utils.py:47 - [Rank 1] Memory-Usage after offload model: {'gpu': '1', 'total_GB': 94.97, 'free_GB': 90.93, 'used_GB': 4.04, 'allocated_GB': 16.0, 'reserved_GB': 18.15, 'host_total_GB': 1133.56, 'host_available_GB': 741.8, 'host_used_GB': 391.76, 'host_free_GB': 141.11}
[2026-08-15 08:50:08] reloadable_process_group.py:121 - Reloaded default WORLD process group with backend nccl (generation 362)
[2026-08-15 08:50:08] reloadable_process_group.py:331 - Reloading 57 process groups in pid 31657: {'nccl': 50, 'gloo': 7}
[2026-08-15 08:50:09] memory_utils.py:47 - [Rank 1] Memory-Usage before update_weights: {'gpu': '1', 'total_GB': 94.97, 'free_GB': 87.65, 'used_GB': 7.32, 'allocated_GB': 16.0, 'reserved_GB': 18.15, 'host_total_GB': 1133.56, 'host_available_GB': 740.75, 'host_used_GB': 392.81, 'host_free_GB': 140.06}
[2026-08-15 08:50:09] memory_utils.py:47 - [Rank 1] Memory-Usage after update_weights: {'gpu': '1', 'total_GB': 94.97, 'free_GB': 87.67, 'used_GB': 7.3, 'allocated_GB': 16.0, 'reserved_GB': 18.15, 'host_total_GB': 1133.56, 'host_available_GB': 740.54, 'host_used_GB': 393.01, 'host_free_GB': 139.85}
[2026-08-15 08:50:09] reloadable_process_group.py:100 - Destroyed default nccl WORLD process group and initialized a temporary Gloo WORLD (generation 363)
[2026-08-15 08:51:29] memory_utils.py:47 - [Rank 1] Memory-Usage before wake_up model: {'gpu': '1', 'total_GB': 94.97, 'free_GB': 90.93, 'used_GB': 4.04, 'allocated_GB': 16.0, 'reserved_GB': 18.15, 'host_total_GB': 1133.56, 'host_available_GB': 740.31, 'host_used_GB': 393.24, 'host_free_GB': 138.91}
[2026-08-15 08:51:32] reloadable_process_group.py:121 - Reloaded default WORLD process group with backend nccl (generation 364)
[2026-08-15 08:51:32] reloadable_process_group.py:331 - Reloading 57 process groups in pid 31657: {'nccl': 50, 'gloo': 7}
[2026-08-15 08:51:32] memory_utils.py:47 - [Rank 1] Memory-Usage after wake_up model: {'gpu': '1', 'total_GB': 94.97, 'free_GB': 72.8, 'used_GB': 22.18, 'allocated_GB': 16.0, 'reserved_GB': 18.15, 'host_total_GB': 1133.56, 'host_available_GB': 774.04, 'host_used_GB': 359.52, 'host_free_GB': 172.22}
[2026-08-15 08:51:39] memory_utils.py:47 - [Rank 1] Memory-Usage before offload model: {'gpu': '1', 'total_GB': 94.97, 'free_GB': 71.99, 'used_GB': 22.98, 'allocated_GB': 16.01, 'reserved_GB': 18.15, 'host_total_GB': 1133.56, 'host_available_GB': 773.64, 'host_used_GB': 359.92, 'host_free_GB': 171.54}
[2026-08-15 08:51:41] reloadable_process_group.py:100 - Destroyed default nccl WORLD process group and initialized a temporary Gloo WORLD (generation 365)
[2026-08-15 08:51:46] memory_utils.py:47 - [Rank 1] Memory-Usage after offload model: {'gpu': '1', 'total_GB': 94.97, 'free_GB': 90.93, 'used_GB': 4.04, 'allocated_GB': 16.01, 'reserved_GB': 18.15, 'host_total_GB': 1133.56, 'host_available_GB': 740.57, 'host_used_GB': 392.98, 'host_free_GB': 137.34}
[2026-08-15 08:51:47] reloadable_process_group.py:121 - Reloaded default WORLD process group with backend nccl (generation 366)
[2026-08-15 08:51:47] reloadable_process_group.py:331 - Reloading 57 process groups in pid 31657: {'nccl': 50, 'gloo': 7}
[2026-08-15 08:51:47] memory_utils.py:47 - [Rank 1] Memory-Usage before update_weights: {'gpu': '1', 'total_GB': 94.97, 'free_GB': 87.65, 'used_GB': 7.32, 'allocated_GB': 16.01, 'reserved_GB': 18.15, 'host_total_GB': 1133.56, 'host_available_GB': 739.3, 'host_used_GB': 394.26, 'host_free_GB': 136.02}
[2026-08-15 08:51:47] memory_utils.py:47 - [Rank 1] Memory-Usage after update_weights: {'gpu': '1', 'total_GB': 94.97, 'free_GB': 87.67, 'used_GB': 7.3, 'allocated_GB': 16.01, 'reserved_GB': 18.15, 'host_total_GB': 1133.56, 'host_available_GB': 739.26, 'host_used_GB': 394.3, 'host_free_GB': 135.98}
[2026-08-15 08:51:48] reloadable_process_group.py:100 - Destroyed default nccl WORLD process group and initialized a temporary Gloo WORLD (generation 367)
[2026-08-15 08:53:07] memory_utils.py:47 - [Rank 1] Memory-Usage before wake_up model: {'gpu': '1', 'total_GB': 94.97, 'free_GB': 90.93, 'used_GB': 4.04, 'allocated_GB': 16.01, 'reserved_GB': 18.15, 'host_total_GB': 1133.56, 'host_available_GB': 739.5, 'host_used_GB': 394.05, 'host_free_GB': 133.49}
[2026-08-15 08:53:10] reloadable_process_group.py:121 - Reloaded default WORLD process group with backend nccl (generation 368)
[2026-08-15 08:53:10] reloadable_process_group.py:331 - Reloading 57 process groups in pid 31657: {'nccl': 50, 'gloo': 7}
[2026-08-15 08:53:10] memory_utils.py:47 - [Rank 1] Memory-Usage after wake_up model: {'gpu': '1', 'total_GB': 94.97, 'free_GB': 72.8, 'used_GB': 22.18, 'allocated_GB': 16.01, 'reserved_GB': 18.15, 'host_total_GB': 1133.56, 'host_available_GB': 774.0, 'host_used_GB': 359.56, 'host_free_GB': 169.24}
[2026-08-15 08:53:17] memory_utils.py:47 - [Rank 1] Memory-Usage before offload model: {'gpu': '1', 'total_GB': 94.97, 'free_GB': 71.99, 'used_GB': 22.98, 'allocated_GB': 16.01, 'reserved_GB': 18.15, 'host_total_GB': 1133.56, 'host_available_GB': 773.96, 'host_used_GB': 359.59, 'host_free_GB': 170.66}
[2026-08-15 08:53:19] reloadable_process_group.py:100 - Destroyed default nccl WORLD process group and initialized a temporary Gloo WORLD (generation 369)
[2026-08-15 08:53:24] memory_utils.py:47 - [Rank 1] Memory-Usage after offload model: {'gpu': '1', 'total_GB': 94.97, 'free_GB': 90.93, 'used_GB': 4.04, 'allocated_GB': 16.01, 'reserved_GB': 18.15, 'host_total_GB': 1133.56, 'host_available_GB': 741.55, 'host_used_GB': 392.01, 'host_free_GB': 139.57}
[2026-08-15 08:53:25] reloadable_process_group.py:121 - Reloaded default WORLD process group with backend nccl (generation 370)
[2026-08-15 08:53:25] reloadable_process_group.py:331 - Reloading 57 process groups in pid 31657: {'nccl': 50, 'gloo': 7}
[2026-08-15 08:53:25] memory_utils.py:47 - [Rank 1] Memory-Usage before update_weights: {'gpu': '1', 'total_GB': 94.97, 'free_GB': 87.65, 'used_GB': 7.32, 'allocated_GB': 16.01, 'reserved_GB': 18.15, 'host_total_GB': 1133.56, 'host_available_GB': 739.94, 'host_used_GB': 393.61, 'host_free_GB': 138.48}
[2026-08-15 08:53:25] memory_utils.py:47 - [Rank 1] Memory-Usage after update_weights: {'gpu': '1', 'total_GB': 94.97, 'free_GB': 87.67, 'used_GB': 7.3, 'allocated_GB': 16.01, 'reserved_GB': 18.15, 'host_total_GB': 1133.56, 'host_available_GB': 740.3, 'host_used_GB': 393.26, 'host_free_GB': 139.1}
[2026-08-15 08:53:25] reloadable_process_group.py:100 - Destroyed default nccl WORLD process group and initialized a temporary Gloo WORLD (generation 371)
[2026-08-15 08:54:44] memory_utils.py:47 - [Rank 1] Memory-Usage before wake_up model: {'gpu': '1', 'total_GB': 94.97, 'free_GB': 90.93, 'used_GB': 4.04, 'allocated_GB': 16.01, 'reserved_GB': 18.15, 'host_total_GB': 1133.56, 'host_available_GB': 739.35, 'host_used_GB': 394.21, 'host_free_GB': 141.02}
[2026-08-15 08:54:48] reloadable_process_group.py:121 - Reloaded default WORLD process group with backend nccl (generation 372)
[2026-08-15 08:54:48] reloadable_process_group.py:331 - Reloading 57 process groups in pid 31657: {'nccl': 50, 'gloo': 7}
[2026-08-15 08:54:48] memory_utils.py:47 - [Rank 1] Memory-Usage after wake_up model: {'gpu': '1', 'total_GB': 94.97, 'free_GB': 72.8, 'used_GB': 22.18, 'allocated_GB': 16.01, 'reserved_GB': 18.15, 'host_total_GB': 1133.56, 'host_available_GB': 774.09, 'host_used_GB': 359.47, 'host_free_GB': 178.4}
[2026-08-15 08:55:00] memory_utils.py:47 - [Rank 1] Memory-Usage before offload model: {'gpu': '1', 'total_GB': 94.97, 'free_GB': 71.99, 'used_GB': 22.98, 'allocated_GB': 16.01, 'reserved_GB': 18.15, 'host_total_GB': 1133.56, 'host_available_GB': 773.4, 'host_used_GB': 360.15, 'host_free_GB': 178.22}
[2026-08-15 08:55:01] reloadable_process_group.py:100 - Destroyed default nccl WORLD process group and initialized a temporary Gloo WORLD (generation 373)
[2026-08-15 08:55:07] memory_utils.py:47 - [Rank 1] Memory-Usage after offload model: {'gpu': '1', 'total_GB': 94.97, 'free_GB': 90.93, 'used_GB': 4.04, 'allocated_GB': 16.01, 'reserved_GB': 18.15, 'host_total_GB': 1133.56, 'host_available_GB': 740.6, 'host_used_GB': 392.96, 'host_free_GB': 146.52}
[2026-08-15 08:55:08] reloadable_process_group.py:121 - Reloaded default WORLD process group with backend nccl (generation 374)
[2026-08-15 08:55:08] reloadable_process_group.py:331 - Reloading 57 process groups in pid 31657: {'nccl': 50, 'gloo': 7}
[2026-08-15 08:55:08] memory_utils.py:47 - [Rank 1] Memory-Usage before update_weights: {'gpu': '1', 'total_GB': 94.97, 'free_GB': 87.65, 'used_GB': 7.32, 'allocated_GB': 16.01, 'reserved_GB': 18.15, 'host_total_GB': 1133.56, 'host_available_GB': 739.61, 'host_used_GB': 393.95, 'host_free_GB': 145.42}
[2026-08-15 08:55:08] memory_utils.py:47 - [Rank 1] Memory-Usage after update_weights: {'gpu': '1', 'total_GB': 94.97, 'free_GB': 87.67, 'used_GB': 7.3, 'allocated_GB': 16.01, 'reserved_GB': 18.15, 'host_total_GB': 1133.56, 'host_available_GB': 739.48, 'host_used_GB': 394.07, 'host_free_GB': 145.19}
[2026-08-15 08:55:08] reloadable_process_group.py:100 - Destroyed default nccl WORLD process group and initialized a temporary Gloo WORLD (generation 375)
[2026-08-15 08:56:28] memory_utils.py:47 - [Rank 1] Memory-Usage before wake_up model: {'gpu': '1', 'total_GB': 94.97, 'free_GB': 90.93, 'used_GB': 4.04, 'allocated_GB': 16.01, 'reserved_GB': 18.15, 'host_total_GB': 1133.56, 'host_available_GB': 739.91, 'host_used_GB': 393.65, 'host_free_GB': 135.91}
[2026-08-15 08:56:31] reloadable_process_group.py:121 - Reloaded default WORLD process group with backend nccl (generation 376)
[2026-08-15 08:56:31] reloadable_process_group.py:331 - Reloading 57 process groups in pid 31657: {'nccl': 50, 'gloo': 7}
[2026-08-15 08:56:32] memory_utils.py:47 - [Rank 1] Memory-Usage after wake_up model: {'gpu': '1', 'total_GB': 94.97, 'free_GB': 72.8, 'used_GB': 22.18, 'allocated_GB': 16.01, 'reserved_GB': 18.15, 'host_total_GB': 1133.56, 'host_available_GB': 773.84, 'host_used_GB': 359.71, 'host_free_GB': 171.19}
[2026-08-15 08:56:39] memory_utils.py:47 - [Rank 1] Memory-Usage before offload model: {'gpu': '1', 'total_GB': 94.97, 'free_GB': 71.99, 'used_GB': 22.98, 'allocated_GB': 16.01, 'reserved_GB': 18.15, 'host_total_GB': 1133.56, 'host_available_GB': 772.99, 'host_used_GB': 360.57, 'host_free_GB': 172.91}
[2026-08-15 08:56:40] reloadable_process_group.py:100 - Destroyed default nccl WORLD process group and initialized a temporary Gloo WORLD (generation 377)
[2026-08-15 08:56:46] memory_utils.py:47 - [Rank 1] Memory-Usage after offload model: {'gpu': '1', 'total_GB': 94.97, 'free_GB': 90.93, 'used_GB': 4.04, 'allocated_GB': 16.01, 'reserved_GB': 18.15, 'host_total_GB': 1133.56, 'host_available_GB': 740.89, 'host_used_GB': 392.67, 'host_free_GB': 140.83}
[2026-08-15 08:56:47] reloadable_process_group.py:121 - Reloaded default WORLD process group with backend nccl (generation 378)
[2026-08-15 08:56:47] reloadable_process_group.py:331 - Reloading 57 process groups in pid 31657: {'nccl': 50, 'gloo': 7}
[2026-08-15 08:56:47] memory_utils.py:47 - [Rank 1] Memory-Usage before update_weights: {'gpu': '1', 'total_GB': 94.97, 'free_GB': 87.65, 'used_GB': 7.32, 'allocated_GB': 16.01, 'reserved_GB': 18.15, 'host_total_GB': 1133.56, 'host_available_GB': 740.42, 'host_used_GB': 393.14, 'host_free_GB': 140.36}
[2026-08-15 08:56:47] memory_utils.py:47 - [Rank 1] Memory-Usage after update_weights: {'gpu': '1', 'total_GB': 94.97, 'free_GB': 87.67, 'used_GB': 7.3, 'allocated_GB': 16.01, 'reserved_GB': 18.15, 'host_total_GB': 1133.56, 'host_available_GB': 740.17, 'host_used_GB': 393.39, 'host_free_GB': 140.1}
[2026-08-15 08:56:47] reloadable_process_group.py:100 - Destroyed default nccl WORLD process group and initialized a temporary Gloo WORLD (generation 379)
[2026-08-15 08:58:06] memory_utils.py:47 - [Rank 1] Memory-Usage before wake_up model: {'gpu': '1', 'total_GB': 94.97, 'free_GB': 90.93, 'used_GB': 4.04, 'allocated_GB': 16.01, 'reserved_GB': 18.15, 'host_total_GB': 1133.56, 'host_available_GB': 739.86, 'host_used_GB': 393.7, 'host_free_GB': 143.64}
[2026-08-15 08:58:10] reloadable_process_group.py:121 - Reloaded default WORLD process group with backend nccl (generation 380)
[2026-08-15 08:58:10] reloadable_process_group.py:331 - Reloading 57 process groups in pid 31657: {'nccl': 50, 'gloo': 7}
[2026-08-15 08:58:10] memory_utils.py:47 - [Rank 1] Memory-Usage after wake_up model: {'gpu': '1', 'total_GB': 94.97, 'free_GB': 72.8, 'used_GB': 22.18, 'allocated_GB': 16.01, 'reserved_GB': 18.15, 'host_total_GB': 1133.56, 'host_available_GB': 772.95, 'host_used_GB': 360.6, 'host_free_GB': 175.25}
[2026-08-15 08:58:17] memory_utils.py:47 - [Rank 1] Memory-Usage before offload model: {'gpu': '1', 'total_GB': 94.97, 'free_GB': 71.99, 'used_GB': 22.98, 'allocated_GB': 16.01, 'reserved_GB': 18.15, 'host_total_GB': 1133.56, 'host_available_GB': 772.01, 'host_used_GB': 361.55, 'host_free_GB': 173.45}
[2026-08-15 08:58:19] reloadable_process_group.py:100 - Destroyed default nccl WORLD process group and initialized a temporary Gloo WORLD (generation 381)
[2026-08-15 08:58:24] memory_utils.py:47 - [Rank 1] Memory-Usage after offload model: {'gpu': '1', 'total_GB': 94.97, 'free_GB': 90.93, 'used_GB': 4.04, 'allocated_GB': 16.01, 'reserved_GB': 18.15, 'host_total_GB': 1133.56, 'host_available_GB': 740.05, 'host_used_GB': 393.5, 'host_free_GB': 141.62}
[2026-08-15 08:58:25] reloadable_process_group.py:121 - Reloaded default WORLD process group with backend nccl (generation 382)
[2026-08-15 08:58:25] reloadable_process_group.py:331 - Reloading 57 process groups in pid 31657: {'nccl': 50, 'gloo': 7}
[2026-08-15 08:58:25] memory_utils.py:47 - [Rank 1] Memory-Usage before update_weights: {'gpu': '1', 'total_GB': 94.97, 'free_GB': 87.65, 'used_GB': 7.32, 'allocated_GB': 16.01, 'reserved_GB': 18.15, 'host_total_GB': 1133.56, 'host_available_GB': 738.97, 'host_used_GB': 394.59, 'host_free_GB': 140.59}
[2026-08-15 08:58:25] memory_utils.py:47 - [Rank 1] Memory-Usage after update_weights: {'gpu': '1', 'total_GB': 94.97, 'free_GB': 87.67, 'used_GB': 7.3, 'allocated_GB': 16.01, 'reserved_GB': 18.15, 'host_total_GB': 1133.56, 'host_available_GB': 738.83, 'host_used_GB': 394.73, 'host_free_GB': 140.47}
[2026-08-15 08:58:26] reloadable_process_group.py:100 - Destroyed default nccl WORLD process group and initialized a temporary Gloo WORLD (generation 383)
[2026-08-15 08:59:45] memory_utils.py:47 - [Rank 1] Memory-Usage before wake_up model: {'gpu': '1', 'total_GB': 94.97, 'free_GB': 90.93, 'used_GB': 4.04, 'allocated_GB': 16.01, 'reserved_GB': 18.15, 'host_total_GB': 1133.56, 'host_available_GB': 741.31, 'host_used_GB': 392.24, 'host_free_GB': 151.02}
[2026-08-15 08:59:49] reloadable_process_group.py:121 - Reloaded default WORLD process group with backend nccl (generation 384)
[2026-08-15 08:59:49] reloadable_process_group.py:331 - Reloading 57 process groups in pid 31657: {'nccl': 50, 'gloo': 7}
[2026-08-15 08:59:49] memory_utils.py:47 - [Rank 1] Memory-Usage after wake_up model: {'gpu': '1', 'total_GB': 94.97, 'free_GB': 72.8, 'used_GB': 22.18, 'allocated_GB': 16.01, 'reserved_GB': 18.15, 'host_total_GB': 1133.56, 'host_available_GB': 775.46, 'host_used_GB': 358.1, 'host_free_GB': 185.17}
[2026-08-15 08:59:56] memory_utils.py:47 - [Rank 1] Memory-Usage before offload model: {'gpu': '1', 'total_GB': 94.97, 'free_GB': 71.99, 'used_GB': 22.98, 'allocated_GB': 16.01, 'reserved_GB': 18.15, 'host_total_GB': 1133.56, 'host_available_GB': 774.06, 'host_used_GB': 359.5, 'host_free_GB': 183.77}
[2026-08-15 08:59:57] reloadable_process_group.py:100 - Destroyed default nccl WORLD process group and initialized a temporary Gloo WORLD (generation 385)
[2026-08-15 09:00:02] memory_utils.py:47 - [Rank 1] Memory-Usage after offload model: {'gpu': '1', 'total_GB': 94.97, 'free_GB': 90.93, 'used_GB': 4.04, 'allocated_GB': 16.01, 'reserved_GB': 18.15, 'host_total_GB': 1133.56, 'host_available_GB': 741.4, 'host_used_GB': 392.16, 'host_free_GB': 151.11}
[2026-08-15 09:00:03] reloadable_process_group.py:121 - Reloaded default WORLD process group with backend nccl (generation 386)
[2026-08-15 09:00:03] reloadable_process_group.py:331 - Reloading 57 process groups in pid 31657: {'nccl': 50, 'gloo': 7}
[2026-08-15 09:00:03] memory_utils.py:47 - [Rank 1] Memory-Usage before update_weights: {'gpu': '1', 'total_GB': 94.97, 'free_GB': 87.65, 'used_GB': 7.32, 'allocated_GB': 16.01, 'reserved_GB': 18.15, 'host_total_GB': 1133.56, 'host_available_GB': 740.42, 'host_used_GB': 393.14, 'host_free_GB': 150.13}
[2026-08-15 09:00:04] memory_utils.py:47 - [Rank 1] Memory-Usage after update_weights: {'gpu': '1', 'total_GB': 94.97, 'free_GB': 87.67, 'used_GB': 7.3, 'allocated_GB': 16.01, 'reserved_GB': 18.15, 'host_total_GB': 1133.56, 'host_available_GB': 741.12, 'host_used_GB': 392.43, 'host_free_GB': 150.83}
[2026-08-15 09:00:04] reloadable_process_group.py:100 - Destroyed default nccl WORLD process group and initialized a temporary Gloo WORLD (generation 387)
[2026-08-15 09:01:26] memory_utils.py:47 - [Rank 1] Memory-Usage before wake_up model: {'gpu': '1', 'total_GB': 94.97, 'free_GB': 90.93, 'used_GB': 4.04, 'allocated_GB': 16.01, 'reserved_GB': 18.15, 'host_total_GB': 1133.56, 'host_available_GB': 738.27, 'host_used_GB': 395.28, 'host_free_GB': 137.63}
[2026-08-15 09:01:29] reloadable_process_group.py:121 - Reloaded default WORLD process group with backend nccl (generation 388)
[2026-08-15 09:01:29] reloadable_process_group.py:331 - Reloading 57 process groups in pid 31657: {'nccl': 50, 'gloo': 7}
[2026-08-15 09:01:29] memory_utils.py:47 - [Rank 1] Memory-Usage after wake_up model: {'gpu': '1', 'total_GB': 94.97, 'free_GB': 72.79, 'used_GB': 22.18, 'allocated_GB': 16.01, 'reserved_GB': 18.15, 'host_total_GB': 1133.56, 'host_available_GB': 772.24, 'host_used_GB': 361.32, 'host_free_GB': 171.09}
[2026-08-15 09:01:41] memory_utils.py:47 - [Rank 1] Memory-Usage before offload model: {'gpu': '1', 'total_GB': 94.97, 'free_GB': 71.99, 'used_GB': 22.98, 'allocated_GB': 16.01, 'reserved_GB': 18.15, 'host_total_GB': 1133.56, 'host_available_GB': 772.64, 'host_used_GB': 360.92, 'host_free_GB': 169.96}
[2026-08-15 09:01:42] reloadable_process_group.py:100 - Destroyed default nccl WORLD process group and initialized a temporary Gloo WORLD (generation 389)
[2026-08-15 09:01:48] memory_utils.py:47 - [Rank 1] Memory-Usage after offload model: {'gpu': '1', 'total_GB': 94.97, 'free_GB': 90.93, 'used_GB': 4.04, 'allocated_GB': 16.01, 'reserved_GB': 18.15, 'host_total_GB': 1133.56, 'host_available_GB': 740.54, 'host_used_GB': 393.02, 'host_free_GB': 137.52}
[2026-08-15 09:01:49] reloadable_process_group.py:121 - Reloaded default WORLD process group with backend nccl (generation 390)
[2026-08-15 09:01:49] reloadable_process_group.py:331 - Reloading 57 process groups in pid 31657: {'nccl': 50, 'gloo': 7}
[2026-08-15 09:01:49] memory_utils.py:47 - [Rank 1] Memory-Usage before update_weights: {'gpu': '1', 'total_GB': 94.97, 'free_GB': 87.65, 'used_GB': 7.32, 'allocated_GB': 16.01, 'reserved_GB': 18.15, 'host_total_GB': 1133.56, 'host_available_GB': 739.61, 'host_used_GB': 393.95, 'host_free_GB': 136.58}
[2026-08-15 09:01:49] memory_utils.py:47 - [Rank 1] Memory-Usage after update_weights: {'gpu': '1', 'total_GB': 94.97, 'free_GB': 87.67, 'used_GB': 7.3, 'allocated_GB': 16.01, 'reserved_GB': 18.15, 'host_total_GB': 1133.56, 'host_available_GB': 739.74, 'host_used_GB': 393.82, 'host_free_GB': 136.71}
[2026-08-15 09:01:49] reloadable_process_group.py:100 - Destroyed default nccl WORLD process group and initialized a temporary Gloo WORLD (generation 391)
[2026-08-15 09:03:10] memory_utils.py:47 - [Rank 1] Memory-Usage before wake_up model: {'gpu': '1', 'total_GB': 94.97, 'free_GB': 90.93, 'used_GB': 4.04, 'allocated_GB': 16.01, 'reserved_GB': 18.15, 'host_total_GB': 1133.56, 'host_available_GB': 739.75, 'host_used_GB': 393.81, 'host_free_GB': 146.57}
[2026-08-15 09:03:13] reloadable_process_group.py:121 - Reloaded default WORLD process group with backend nccl (generation 392)
[2026-08-15 09:03:13] reloadable_process_group.py:331 - Reloading 57 process groups in pid 31657: {'nccl': 50, 'gloo': 7}
[2026-08-15 09:03:13] memory_utils.py:47 - [Rank 1] Memory-Usage after wake_up model: {'gpu': '1', 'total_GB': 94.97, 'free_GB': 72.79, 'used_GB': 22.18, 'allocated_GB': 16.01, 'reserved_GB': 18.15, 'host_total_GB': 1133.56, 'host_available_GB': 773.83, 'host_used_GB': 359.73, 'host_free_GB': 180.71}
[2026-08-15 09:03:21] memory_utils.py:47 - [Rank 1] Memory-Usage before offload model: {'gpu': '1', 'total_GB': 94.97, 'free_GB': 71.99, 'used_GB': 22.98, 'allocated_GB': 16.01, 'reserved_GB': 18.15, 'host_total_GB': 1133.56, 'host_available_GB': 773.27, 'host_used_GB': 360.29, 'host_free_GB': 182.39}
[2026-08-15 09:03:22] reloadable_process_group.py:100 - Destroyed default nccl WORLD process group and initialized a temporary Gloo WORLD (generation 393)
[2026-08-15 09:03:27] memory_utils.py:47 - [Rank 1] Memory-Usage after offload model: {'gpu': '1', 'total_GB': 94.97, 'free_GB': 90.93, 'used_GB': 4.04, 'allocated_GB': 16.01, 'reserved_GB': 18.15, 'host_total_GB': 1133.56, 'host_available_GB': 741.28, 'host_used_GB': 392.28, 'host_free_GB': 151.08}
[2026-08-15 09:03:28] reloadable_process_group.py:121 - Reloaded default WORLD process group with backend nccl (generation 394)
[2026-08-15 09:03:28] reloadable_process_group.py:331 - Reloading 57 process groups in pid 31657: {'nccl': 50, 'gloo': 7}
[2026-08-15 09:03:28] memory_utils.py:47 - [Rank 1] Memory-Usage before update_weights: {'gpu': '1', 'total_GB': 94.97, 'free_GB': 87.65, 'used_GB': 7.32, 'allocated_GB': 16.01, 'reserved_GB': 18.15, 'host_total_GB': 1133.56, 'host_available_GB': 740.54, 'host_used_GB': 393.02, 'host_free_GB': 150.34}
[2026-08-15 09:03:29] memory_utils.py:47 - [Rank 1] Memory-Usage after update_weights: {'gpu': '1', 'total_GB': 94.97, 'free_GB': 87.67, 'used_GB': 7.3, 'allocated_GB': 16.01, 'reserved_GB': 18.15, 'host_total_GB': 1133.56, 'host_available_GB': 740.68, 'host_used_GB': 392.87, 'host_free_GB': 150.49}
[2026-08-15 09:03:29] reloadable_process_group.py:100 - Destroyed default nccl WORLD process group and initialized a temporary Gloo WORLD (generation 395)
[2026-08-15 09:04:49] memory_utils.py:47 - [Rank 1] Memory-Usage before wake_up model: {'gpu': '1', 'total_GB': 94.97, 'free_GB': 90.93, 'used_GB': 4.04, 'allocated_GB': 16.01, 'reserved_GB': 18.15, 'host_total_GB': 1133.56, 'host_available_GB': 740.91, 'host_used_GB': 392.65, 'host_free_GB': 153.28}
[2026-08-15 09:04:52] reloadable_process_group.py:121 - Reloaded default WORLD process group with backend nccl (generation 396)
[2026-08-15 09:04:52] reloadable_process_group.py:331 - Reloading 57 process groups in pid 31657: {'nccl': 50, 'gloo': 7}
[2026-08-15 09:04:52] memory_utils.py:47 - [Rank 1] Memory-Usage after wake_up model: {'gpu': '1', 'total_GB': 94.97, 'free_GB': 72.79, 'used_GB': 22.18, 'allocated_GB': 16.01, 'reserved_GB': 18.15, 'host_total_GB': 1133.56, 'host_available_GB': 775.12, 'host_used_GB': 358.43, 'host_free_GB': 187.49}
[2026-08-15 09:05:01] memory_utils.py:47 - [Rank 1] Memory-Usage before offload model: {'gpu': '1', 'total_GB': 94.97, 'free_GB': 71.99, 'used_GB': 22.98, 'allocated_GB': 16.01, 'reserved_GB': 18.15, 'host_total_GB': 1133.56, 'host_available_GB': 774.47, 'host_used_GB': 359.09, 'host_free_GB': 186.83}
[2026-08-15 09:05:02] reloadable_process_group.py:100 - Destroyed default nccl WORLD process group and initialized a temporary Gloo WORLD (generation 397)
[2026-08-15 09:05:08] memory_utils.py:47 - [Rank 1] Memory-Usage after offload model: {'gpu': '1', 'total_GB': 94.97, 'free_GB': 90.93, 'used_GB': 4.04, 'allocated_GB': 16.01, 'reserved_GB': 18.15, 'host_total_GB': 1133.56, 'host_available_GB': 741.45, 'host_used_GB': 392.11, 'host_free_GB': 153.81}
[2026-08-15 09:05:08] reloadable_process_group.py:121 - Reloaded default WORLD process group with backend nccl (generation 398)
[2026-08-15 09:05:08] reloadable_process_group.py:331 - Reloading 57 process groups in pid 31657: {'nccl': 50, 'gloo': 7}
[2026-08-15 09:05:08] memory_utils.py:47 - [Rank 1] Memory-Usage before update_weights: {'gpu': '1', 'total_GB': 94.97, 'free_GB': 87.65, 'used_GB': 7.32, 'allocated_GB': 16.01, 'reserved_GB': 18.15, 'host_total_GB': 1133.56, 'host_available_GB': 740.51, 'host_used_GB': 393.04, 'host_free_GB': 152.88}
[2026-08-15 09:05:09] memory_utils.py:47 - [Rank 1] Memory-Usage after update_weights: {'gpu': '1', 'total_GB': 94.97, 'free_GB': 87.67, 'used_GB': 7.3, 'allocated_GB': 16.01, 'reserved_GB': 18.15, 'host_total_GB': 1133.56, 'host_available_GB': 740.61, 'host_used_GB': 392.95, 'host_free_GB': 152.97}
[2026-08-15 09:05:09] reloadable_process_group.py:100 - Destroyed default nccl WORLD process group and initialized a temporary Gloo WORLD (generation 399)
[2026-08-15 09:06:28] memory_utils.py:47 - [Rank 1] Memory-Usage before wake_up model: {'gpu': '1', 'total_GB': 94.97, 'free_GB': 90.93, 'used_GB': 4.04, 'allocated_GB': 16.01, 'reserved_GB': 18.15, 'host_total_GB': 1133.56, 'host_available_GB': 739.61, 'host_used_GB': 393.94, 'host_free_GB': 149.2}
[2026-08-15 09:06:31] reloadable_process_group.py:121 - Reloaded default WORLD process group with backend nccl (generation 400)
[2026-08-15 09:06:31] reloadable_process_group.py:331 - Reloading 57 process groups in pid 31657: {'nccl': 50, 'gloo': 7}
[2026-08-15 09:06:31] memory_utils.py:47 - [Rank 1] Memory-Usage after wake_up model: {'gpu': '1', 'total_GB': 94.97, 'free_GB': 72.79, 'used_GB': 22.18, 'allocated_GB': 16.01, 'reserved_GB': 18.15, 'host_total_GB': 1133.56, 'host_available_GB': 774.15, 'host_used_GB': 359.41, 'host_free_GB': 183.73}
[2026-08-15 09:06:39] memory_utils.py:47 - [Rank 1] Memory-Usage before offload model: {'gpu': '1', 'total_GB': 94.97, 'free_GB': 71.99, 'used_GB': 22.98, 'allocated_GB': 16.01, 'reserved_GB': 18.15, 'host_total_GB': 1133.56, 'host_available_GB': 773.82, 'host_used_GB': 359.73, 'host_free_GB': 183.4}
[2026-08-15 09:06:41] reloadable_process_group.py:100 - Destroyed default nccl WORLD process group and initialized a temporary Gloo WORLD (generation 401)
[2026-08-15 09:06:47] memory_utils.py:47 - [Rank 1] Memory-Usage after offload model: {'gpu': '1', 'total_GB': 94.97, 'free_GB': 90.93, 'used_GB': 4.04, 'allocated_GB': 16.01, 'reserved_GB': 18.15, 'host_total_GB': 1133.56, 'host_available_GB': 740.3, 'host_used_GB': 393.26, 'host_free_GB': 152.46}
[2026-08-15 09:06:47] memory_utils.py:47 - [Rank 1] Memory-Usage before wake_up model: {'gpu': '1', 'total_GB': 94.97, 'free_GB': 90.93, 'used_GB': 4.04, 'allocated_GB': 16.01, 'reserved_GB': 18.15, 'host_total_GB': 1133.56, 'host_available_GB': 739.66, 'host_used_GB': 393.9, 'host_free_GB': 151.81}
[2026-08-15 09:06:50] reloadable_process_group.py:121 - Reloaded default WORLD process group with backend nccl (generation 402)
[2026-08-15 09:06:50] reloadable_process_group.py:331 - Reloading 57 process groups in pid 31657: {'nccl': 50, 'gloo': 7}
[2026-08-15 09:06:50] memory_utils.py:47 - [Rank 1] Memory-Usage after wake_up model: {'gpu': '1', 'total_GB': 94.97, 'free_GB': 72.79, 'used_GB': 22.18, 'allocated_GB': 16.01, 'reserved_GB': 18.15, 'host_total_GB': 1133.56, 'host_available_GB': 770.37, 'host_used_GB': 363.19, 'host_free_GB': 182.53}
[2026-08-15 09:06:50] utils.py:972 - make_tp_sharded_tensor_for_checkpoint received extra kwargs: ['allow_shape_mismatch']
[2026-08-15 09:06:51] validation.py:397 - Rank 1 common state dict differs from rank 0 common state dict. Keys only on rank 0: [], Keys only on 1: [], Mismatched keys: [(('args',), <class 'argparse.Namespace'>, <class 'argparse.Namespace'>)]
[2026-08-15 09:12:04] memory_utils.py:47 - [Rank 1] Memory-Usage before offload model: {'gpu': '1', 'total_GB': 94.97, 'free_GB': 72.59, 'used_GB': 22.38, 'allocated_GB': 16.01, 'reserved_GB': 18.15, 'host_total_GB': 1133.56, 'host_available_GB': 771.76, 'host_used_GB': 361.8, 'host_free_GB': 169.87}
[2026-08-15 09:12:05] reloadable_process_group.py:100 - Destroyed default nccl WORLD process group and initialized a temporary Gloo WORLD (generation 403)
[2026-08-15 09:12:11] memory_utils.py:47 - [Rank 1] Memory-Usage after offload model: {'gpu': '1', 'total_GB': 94.97, 'free_GB': 90.93, 'used_GB': 4.04, 'allocated_GB': 16.01, 'reserved_GB': 18.15, 'host_total_GB': 1133.56, 'host_available_GB': 743.87, 'host_used_GB': 389.69, 'host_free_GB': 143.06}
[2026-08-15 09:12:13] reloadable_process_group.py:121 - Reloaded default WORLD process group with backend nccl (generation 404)
[2026-08-15 09:12:13] reloadable_process_group.py:331 - Reloading 57 process groups in pid 31657: {'nccl': 50, 'gloo': 7}
[2026-08-15 09:12:13] memory_utils.py:47 - [Rank 1] Memory-Usage before update_weights: {'gpu': '1', 'total_GB': 94.97, 'free_GB': 87.65, 'used_GB': 7.32, 'allocated_GB': 16.01, 'reserved_GB': 18.15, 'host_total_GB': 1133.56, 'host_available_GB': 739.35, 'host_used_GB': 394.2, 'host_free_GB': 139.94}
[2026-08-15 09:12:13] memory_utils.py:47 - [Rank 1] Memory-Usage after update_weights: {'gpu': '1', 'total_GB': 94.97, 'free_GB': 87.67, 'used_GB': 7.3, 'allocated_GB': 16.01, 'reserved_GB': 18.15, 'host_total_GB': 1133.56, 'host_available_GB': 739.32, 'host_used_GB': 394.23, 'host_free_GB': 140.31}
[2026-08-15 09:12:13] reloadable_process_group.py:100 - Destroyed default nccl WORLD process group and initialized a temporary Gloo WORLD (generation 405)
[2026-08-15 10:06:03] memory_utils.py:47 - [Rank 1] Memory-Usage before wake_up model: {'gpu': '1', 'total_GB': 94.97, 'free_GB': 90.93, 'used_GB': 4.04, 'allocated_GB': 16.01, 'reserved_GB': 18.15, 'host_total_GB': 1133.56, 'host_available_GB': 742.03, 'host_used_GB': 391.53, 'host_free_GB': 76.63}
[2026-08-15 10:06:06] reloadable_process_group.py:121 - Reloaded default WORLD process group with backend nccl (generation 406)
[2026-08-15 10:06:06] reloadable_process_group.py:331 - Reloading 57 process groups in pid 31657: {'nccl': 50, 'gloo': 7}
[2026-08-15 10:06:06] memory_utils.py:47 - [Rank 1] Memory-Usage after wake_up model: {'gpu': '1', 'total_GB': 94.97, 'free_GB': 72.79, 'used_GB': 22.18, 'allocated_GB': 16.01, 'reserved_GB': 18.15, 'host_total_GB': 1133.56, 'host_available_GB': 775.87, 'host_used_GB': 357.69, 'host_free_GB': 110.41}
[2026-08-15 10:06:18] memory_utils.py:47 - [Rank 1] Memory-Usage before offload model: {'gpu': '1', 'total_GB': 94.97, 'free_GB': 71.99, 'used_GB': 22.98, 'allocated_GB': 16.01, 'reserved_GB': 18.15, 'host_total_GB': 1133.56, 'host_available_GB': 775.12, 'host_used_GB': 358.44, 'host_free_GB': 108.75}
[2026-08-15 10:06:20] reloadable_process_group.py:100 - Destroyed default nccl WORLD process group and initialized a temporary Gloo WORLD (generation 407)
[2026-08-15 10:06:25] memory_utils.py:47 - [Rank 1] Memory-Usage after offload model: {'gpu': '1', 'total_GB': 94.97, 'free_GB': 90.93, 'used_GB': 4.04, 'allocated_GB': 16.01, 'reserved_GB': 18.15, 'host_total_GB': 1133.56, 'host_available_GB': 742.04, 'host_used_GB': 391.52, 'host_free_GB': 74.66}
[2026-08-15 10:06:26] reloadable_process_group.py:121 - Reloaded default WORLD process group with backend nccl (generation 408)
[2026-08-15 10:06:26] reloadable_process_group.py:331 - Reloading 57 process groups in pid 31657: {'nccl': 50, 'gloo': 7}
[2026-08-15 10:06:26] memory_utils.py:47 - [Rank 1] Memory-Usage before update_weights: {'gpu': '1', 'total_GB': 94.97, 'free_GB': 87.65, 'used_GB': 7.32, 'allocated_GB': 16.01, 'reserved_GB': 18.15, 'host_total_GB': 1133.56, 'host_available_GB': 741.12, 'host_used_GB': 392.43, 'host_free_GB': 73.75}
[2026-08-15 10:06:26] memory_utils.py:47 - [Rank 1] Memory-Usage after update_weights: {'gpu': '1', 'total_GB': 94.97, 'free_GB': 87.67, 'used_GB': 7.3, 'allocated_GB': 16.01, 'reserved_GB': 18.15, 'host_total_GB': 1133.56, 'host_available_GB': 741.12, 'host_used_GB': 392.44, 'host_free_GB': 73.74}
[2026-08-15 10:06:26] reloadable_process_group.py:100 - Destroyed default nccl WORLD process group and initialized a temporary Gloo WORLD (generation 409)
[2026-08-15 10:07:46] memory_utils.py:47 - [Rank 1] Memory-Usage before wake_up model: {'gpu': '1', 'total_GB': 94.97, 'free_GB': 90.93, 'used_GB': 4.04, 'allocated_GB': 16.01, 'reserved_GB': 18.15, 'host_total_GB': 1133.56, 'host_available_GB': 741.45, 'host_used_GB': 392.11, 'host_free_GB': 75.07}
[2026-08-15 10:07:49] reloadable_process_group.py:121 - Reloaded default WORLD process group with backend nccl (generation 410)
[2026-08-15 10:07:49] reloadable_process_group.py:331 - Reloading 57 process groups in pid 31657: {'nccl': 50, 'gloo': 7}
[2026-08-15 10:07:49] memory_utils.py:47 - [Rank 1] Memory-Usage after wake_up model: {'gpu': '1', 'total_GB': 94.97, 'free_GB': 72.79, 'used_GB': 22.18, 'allocated_GB': 16.01, 'reserved_GB': 18.15, 'host_total_GB': 1133.56, 'host_available_GB': 774.95, 'host_used_GB': 358.61, 'host_free_GB': 107.77}
[2026-08-15 10:07:56] memory_utils.py:47 - [Rank 1] Memory-Usage before offload model: {'gpu': '1', 'total_GB': 94.97, 'free_GB': 71.99, 'used_GB': 22.98, 'allocated_GB': 16.0, 'reserved_GB': 18.15, 'host_total_GB': 1133.56, 'host_available_GB': 774.73, 'host_used_GB': 358.83, 'host_free_GB': 107.25}
[2026-08-15 10:07:58] reloadable_process_group.py:100 - Destroyed default nccl WORLD process group and initialized a temporary Gloo WORLD (generation 411)
[2026-08-15 10:08:03] memory_utils.py:47 - [Rank 1] Memory-Usage after offload model: {'gpu': '1', 'total_GB': 94.97, 'free_GB': 90.93, 'used_GB': 4.04, 'allocated_GB': 16.0, 'reserved_GB': 18.15, 'host_total_GB': 1133.56, 'host_available_GB': 742.66, 'host_used_GB': 390.9, 'host_free_GB': 75.18}
[2026-08-15 10:08:04] reloadable_process_group.py:121 - Reloaded default WORLD process group with backend nccl (generation 412)
[2026-08-15 10:08:04] reloadable_process_group.py:331 - Reloading 57 process groups in pid 31657: {'nccl': 50, 'gloo': 7}
[2026-08-15 10:08:04] memory_utils.py:47 - [Rank 1] Memory-Usage before update_weights: {'gpu': '1', 'total_GB': 94.97, 'free_GB': 87.65, 'used_GB': 7.32, 'allocated_GB': 16.0, 'reserved_GB': 18.15, 'host_total_GB': 1133.56, 'host_available_GB': 741.82, 'host_used_GB': 391.74, 'host_free_GB': 74.33}
[2026-08-15 10:08:04] memory_utils.py:47 - [Rank 1] Memory-Usage after update_weights: {'gpu': '1', 'total_GB': 94.97, 'free_GB': 87.67, 'used_GB': 7.3, 'allocated_GB': 16.0, 'reserved_GB': 18.15, 'host_total_GB': 1133.56, 'host_available_GB': 741.78, 'host_used_GB': 391.78, 'host_free_GB': 74.29}
[2026-08-15 10:08:05] reloadable_process_group.py:100 - Destroyed default nccl WORLD process group and initialized a temporary Gloo WORLD (generation 413)
[2026-08-15 10:09:24] memory_utils.py:47 - [Rank 1] Memory-Usage before wake_up model: {'gpu': '1', 'total_GB': 94.97, 'free_GB': 90.93, 'used_GB': 4.04, 'allocated_GB': 16.0, 'reserved_GB': 18.15, 'host_total_GB': 1133.56, 'host_available_GB': 742.2, 'host_used_GB': 391.36, 'host_free_GB': 77.45}
[2026-08-15 10:09:27] reloadable_process_group.py:121 - Reloaded default WORLD process group with backend nccl (generation 414)
[2026-08-15 10:09:27] reloadable_process_group.py:331 - Reloading 57 process groups in pid 31657: {'nccl': 50, 'gloo': 7}
[2026-08-15 10:09:27] memory_utils.py:47 - [Rank 1] Memory-Usage after wake_up model: {'gpu': '1', 'total_GB': 94.97, 'free_GB': 72.79, 'used_GB': 22.18, 'allocated_GB': 16.0, 'reserved_GB': 18.15, 'host_total_GB': 1133.56, 'host_available_GB': 776.17, 'host_used_GB': 357.38, 'host_free_GB': 111.42}
[2026-08-15 10:09:34] memory_utils.py:47 - [Rank 1] Memory-Usage before offload model: {'gpu': '1', 'total_GB': 94.97, 'free_GB': 71.99, 'used_GB': 22.98, 'allocated_GB': 16.0, 'reserved_GB': 18.15, 'host_total_GB': 1133.56, 'host_available_GB': 775.91, 'host_used_GB': 357.65, 'host_free_GB': 111.16}
[2026-08-15 10:09:35] reloadable_process_group.py:100 - Destroyed default nccl WORLD process group and initialized a temporary Gloo WORLD (generation 415)
[2026-08-15 10:09:40] memory_utils.py:47 - [Rank 1] Memory-Usage after offload model: {'gpu': '1', 'total_GB': 94.97, 'free_GB': 90.93, 'used_GB': 4.04, 'allocated_GB': 16.0, 'reserved_GB': 18.15, 'host_total_GB': 1133.56, 'host_available_GB': 743.4, 'host_used_GB': 390.16, 'host_free_GB': 78.64}
[2026-08-15 10:09:41] reloadable_process_group.py:121 - Reloaded default WORLD process group with backend nccl (generation 416)
[2026-08-15 10:09:41] reloadable_process_group.py:331 - Reloading 57 process groups in pid 31657: {'nccl': 50, 'gloo': 7}
[2026-08-15 10:09:41] memory_utils.py:47 - [Rank 1] Memory-Usage before update_weights: {'gpu': '1', 'total_GB': 94.97, 'free_GB': 87.65, 'used_GB': 7.32, 'allocated_GB': 16.0, 'reserved_GB': 18.15, 'host_total_GB': 1133.56, 'host_available_GB': 742.29, 'host_used_GB': 391.27, 'host_free_GB': 77.53}
[2026-08-15 10:09:41] memory_utils.py:47 - [Rank 1] Memory-Usage after update_weights: {'gpu': '1', 'total_GB': 94.97, 'free_GB': 87.67, 'used_GB': 7.3, 'allocated_GB': 16.0, 'reserved_GB': 18.15, 'host_total_GB': 1133.56, 'host_available_GB': 742.32, 'host_used_GB': 391.24, 'host_free_GB': 77.57}
[2026-08-15 10:09:41] reloadable_process_group.py:100 - Destroyed default nccl WORLD process group and initialized a temporary Gloo WORLD (generation 417)
[2026-08-15 10:11:01] memory_utils.py:47 - [Rank 1] Memory-Usage before wake_up model: {'gpu': '1', 'total_GB': 94.97, 'free_GB': 90.93, 'used_GB': 4.04, 'allocated_GB': 16.0, 'reserved_GB': 18.15, 'host_total_GB': 1133.56, 'host_available_GB': 739.04, 'host_used_GB': 394.51, 'host_free_GB': 76.87}
[2026-08-15 10:11:04] reloadable_process_group.py:121 - Reloaded default WORLD process group with backend nccl (generation 418)
[2026-08-15 10:11:04] reloadable_process_group.py:331 - Reloading 57 process groups in pid 31657: {'nccl': 50, 'gloo': 7}
[2026-08-15 10:11:04] memory_utils.py:47 - [Rank 1] Memory-Usage after wake_up model: {'gpu': '1', 'total_GB': 94.97, 'free_GB': 72.79, 'used_GB': 22.18, 'allocated_GB': 16.0, 'reserved_GB': 18.15, 'host_total_GB': 1133.56, 'host_available_GB': 773.06, 'host_used_GB': 360.5, 'host_free_GB': 110.89}
[2026-08-15 10:11:11] memory_utils.py:47 - [Rank 1] Memory-Usage before offload model: {'gpu': '1', 'total_GB': 94.97, 'free_GB': 71.99, 'used_GB': 22.98, 'allocated_GB': 16.0, 'reserved_GB': 18.15, 'host_total_GB': 1133.56, 'host_available_GB': 772.76, 'host_used_GB': 360.79, 'host_free_GB': 110.59}
[2026-08-15 10:11:13] reloadable_process_group.py:100 - Destroyed default nccl WORLD process group and initialized a temporary Gloo WORLD (generation 419)
[2026-08-15 10:11:18] memory_utils.py:47 - [Rank 1] Memory-Usage after offload model: {'gpu': '1', 'total_GB': 94.97, 'free_GB': 90.93, 'used_GB': 4.04, 'allocated_GB': 16.0, 'reserved_GB': 18.15, 'host_total_GB': 1133.56, 'host_available_GB': 740.21, 'host_used_GB': 393.35, 'host_free_GB': 78.04}
[2026-08-15 10:11:19] reloadable_process_group.py:121 - Reloaded default WORLD process group with backend nccl (generation 420)
[2026-08-15 10:11:19] reloadable_process_group.py:331 - Reloading 57 process groups in pid 31657: {'nccl': 50, 'gloo': 7}
[2026-08-15 10:11:19] memory_utils.py:47 - [Rank 1] Memory-Usage before update_weights: {'gpu': '1', 'total_GB': 94.97, 'free_GB': 87.65, 'used_GB': 7.32, 'allocated_GB': 16.0, 'reserved_GB': 18.15, 'host_total_GB': 1133.56, 'host_available_GB': 739.41, 'host_used_GB': 394.15, 'host_free_GB': 77.24}
[2026-08-15 10:11:19] memory_utils.py:47 - [Rank 1] Memory-Usage after update_weights: {'gpu': '1', 'total_GB': 94.97, 'free_GB': 87.67, 'used_GB': 7.3, 'allocated_GB': 16.0, 'reserved_GB': 18.15, 'host_total_GB': 1133.56, 'host_available_GB': 739.45, 'host_used_GB': 394.1, 'host_free_GB': 77.28}
[2026-08-15 10:11:19] reloadable_process_group.py:100 - Destroyed default nccl WORLD process group and initialized a temporary Gloo WORLD (generation 421)
[2026-08-15 10:12:37] memory_utils.py:47 - [Rank 1] Memory-Usage before wake_up model: {'gpu': '1', 'total_GB': 94.97, 'free_GB': 90.93, 'used_GB': 4.04, 'allocated_GB': 16.0, 'reserved_GB': 18.15, 'host_total_GB': 1133.56, 'host_available_GB': 737.96, 'host_used_GB': 395.6, 'host_free_GB': 74.18}
[2026-08-15 10:12:40] reloadable_process_group.py:121 - Reloaded default WORLD process group with backend nccl (generation 422)
[2026-08-15 10:12:40] reloadable_process_group.py:331 - Reloading 57 process groups in pid 31657: {'nccl': 50, 'gloo': 7}
[2026-08-15 10:12:40] memory_utils.py:47 - [Rank 1] Memory-Usage after wake_up model: {'gpu': '1', 'total_GB': 94.97, 'free_GB': 72.79, 'used_GB': 22.18, 'allocated_GB': 16.0, 'reserved_GB': 18.15, 'host_total_GB': 1133.56, 'host_available_GB': 771.52, 'host_used_GB': 362.04, 'host_free_GB': 107.01}
[2026-08-15 10:12:52] memory_utils.py:47 - [Rank 1] Memory-Usage before offload model: {'gpu': '1', 'total_GB': 94.97, 'free_GB': 71.99, 'used_GB': 22.98, 'allocated_GB': 16.01, 'reserved_GB': 18.15, 'host_total_GB': 1133.56, 'host_available_GB': 772.29, 'host_used_GB': 361.27, 'host_free_GB': 107.37}
[2026-08-15 10:12:54] reloadable_process_group.py:100 - Destroyed default nccl WORLD process group and initialized a temporary Gloo WORLD (generation 423)
[2026-08-15 10:12:59] memory_utils.py:47 - [Rank 1] Memory-Usage after offload model: {'gpu': '1', 'total_GB': 94.97, 'free_GB': 90.93, 'used_GB': 4.04, 'allocated_GB': 16.01, 'reserved_GB': 18.15, 'host_total_GB': 1133.56, 'host_available_GB': 739.94, 'host_used_GB': 393.61, 'host_free_GB': 77.59}
[2026-08-15 10:13:00] reloadable_process_group.py:121 - Reloaded default WORLD process group with backend nccl (generation 424)
[2026-08-15 10:13:00] reloadable_process_group.py:331 - Reloading 57 process groups in pid 31657: {'nccl': 50, 'gloo': 7}
[2026-08-15 10:13:00] memory_utils.py:47 - [Rank 1] Memory-Usage before update_weights: {'gpu': '1', 'total_GB': 94.97, 'free_GB': 87.65, 'used_GB': 7.32, 'allocated_GB': 16.01, 'reserved_GB': 18.15, 'host_total_GB': 1133.56, 'host_available_GB': 739.24, 'host_used_GB': 394.31, 'host_free_GB': 77.05}
[2026-08-15 10:13:00] memory_utils.py:47 - [Rank 1] Memory-Usage after update_weights: {'gpu': '1', 'total_GB': 94.97, 'free_GB': 87.67, 'used_GB': 7.3, 'allocated_GB': 16.01, 'reserved_GB': 18.15, 'host_total_GB': 1133.56, 'host_available_GB': 739.18, 'host_used_GB': 394.37, 'host_free_GB': 77.04}
[2026-08-15 10:13:00] reloadable_process_group.py:100 - Destroyed default nccl WORLD process group and initialized a temporary Gloo WORLD (generation 425)
[2026-08-15 10:14:18] memory_utils.py:47 - [Rank 1] Memory-Usage before wake_up model: {'gpu': '1', 'total_GB': 94.97, 'free_GB': 90.93, 'used_GB': 4.04, 'allocated_GB': 16.01, 'reserved_GB': 18.15, 'host_total_GB': 1133.56, 'host_available_GB': 739.26, 'host_used_GB': 394.3, 'host_free_GB': 76.71}
[2026-08-15 10:14:21] reloadable_process_group.py:121 - Reloaded default WORLD process group with backend nccl (generation 426)
[2026-08-15 10:14:21] reloadable_process_group.py:331 - Reloading 57 process groups in pid 31657: {'nccl': 50, 'gloo': 7}
[2026-08-15 10:14:22] memory_utils.py:47 - [Rank 1] Memory-Usage after wake_up model: {'gpu': '1', 'total_GB': 94.97, 'free_GB': 72.8, 'used_GB': 22.18, 'allocated_GB': 16.01, 'reserved_GB': 18.15, 'host_total_GB': 1133.56, 'host_available_GB': 773.35, 'host_used_GB': 360.2, 'host_free_GB': 110.8}
[2026-08-15 10:14:29] memory_utils.py:47 - [Rank 1] Memory-Usage before offload model: {'gpu': '1', 'total_GB': 94.97, 'free_GB': 71.99, 'used_GB': 22.98, 'allocated_GB': 16.01, 'reserved_GB': 18.15, 'host_total_GB': 1133.56, 'host_available_GB': 772.96, 'host_used_GB': 360.6, 'host_free_GB': 110.41}
[2026-08-15 10:14:30] reloadable_process_group.py:100 - Destroyed default nccl WORLD process group and initialized a temporary Gloo WORLD (generation 427)
[2026-08-15 10:14:35] memory_utils.py:47 - [Rank 1] Memory-Usage after offload model: {'gpu': '1', 'total_GB': 94.97, 'free_GB': 90.93, 'used_GB': 4.04, 'allocated_GB': 16.01, 'reserved_GB': 18.15, 'host_total_GB': 1133.56, 'host_available_GB': 739.86, 'host_used_GB': 393.7, 'host_free_GB': 77.3}
[2026-08-15 10:14:36] reloadable_process_group.py:121 - Reloaded default WORLD process group with backend nccl (generation 428)
[2026-08-15 10:14:36] reloadable_process_group.py:331 - Reloading 57 process groups in pid 31657: {'nccl': 50, 'gloo': 7}
[2026-08-15 10:14:36] memory_utils.py:47 - [Rank 1] Memory-Usage before update_weights: {'gpu': '1', 'total_GB': 94.97, 'free_GB': 87.65, 'used_GB': 7.32, 'allocated_GB': 16.01, 'reserved_GB': 18.15, 'host_total_GB': 1133.56, 'host_available_GB': 738.73, 'host_used_GB': 394.83, 'host_free_GB': 76.17}
[2026-08-15 10:14:37] memory_utils.py:47 - [Rank 1] Memory-Usage after update_weights: {'gpu': '1', 'total_GB': 94.97, 'free_GB': 87.67, 'used_GB': 7.3, 'allocated_GB': 16.01, 'reserved_GB': 18.15, 'host_total_GB': 1133.56, 'host_available_GB': 738.7, 'host_used_GB': 394.86, 'host_free_GB': 76.14}
[2026-08-15 10:14:37] reloadable_process_group.py:100 - Destroyed default nccl WORLD process group and initialized a temporary Gloo WORLD (generation 429)
[2026-08-15 10:15:55] memory_utils.py:47 - [Rank 1] Memory-Usage before wake_up model: {'gpu': '1', 'total_GB': 94.97, 'free_GB': 90.93, 'used_GB': 4.04, 'allocated_GB': 16.01, 'reserved_GB': 18.15, 'host_total_GB': 1133.56, 'host_available_GB': 740.03, 'host_used_GB': 393.52, 'host_free_GB': 80.1}
[2026-08-15 10:15:59] reloadable_process_group.py:121 - Reloaded default WORLD process group with backend nccl (generation 430)
[2026-08-15 10:15:59] reloadable_process_group.py:331 - Reloading 57 process groups in pid 31657: {'nccl': 50, 'gloo': 7}
[2026-08-15 10:15:59] memory_utils.py:47 - [Rank 1] Memory-Usage after wake_up model: {'gpu': '1', 'total_GB': 94.97, 'free_GB': 72.8, 'used_GB': 22.18, 'allocated_GB': 16.01, 'reserved_GB': 18.15, 'host_total_GB': 1133.56, 'host_available_GB': 774.04, 'host_used_GB': 359.52, 'host_free_GB': 114.11}
[2026-08-15 10:16:07] memory_utils.py:47 - [Rank 1] Memory-Usage before offload model: {'gpu': '1', 'total_GB': 94.97, 'free_GB': 71.99, 'used_GB': 22.98, 'allocated_GB': 16.01, 'reserved_GB': 18.15, 'host_total_GB': 1133.56, 'host_available_GB': 773.46, 'host_used_GB': 360.1, 'host_free_GB': 113.53}
[2026-08-15 10:16:08] reloadable_process_group.py:100 - Destroyed default nccl WORLD process group and initialized a temporary Gloo WORLD (generation 431)
[2026-08-15 10:16:14] memory_utils.py:47 - [Rank 1] Memory-Usage after offload model: {'gpu': '1', 'total_GB': 94.97, 'free_GB': 90.93, 'used_GB': 4.04, 'allocated_GB': 16.01, 'reserved_GB': 18.15, 'host_total_GB': 1133.56, 'host_available_GB': 740.72, 'host_used_GB': 392.84, 'host_free_GB': 80.79}
[2026-08-15 10:16:14] reloadable_process_group.py:121 - Reloaded default WORLD process group with backend nccl (generation 432)
[2026-08-15 10:16:14] reloadable_process_group.py:331 - Reloading 57 process groups in pid 31657: {'nccl': 50, 'gloo': 7}
[2026-08-15 10:16:14] memory_utils.py:47 - [Rank 1] Memory-Usage before update_weights: {'gpu': '1', 'total_GB': 94.97, 'free_GB': 87.65, 'used_GB': 7.32, 'allocated_GB': 16.01, 'reserved_GB': 18.15, 'host_total_GB': 1133.56, 'host_available_GB': 739.88, 'host_used_GB': 393.67, 'host_free_GB': 79.95}
[2026-08-15 10:16:15] memory_utils.py:47 - [Rank 1] Memory-Usage after update_weights: {'gpu': '1', 'total_GB': 94.97, 'free_GB': 87.67, 'used_GB': 7.3, 'allocated_GB': 16.01, 'reserved_GB': 18.15, 'host_total_GB': 1133.56, 'host_available_GB': 739.9, 'host_used_GB': 393.65, 'host_free_GB': 79.97}
[2026-08-15 10:16:15] reloadable_process_group.py:100 - Destroyed default nccl WORLD process group and initialized a temporary Gloo WORLD (generation 433)
[2026-08-15 10:17:33] memory_utils.py:47 - [Rank 1] Memory-Usage before wake_up model: {'gpu': '1', 'total_GB': 94.97, 'free_GB': 90.93, 'used_GB': 4.04, 'allocated_GB': 16.01, 'reserved_GB': 18.15, 'host_total_GB': 1133.56, 'host_available_GB': 740.09, 'host_used_GB': 393.47, 'host_free_GB': 82.92}
[2026-08-15 10:17:36] reloadable_process_group.py:121 - Reloaded default WORLD process group with backend nccl (generation 434)
[2026-08-15 10:17:36] reloadable_process_group.py:331 - Reloading 57 process groups in pid 31657: {'nccl': 50, 'gloo': 7}
[2026-08-15 10:17:36] memory_utils.py:47 - [Rank 1] Memory-Usage after wake_up model: {'gpu': '1', 'total_GB': 94.97, 'free_GB': 72.8, 'used_GB': 22.18, 'allocated_GB': 16.01, 'reserved_GB': 18.15, 'host_total_GB': 1133.56, 'host_available_GB': 774.19, 'host_used_GB': 359.37, 'host_free_GB': 119.93}
[2026-08-15 10:17:44] memory_utils.py:47 - [Rank 1] Memory-Usage before offload model: {'gpu': '1', 'total_GB': 94.97, 'free_GB': 71.99, 'used_GB': 22.98, 'allocated_GB': 16.01, 'reserved_GB': 18.15, 'host_total_GB': 1133.56, 'host_available_GB': 773.14, 'host_used_GB': 360.42, 'host_free_GB': 120.08}
[2026-08-15 10:17:45] reloadable_process_group.py:100 - Destroyed default nccl WORLD process group and initialized a temporary Gloo WORLD (generation 435)
[2026-08-15 10:17:51] memory_utils.py:47 - [Rank 1] Memory-Usage after offload model: {'gpu': '1', 'total_GB': 94.97, 'free_GB': 90.93, 'used_GB': 4.04, 'allocated_GB': 16.01, 'reserved_GB': 18.15, 'host_total_GB': 1133.56, 'host_available_GB': 739.96, 'host_used_GB': 393.6, 'host_free_GB': 88.64}
[2026-08-15 10:17:51] reloadable_process_group.py:121 - Reloaded default WORLD process group with backend nccl (generation 436)
[2026-08-15 10:17:51] reloadable_process_group.py:331 - Reloading 57 process groups in pid 31657: {'nccl': 50, 'gloo': 7}
[2026-08-15 10:17:51] memory_utils.py:47 - [Rank 1] Memory-Usage before update_weights: {'gpu': '1', 'total_GB': 94.97, 'free_GB': 87.65, 'used_GB': 7.32, 'allocated_GB': 16.01, 'reserved_GB': 18.15, 'host_total_GB': 1133.56, 'host_available_GB': 738.87, 'host_used_GB': 394.69, 'host_free_GB': 87.33}
[2026-08-15 10:17:52] memory_utils.py:47 - [Rank 1] Memory-Usage after update_weights: {'gpu': '1', 'total_GB': 94.97, 'free_GB': 87.67, 'used_GB': 7.3, 'allocated_GB': 16.01, 'reserved_GB': 18.15, 'host_total_GB': 1133.56, 'host_available_GB': 738.73, 'host_used_GB': 394.83, 'host_free_GB': 87.05}
[2026-08-15 10:17:52] reloadable_process_group.py:100 - Destroyed default nccl WORLD process group and initialized a temporary Gloo WORLD (generation 437)
[2026-08-15 10:19:12] memory_utils.py:47 - [Rank 1] Memory-Usage before wake_up model: {'gpu': '1', 'total_GB': 94.97, 'free_GB': 90.93, 'used_GB': 4.04, 'allocated_GB': 16.01, 'reserved_GB': 18.15, 'host_total_GB': 1133.56, 'host_available_GB': 738.51, 'host_used_GB': 395.05, 'host_free_GB': 78.31}
[2026-08-15 10:19:15] reloadable_process_group.py:121 - Reloaded default WORLD process group with backend nccl (generation 438)
[2026-08-15 10:19:15] reloadable_process_group.py:331 - Reloading 57 process groups in pid 31657: {'nccl': 50, 'gloo': 7}
[2026-08-15 10:19:15] memory_utils.py:47 - [Rank 1] Memory-Usage after wake_up model: {'gpu': '1', 'total_GB': 94.97, 'free_GB': 72.8, 'used_GB': 22.18, 'allocated_GB': 16.01, 'reserved_GB': 18.15, 'host_total_GB': 1133.56, 'host_available_GB': 772.29, 'host_used_GB': 361.27, 'host_free_GB': 111.02}
[2026-08-15 10:19:26] memory_utils.py:47 - [Rank 1] Memory-Usage before offload model: {'gpu': '1', 'total_GB': 94.97, 'free_GB': 71.99, 'used_GB': 22.98, 'allocated_GB': 16.01, 'reserved_GB': 18.15, 'host_total_GB': 1133.56, 'host_available_GB': 772.62, 'host_used_GB': 360.94, 'host_free_GB': 109.85}
[2026-08-15 10:19:28] reloadable_process_group.py:100 - Destroyed default nccl WORLD process group and initialized a temporary Gloo WORLD (generation 439)
[2026-08-15 10:19:34] memory_utils.py:47 - [Rank 1] Memory-Usage after offload model: {'gpu': '1', 'total_GB': 94.97, 'free_GB': 90.93, 'used_GB': 4.04, 'allocated_GB': 16.01, 'reserved_GB': 18.15, 'host_total_GB': 1133.56, 'host_available_GB': 740.49, 'host_used_GB': 393.07, 'host_free_GB': 76.57}
[2026-08-15 10:19:34] reloadable_process_group.py:121 - Reloaded default WORLD process group with backend nccl (generation 440)
[2026-08-15 10:19:34] reloadable_process_group.py:331 - Reloading 57 process groups in pid 31657: {'nccl': 50, 'gloo': 7}
[2026-08-15 10:19:34] memory_utils.py:47 - [Rank 1] Memory-Usage before update_weights: {'gpu': '1', 'total_GB': 94.97, 'free_GB': 87.65, 'used_GB': 7.32, 'allocated_GB': 16.01, 'reserved_GB': 18.15, 'host_total_GB': 1133.56, 'host_available_GB': 739.11, 'host_used_GB': 394.45, 'host_free_GB': 74.79}
[2026-08-15 10:19:35] memory_utils.py:47 - [Rank 1] Memory-Usage after update_weights: {'gpu': '1', 'total_GB': 94.97, 'free_GB': 87.67, 'used_GB': 7.3, 'allocated_GB': 16.01, 'reserved_GB': 18.15, 'host_total_GB': 1133.56, 'host_available_GB': 738.98, 'host_used_GB': 394.58, 'host_free_GB': 74.34}
[2026-08-15 10:19:35] reloadable_process_group.py:100 - Destroyed default nccl WORLD process group and initialized a temporary Gloo WORLD (generation 441)
[2026-08-15 10:20:54] memory_utils.py:47 - [Rank 1] Memory-Usage before wake_up model: {'gpu': '1', 'total_GB': 94.97, 'free_GB': 90.93, 'used_GB': 4.04, 'allocated_GB': 16.01, 'reserved_GB': 18.15, 'host_total_GB': 1133.56, 'host_available_GB': 741.36, 'host_used_GB': 392.2, 'host_free_GB': 83.7}
[2026-08-15 10:20:57] reloadable_process_group.py:121 - Reloaded default WORLD process group with backend nccl (generation 442)
[2026-08-15 10:20:57] reloadable_process_group.py:331 - Reloading 57 process groups in pid 31657: {'nccl': 50, 'gloo': 7}
[2026-08-15 10:20:58] memory_utils.py:47 - [Rank 1] Memory-Usage after wake_up model: {'gpu': '1', 'total_GB': 94.97, 'free_GB': 72.8, 'used_GB': 22.18, 'allocated_GB': 16.01, 'reserved_GB': 18.15, 'host_total_GB': 1133.56, 'host_available_GB': 775.7, 'host_used_GB': 357.86, 'host_free_GB': 118.04}
[2026-08-15 10:21:05] memory_utils.py:47 - [Rank 1] Memory-Usage before offload model: {'gpu': '1', 'total_GB': 94.97, 'free_GB': 71.99, 'used_GB': 22.98, 'allocated_GB': 16.01, 'reserved_GB': 18.15, 'host_total_GB': 1133.56, 'host_available_GB': 775.28, 'host_used_GB': 358.28, 'host_free_GB': 117.62}
[2026-08-15 10:21:06] reloadable_process_group.py:100 - Destroyed default nccl WORLD process group and initialized a temporary Gloo WORLD (generation 443)
[2026-08-15 10:21:12] memory_utils.py:47 - [Rank 1] Memory-Usage after offload model: {'gpu': '1', 'total_GB': 94.97, 'free_GB': 90.93, 'used_GB': 4.04, 'allocated_GB': 16.01, 'reserved_GB': 18.15, 'host_total_GB': 1133.56, 'host_available_GB': 742.8, 'host_used_GB': 390.76, 'host_free_GB': 85.14}
[2026-08-15 10:21:12] reloadable_process_group.py:121 - Reloaded default WORLD process group with backend nccl (generation 444)
[2026-08-15 10:21:12] reloadable_process_group.py:331 - Reloading 57 process groups in pid 31657: {'nccl': 50, 'gloo': 7}
[2026-08-15 10:21:12] memory_utils.py:47 - [Rank 1] Memory-Usage before update_weights: {'gpu': '1', 'total_GB': 94.97, 'free_GB': 87.65, 'used_GB': 7.32, 'allocated_GB': 16.01, 'reserved_GB': 18.15, 'host_total_GB': 1133.56, 'host_available_GB': 741.76, 'host_used_GB': 391.79, 'host_free_GB': 84.1}
[2026-08-15 10:21:13] memory_utils.py:47 - [Rank 1] Memory-Usage after update_weights: {'gpu': '1', 'total_GB': 94.97, 'free_GB': 87.67, 'used_GB': 7.3, 'allocated_GB': 16.01, 'reserved_GB': 18.15, 'host_total_GB': 1133.56, 'host_available_GB': 741.74, 'host_used_GB': 391.82, 'host_free_GB': 84.08}
[2026-08-15 10:21:13] reloadable_process_group.py:100 - Destroyed default nccl WORLD process group and initialized a temporary Gloo WORLD (generation 445)
[2026-08-15 10:22:32] memory_utils.py:47 - [Rank 1] Memory-Usage before wake_up model: {'gpu': '1', 'total_GB': 94.97, 'free_GB': 90.93, 'used_GB': 4.04, 'allocated_GB': 16.01, 'reserved_GB': 18.15, 'host_total_GB': 1133.56, 'host_available_GB': 742.46, 'host_used_GB': 391.1, 'host_free_GB': 84.79}
[2026-08-15 10:22:35] reloadable_process_group.py:121 - Reloaded default WORLD process group with backend nccl (generation 446)
[2026-08-15 10:22:35] reloadable_process_group.py:331 - Reloading 57 process groups in pid 31657: {'nccl': 50, 'gloo': 7}
[2026-08-15 10:22:35] memory_utils.py:47 - [Rank 1] Memory-Usage after wake_up model: {'gpu': '1', 'total_GB': 94.97, 'free_GB': 72.79, 'used_GB': 22.18, 'allocated_GB': 16.01, 'reserved_GB': 18.15, 'host_total_GB': 1133.56, 'host_available_GB': 776.51, 'host_used_GB': 357.05, 'host_free_GB': 118.76}
[2026-08-15 10:22:42] memory_utils.py:47 - [Rank 1] Memory-Usage before offload model: {'gpu': '1', 'total_GB': 94.97, 'free_GB': 71.99, 'used_GB': 22.98, 'allocated_GB': 16.01, 'reserved_GB': 18.15, 'host_total_GB': 1133.56, 'host_available_GB': 775.38, 'host_used_GB': 358.18, 'host_free_GB': 119.74}
[2026-08-15 10:22:44] reloadable_process_group.py:100 - Destroyed default nccl WORLD process group and initialized a temporary Gloo WORLD (generation 447)
[2026-08-15 10:22:49] memory_utils.py:47 - [Rank 1] Memory-Usage after offload model: {'gpu': '1', 'total_GB': 94.97, 'free_GB': 90.93, 'used_GB': 4.04, 'allocated_GB': 16.01, 'reserved_GB': 18.15, 'host_total_GB': 1133.56, 'host_available_GB': 742.36, 'host_used_GB': 391.19, 'host_free_GB': 85.69}
[2026-08-15 10:22:50] reloadable_process_group.py:121 - Reloaded default WORLD process group with backend nccl (generation 448)
[2026-08-15 10:22:50] reloadable_process_group.py:331 - Reloading 57 process groups in pid 31657: {'nccl': 50, 'gloo': 7}
[2026-08-15 10:22:50] memory_utils.py:47 - [Rank 1] Memory-Usage before update_weights: {'gpu': '1', 'total_GB': 94.97, 'free_GB': 87.65, 'used_GB': 7.32, 'allocated_GB': 16.01, 'reserved_GB': 18.15, 'host_total_GB': 1133.56, 'host_available_GB': 741.28, 'host_used_GB': 392.27, 'host_free_GB': 84.42}
[2026-08-15 10:22:50] memory_utils.py:47 - [Rank 1] Memory-Usage after update_weights: {'gpu': '1', 'total_GB': 94.97, 'free_GB': 87.67, 'used_GB': 7.3, 'allocated_GB': 16.01, 'reserved_GB': 18.15, 'host_total_GB': 1133.56, 'host_available_GB': 741.25, 'host_used_GB': 392.3, 'host_free_GB': 84.3}
[2026-08-15 10:22:50] reloadable_process_group.py:100 - Destroyed default nccl WORLD process group and initialized a temporary Gloo WORLD (generation 449)
[2026-08-15 10:24:10] memory_utils.py:47 - [Rank 1] Memory-Usage before wake_up model: {'gpu': '1', 'total_GB': 94.97, 'free_GB': 90.93, 'used_GB': 4.04, 'allocated_GB': 16.01, 'reserved_GB': 18.15, 'host_total_GB': 1133.56, 'host_available_GB': 742.32, 'host_used_GB': 391.24, 'host_free_GB': 84.6}
[2026-08-15 10:24:13] reloadable_process_group.py:121 - Reloaded default WORLD process group with backend nccl (generation 450)
[2026-08-15 10:24:13] reloadable_process_group.py:331 - Reloading 57 process groups in pid 31657: {'nccl': 50, 'gloo': 7}
[2026-08-15 10:24:13] memory_utils.py:47 - [Rank 1] Memory-Usage after wake_up model: {'gpu': '1', 'total_GB': 94.97, 'free_GB': 72.79, 'used_GB': 22.18, 'allocated_GB': 16.01, 'reserved_GB': 18.15, 'host_total_GB': 1133.56, 'host_available_GB': 776.36, 'host_used_GB': 357.19, 'host_free_GB': 118.64}
[2026-08-15 10:24:20] memory_utils.py:47 - [Rank 1] Memory-Usage before offload model: {'gpu': '1', 'total_GB': 94.97, 'free_GB': 71.99, 'used_GB': 22.98, 'allocated_GB': 16.01, 'reserved_GB': 18.15, 'host_total_GB': 1133.56, 'host_available_GB': 775.9, 'host_used_GB': 357.66, 'host_free_GB': 118.18}
[2026-08-15 10:24:21] reloadable_process_group.py:100 - Destroyed default nccl WORLD process group and initialized a temporary Gloo WORLD (generation 451)
[2026-08-15 10:24:27] memory_utils.py:47 - [Rank 1] Memory-Usage after offload model: {'gpu': '1', 'total_GB': 94.97, 'free_GB': 90.93, 'used_GB': 4.04, 'allocated_GB': 16.01, 'reserved_GB': 18.15, 'host_total_GB': 1133.56, 'host_available_GB': 743.13, 'host_used_GB': 390.43, 'host_free_GB': 85.4}
[2026-08-15 10:24:28] reloadable_process_group.py:121 - Reloaded default WORLD process group with backend nccl (generation 452)
[2026-08-15 10:24:28] reloadable_process_group.py:331 - Reloading 57 process groups in pid 31657: {'nccl': 50, 'gloo': 7}
[2026-08-15 10:24:28] memory_utils.py:47 - [Rank 1] Memory-Usage before update_weights: {'gpu': '1', 'total_GB': 94.97, 'free_GB': 87.65, 'used_GB': 7.32, 'allocated_GB': 16.01, 'reserved_GB': 18.15, 'host_total_GB': 1133.56, 'host_available_GB': 742.26, 'host_used_GB': 391.29, 'host_free_GB': 84.54}
[2026-08-15 10:24:28] memory_utils.py:47 - [Rank 1] Memory-Usage after update_weights: {'gpu': '1', 'total_GB': 94.97, 'free_GB': 87.67, 'used_GB': 7.3, 'allocated_GB': 16.01, 'reserved_GB': 18.15, 'host_total_GB': 1133.56, 'host_available_GB': 742.27, 'host_used_GB': 391.29, 'host_free_GB': 84.54}
[2026-08-15 10:24:28] reloadable_process_group.py:100 - Destroyed default nccl WORLD process group and initialized a temporary Gloo WORLD (generation 453)
[2026-08-15 10:25:47] memory_utils.py:47 - [Rank 1] Memory-Usage before wake_up model: {'gpu': '1', 'total_GB': 94.97, 'free_GB': 90.93, 'used_GB': 4.04, 'allocated_GB': 16.01, 'reserved_GB': 18.15, 'host_total_GB': 1133.56, 'host_available_GB': 741.06, 'host_used_GB': 392.5, 'host_free_GB': 15.96}
[2026-08-15 10:25:51] reloadable_process_group.py:121 - Reloaded default WORLD process group with backend nccl (generation 454)
[2026-08-15 10:25:51] reloadable_process_group.py:331 - Reloading 57 process groups in pid 31657: {'nccl': 50, 'gloo': 7}
[2026-08-15 10:25:51] memory_utils.py:47 - [Rank 1] Memory-Usage after wake_up model: {'gpu': '1', 'total_GB': 94.97, 'free_GB': 72.79, 'used_GB': 22.18, 'allocated_GB': 16.01, 'reserved_GB': 18.15, 'host_total_GB': 1133.56, 'host_available_GB': 774.18, 'host_used_GB': 359.38, 'host_free_GB': 48.21}
[2026-08-15 10:26:03] memory_utils.py:47 - [Rank 1] Memory-Usage before offload model: {'gpu': '1', 'total_GB': 94.97, 'free_GB': 71.99, 'used_GB': 22.98, 'allocated_GB': 16.01, 'reserved_GB': 18.15, 'host_total_GB': 1133.56, 'host_available_GB': 773.52, 'host_used_GB': 360.04, 'host_free_GB': 46.86}
[2026-08-15 10:26:04] reloadable_process_group.py:100 - Destroyed default nccl WORLD process group and initialized a temporary Gloo WORLD (generation 455)
[2026-08-15 10:26:10] memory_utils.py:47 - [Rank 1] Memory-Usage after offload model: {'gpu': '1', 'total_GB': 94.97, 'free_GB': 90.93, 'used_GB': 4.04, 'allocated_GB': 16.01, 'reserved_GB': 18.15, 'host_total_GB': 1133.56, 'host_available_GB': 742.52, 'host_used_GB': 391.04, 'host_free_GB': 17.81}
[2026-08-15 10:26:11] reloadable_process_group.py:121 - Reloaded default WORLD process group with backend nccl (generation 456)
[2026-08-15 10:26:11] reloadable_process_group.py:331 - Reloading 57 process groups in pid 31657: {'nccl': 50, 'gloo': 7}
[2026-08-15 10:26:11] memory_utils.py:47 - [Rank 1] Memory-Usage before update_weights: {'gpu': '1', 'total_GB': 94.97, 'free_GB': 87.65, 'used_GB': 7.32, 'allocated_GB': 16.01, 'reserved_GB': 18.15, 'host_total_GB': 1133.56, 'host_available_GB': 744.1, 'host_used_GB': 389.46, 'host_free_GB': 22.82}
[2026-08-15 10:26:11] memory_utils.py:47 - [Rank 1] Memory-Usage after update_weights: {'gpu': '1', 'total_GB': 94.97, 'free_GB': 87.67, 'used_GB': 7.3, 'allocated_GB': 16.01, 'reserved_GB': 18.15, 'host_total_GB': 1133.56, 'host_available_GB': 745.31, 'host_used_GB': 388.25, 'host_free_GB': 22.74}
[2026-08-15 10:26:11] reloadable_process_group.py:100 - Destroyed default nccl WORLD process group and initialized a temporary Gloo WORLD (generation 457)
[2026-08-15 10:27:31] memory_utils.py:47 - [Rank 1] Memory-Usage before wake_up model: {'gpu': '1', 'total_GB': 94.97, 'free_GB': 90.93, 'used_GB': 4.04, 'allocated_GB': 16.01, 'reserved_GB': 18.15, 'host_total_GB': 1133.56, 'host_available_GB': 740.32, 'host_used_GB': 393.24, 'host_free_GB': 24.26}
[2026-08-15 10:27:34] reloadable_process_group.py:121 - Reloaded default WORLD process group with backend nccl (generation 458)
[2026-08-15 10:27:34] reloadable_process_group.py:331 - Reloading 57 process groups in pid 31657: {'nccl': 50, 'gloo': 7}
[2026-08-15 10:27:35] memory_utils.py:47 - [Rank 1] Memory-Usage after wake_up model: {'gpu': '1', 'total_GB': 94.97, 'free_GB': 72.79, 'used_GB': 22.18, 'allocated_GB': 16.01, 'reserved_GB': 18.15, 'host_total_GB': 1133.56, 'host_available_GB': 774.45, 'host_used_GB': 359.11, 'host_free_GB': 58.39}
[2026-08-15 10:27:42] memory_utils.py:47 - [Rank 1] Memory-Usage before offload model: {'gpu': '1', 'total_GB': 94.97, 'free_GB': 71.99, 'used_GB': 22.98, 'allocated_GB': 16.01, 'reserved_GB': 18.15, 'host_total_GB': 1133.56, 'host_available_GB': 774.26, 'host_used_GB': 359.29, 'host_free_GB': 58.21}
[2026-08-15 10:27:44] reloadable_process_group.py:100 - Destroyed default nccl WORLD process group and initialized a temporary Gloo WORLD (generation 459)
[2026-08-15 10:27:49] memory_utils.py:47 - [Rank 1] Memory-Usage after offload model: {'gpu': '1', 'total_GB': 94.97, 'free_GB': 90.93, 'used_GB': 4.04, 'allocated_GB': 16.01, 'reserved_GB': 18.15, 'host_total_GB': 1133.56, 'host_available_GB': 741.77, 'host_used_GB': 391.79, 'host_free_GB': 25.72}
[2026-08-15 10:27:50] reloadable_process_group.py:121 - Reloaded default WORLD process group with backend nccl (generation 460)
[2026-08-15 10:27:50] reloadable_process_group.py:331 - Reloading 57 process groups in pid 31657: {'nccl': 50, 'gloo': 7}
[2026-08-15 10:27:50] memory_utils.py:47 - [Rank 1] Memory-Usage before update_weights: {'gpu': '1', 'total_GB': 94.97, 'free_GB': 87.65, 'used_GB': 7.32, 'allocated_GB': 16.01, 'reserved_GB': 18.15, 'host_total_GB': 1133.56, 'host_available_GB': 740.75, 'host_used_GB': 392.81, 'host_free_GB': 24.7}
[2026-08-15 10:27:50] memory_utils.py:47 - [Rank 1] Memory-Usage after update_weights: {'gpu': '1', 'total_GB': 94.97, 'free_GB': 87.67, 'used_GB': 7.3, 'allocated_GB': 16.01, 'reserved_GB': 18.15, 'host_total_GB': 1133.56, 'host_available_GB': 740.76, 'host_used_GB': 392.8, 'host_free_GB': 24.7}
[2026-08-15 10:27:51] reloadable_process_group.py:100 - Destroyed default nccl WORLD process group and initialized a temporary Gloo WORLD (generation 461)
[2026-08-15 10:29:09] memory_utils.py:47 - [Rank 1] Memory-Usage before wake_up model: {'gpu': '1', 'total_GB': 94.97, 'free_GB': 90.93, 'used_GB': 4.04, 'allocated_GB': 16.01, 'reserved_GB': 18.15, 'host_total_GB': 1133.56, 'host_available_GB': 740.2, 'host_used_GB': 393.36, 'host_free_GB': 25.56}
[2026-08-15 10:29:13] reloadable_process_group.py:121 - Reloaded default WORLD process group with backend nccl (generation 462)
[2026-08-15 10:29:13] reloadable_process_group.py:331 - Reloading 57 process groups in pid 31657: {'nccl': 50, 'gloo': 7}
[2026-08-15 10:29:13] memory_utils.py:47 - [Rank 1] Memory-Usage after wake_up model: {'gpu': '1', 'total_GB': 94.97, 'free_GB': 72.79, 'used_GB': 22.18, 'allocated_GB': 16.01, 'reserved_GB': 18.15, 'host_total_GB': 1133.56, 'host_available_GB': 774.64, 'host_used_GB': 358.92, 'host_free_GB': 62.27}
[2026-08-15 10:29:20] memory_utils.py:47 - [Rank 1] Memory-Usage before offload model: {'gpu': '1', 'total_GB': 94.97, 'free_GB': 71.99, 'used_GB': 22.98, 'allocated_GB': 16.01, 'reserved_GB': 18.15, 'host_total_GB': 1133.56, 'host_available_GB': 773.15, 'host_used_GB': 360.41, 'host_free_GB': 59.97}
[2026-08-15 10:29:21] reloadable_process_group.py:100 - Destroyed default nccl WORLD process group and initialized a temporary Gloo WORLD (generation 463)
[2026-08-15 10:29:27] memory_utils.py:47 - [Rank 1] Memory-Usage after offload model: {'gpu': '1', 'total_GB': 94.97, 'free_GB': 90.93, 'used_GB': 4.04, 'allocated_GB': 16.01, 'reserved_GB': 18.15, 'host_total_GB': 1133.56, 'host_available_GB': 740.23, 'host_used_GB': 393.33, 'host_free_GB': 26.48}
[2026-08-15 10:29:27] reloadable_process_group.py:121 - Reloaded default WORLD process group with backend nccl (generation 464)
[2026-08-15 10:29:27] reloadable_process_group.py:331 - Reloading 57 process groups in pid 31657: {'nccl': 50, 'gloo': 7}
[2026-08-15 10:29:27] memory_utils.py:47 - [Rank 1] Memory-Usage before update_weights: {'gpu': '1', 'total_GB': 94.97, 'free_GB': 87.65, 'used_GB': 7.32, 'allocated_GB': 16.01, 'reserved_GB': 18.15, 'host_total_GB': 1133.56, 'host_available_GB': 739.33, 'host_used_GB': 394.23, 'host_free_GB': 25.46}
[2026-08-15 10:29:28] memory_utils.py:47 - [Rank 1] Memory-Usage after update_weights: {'gpu': '1', 'total_GB': 94.97, 'free_GB': 87.67, 'used_GB': 7.3, 'allocated_GB': 16.01, 'reserved_GB': 18.15, 'host_total_GB': 1133.56, 'host_available_GB': 739.25, 'host_used_GB': 394.3, 'host_free_GB': 25.19}
[2026-08-15 10:29:28] reloadable_process_group.py:100 - Destroyed default nccl WORLD process group and initialized a temporary Gloo WORLD (generation 465)
[2026-08-15 10:30:47] memory_utils.py:47 - [Rank 1] Memory-Usage before wake_up model: {'gpu': '1', 'total_GB': 94.97, 'free_GB': 90.93, 'used_GB': 4.04, 'allocated_GB': 16.01, 'reserved_GB': 18.15, 'host_total_GB': 1133.56, 'host_available_GB': 741.27, 'host_used_GB': 392.29, 'host_free_GB': 31.72}
[2026-08-15 10:30:51] reloadable_process_group.py:121 - Reloaded default WORLD process group with backend nccl (generation 466)
[2026-08-15 10:30:51] reloadable_process_group.py:331 - Reloading 57 process groups in pid 31657: {'nccl': 50, 'gloo': 7}
[2026-08-15 10:30:51] memory_utils.py:47 - [Rank 1] Memory-Usage after wake_up model: {'gpu': '1', 'total_GB': 94.97, 'free_GB': 72.79, 'used_GB': 22.18, 'allocated_GB': 16.01, 'reserved_GB': 18.15, 'host_total_GB': 1133.56, 'host_available_GB': 775.24, 'host_used_GB': 358.31, 'host_free_GB': 65.69}
[2026-08-15 10:30:58] memory_utils.py:47 - [Rank 1] Memory-Usage before offload model: {'gpu': '1', 'total_GB': 94.97, 'free_GB': 71.99, 'used_GB': 22.98, 'allocated_GB': 16.01, 'reserved_GB': 18.15, 'host_total_GB': 1133.56, 'host_available_GB': 774.67, 'host_used_GB': 358.89, 'host_free_GB': 65.12}
[2026-08-15 10:31:00] reloadable_process_group.py:100 - Destroyed default nccl WORLD process group and initialized a temporary Gloo WORLD (generation 467)
[2026-08-15 10:31:05] memory_utils.py:47 - [Rank 1] Memory-Usage after offload model: {'gpu': '1', 'total_GB': 94.97, 'free_GB': 90.93, 'used_GB': 4.04, 'allocated_GB': 16.01, 'reserved_GB': 18.15, 'host_total_GB': 1133.56, 'host_available_GB': 741.96, 'host_used_GB': 391.6, 'host_free_GB': 32.41}
[2026-08-15 10:31:06] reloadable_process_group.py:121 - Reloaded default WORLD process group with backend nccl (generation 468)
[2026-08-15 10:31:06] reloadable_process_group.py:331 - Reloading 57 process groups in pid 31657: {'nccl': 50, 'gloo': 7}
[2026-08-15 10:31:06] memory_utils.py:47 - [Rank 1] Memory-Usage before update_weights: {'gpu': '1', 'total_GB': 94.97, 'free_GB': 87.65, 'used_GB': 7.32, 'allocated_GB': 16.01, 'reserved_GB': 18.15, 'host_total_GB': 1133.56, 'host_available_GB': 741.03, 'host_used_GB': 392.53, 'host_free_GB': 31.49}
[2026-08-15 10:31:06] memory_utils.py:47 - [Rank 1] Memory-Usage after update_weights: {'gpu': '1', 'total_GB': 94.97, 'free_GB': 87.67, 'used_GB': 7.3, 'allocated_GB': 16.01, 'reserved_GB': 18.15, 'host_total_GB': 1133.56, 'host_available_GB': 741.03, 'host_used_GB': 392.53, 'host_free_GB': 31.48}
[2026-08-15 10:31:07] reloadable_process_group.py:100 - Destroyed default nccl WORLD process group and initialized a temporary Gloo WORLD (generation 469)
[2026-08-15 10:32:26] memory_utils.py:47 - [Rank 1] Memory-Usage before wake_up model: {'gpu': '1', 'total_GB': 94.97, 'free_GB': 90.93, 'used_GB': 4.04, 'allocated_GB': 16.01, 'reserved_GB': 18.15, 'host_total_GB': 1133.56, 'host_available_GB': 740.83, 'host_used_GB': 392.73, 'host_free_GB': 36.84}
[2026-08-15 10:32:29] reloadable_process_group.py:121 - Reloaded default WORLD process group with backend nccl (generation 470)
[2026-08-15 10:32:29] reloadable_process_group.py:331 - Reloading 57 process groups in pid 31657: {'nccl': 50, 'gloo': 7}
[2026-08-15 10:32:29] memory_utils.py:47 - [Rank 1] Memory-Usage after wake_up model: {'gpu': '1', 'total_GB': 94.97, 'free_GB': 72.79, 'used_GB': 22.18, 'allocated_GB': 16.01, 'reserved_GB': 18.15, 'host_total_GB': 1133.56, 'host_available_GB': 774.48, 'host_used_GB': 359.08, 'host_free_GB': 70.49}
[2026-08-15 10:32:42] memory_utils.py:47 - [Rank 1] Memory-Usage before offload model: {'gpu': '1', 'total_GB': 94.97, 'free_GB': 71.99, 'used_GB': 22.98, 'allocated_GB': 16.01, 'reserved_GB': 18.15, 'host_total_GB': 1133.56, 'host_available_GB': 773.8, 'host_used_GB': 359.76, 'host_free_GB': 69.81}
[2026-08-15 10:32:43] reloadable_process_group.py:100 - Destroyed default nccl WORLD process group and initialized a temporary Gloo WORLD (generation 471)
[2026-08-15 10:32:49] memory_utils.py:47 - [Rank 1] Memory-Usage after offload model: {'gpu': '1', 'total_GB': 94.97, 'free_GB': 90.93, 'used_GB': 4.04, 'allocated_GB': 16.01, 'reserved_GB': 18.15, 'host_total_GB': 1133.56, 'host_available_GB': 741.11, 'host_used_GB': 392.44, 'host_free_GB': 37.13}
[2026-08-15 10:32:49] reloadable_process_group.py:121 - Reloaded default WORLD process group with backend nccl (generation 472)
[2026-08-15 10:32:49] reloadable_process_group.py:331 - Reloading 57 process groups in pid 31657: {'nccl': 50, 'gloo': 7}
[2026-08-15 10:32:49] memory_utils.py:47 - [Rank 1] Memory-Usage before update_weights: {'gpu': '1', 'total_GB': 94.97, 'free_GB': 87.65, 'used_GB': 7.32, 'allocated_GB': 16.01, 'reserved_GB': 18.15, 'host_total_GB': 1133.56, 'host_available_GB': 740.21, 'host_used_GB': 393.34, 'host_free_GB': 36.23}
[2026-08-15 10:32:50] memory_utils.py:47 - [Rank 1] Memory-Usage after update_weights: {'gpu': '1', 'total_GB': 94.97, 'free_GB': 87.67, 'used_GB': 7.3, 'allocated_GB': 16.01, 'reserved_GB': 18.15, 'host_total_GB': 1133.56, 'host_available_GB': 740.22, 'host_used_GB': 393.34, 'host_free_GB': 36.23}
[2026-08-15 10:32:50] reloadable_process_group.py:100 - Destroyed default nccl WORLD process group and initialized a temporary Gloo WORLD (generation 473)
[2026-08-15 10:34:09] memory_utils.py:47 - [Rank 1] Memory-Usage before wake_up model: {'gpu': '1', 'total_GB': 94.97, 'free_GB': 90.93, 'used_GB': 4.04, 'allocated_GB': 16.01, 'reserved_GB': 18.15, 'host_total_GB': 1133.56, 'host_available_GB': 740.07, 'host_used_GB': 393.49, 'host_free_GB': 36.04}
[2026-08-15 10:34:12] reloadable_process_group.py:121 - Reloaded default WORLD process group with backend nccl (generation 474)
[2026-08-15 10:34:12] reloadable_process_group.py:331 - Reloading 57 process groups in pid 31657: {'nccl': 50, 'gloo': 7}
[2026-08-15 10:34:13] memory_utils.py:47 - [Rank 1] Memory-Usage after wake_up model: {'gpu': '1', 'total_GB': 94.97, 'free_GB': 72.79, 'used_GB': 22.18, 'allocated_GB': 16.01, 'reserved_GB': 18.15, 'host_total_GB': 1133.56, 'host_available_GB': 773.98, 'host_used_GB': 359.58, 'host_free_GB': 69.95}
[2026-08-15 10:34:20] memory_utils.py:47 - [Rank 1] Memory-Usage before offload model: {'gpu': '1', 'total_GB': 94.97, 'free_GB': 71.99, 'used_GB': 22.98, 'allocated_GB': 16.01, 'reserved_GB': 18.15, 'host_total_GB': 1133.56, 'host_available_GB': 773.62, 'host_used_GB': 359.94, 'host_free_GB': 72.43}
[2026-08-15 10:34:21] reloadable_process_group.py:100 - Destroyed default nccl WORLD process group and initialized a temporary Gloo WORLD (generation 475)
[2026-08-15 10:34:27] memory_utils.py:47 - [Rank 1] Memory-Usage after offload model: {'gpu': '1', 'total_GB': 94.97, 'free_GB': 90.93, 'used_GB': 4.04, 'allocated_GB': 16.01, 'reserved_GB': 18.15, 'host_total_GB': 1133.56, 'host_available_GB': 741.77, 'host_used_GB': 391.78, 'host_free_GB': 40.58}
[2026-08-15 10:34:28] reloadable_process_group.py:121 - Reloaded default WORLD process group with backend nccl (generation 476)
[2026-08-15 10:34:28] reloadable_process_group.py:331 - Reloading 57 process groups in pid 31657: {'nccl': 50, 'gloo': 7}
[2026-08-15 10:34:28] memory_utils.py:47 - [Rank 1] Memory-Usage before update_weights: {'gpu': '1', 'total_GB': 94.97, 'free_GB': 87.65, 'used_GB': 7.32, 'allocated_GB': 16.01, 'reserved_GB': 18.15, 'host_total_GB': 1133.56, 'host_available_GB': 740.68, 'host_used_GB': 392.88, 'host_free_GB': 39.49}
[2026-08-15 10:34:28] memory_utils.py:47 - [Rank 1] Memory-Usage after update_weights: {'gpu': '1', 'total_GB': 94.97, 'free_GB': 87.67, 'used_GB': 7.3, 'allocated_GB': 16.01, 'reserved_GB': 18.15, 'host_total_GB': 1133.56, 'host_available_GB': 740.68, 'host_used_GB': 392.87, 'host_free_GB': 39.5}
[2026-08-15 10:34:28] reloadable_process_group.py:100 - Destroyed default nccl WORLD process group and initialized a temporary Gloo WORLD (generation 477)
[2026-08-15 10:35:46] memory_utils.py:47 - [Rank 1] Memory-Usage before wake_up model: {'gpu': '1', 'total_GB': 94.97, 'free_GB': 90.93, 'used_GB': 4.04, 'allocated_GB': 16.01, 'reserved_GB': 18.15, 'host_total_GB': 1133.56, 'host_available_GB': 740.19, 'host_used_GB': 393.37, 'host_free_GB': 44.64}
[2026-08-15 10:35:49] reloadable_process_group.py:121 - Reloaded default WORLD process group with backend nccl (generation 478)
[2026-08-15 10:35:49] reloadable_process_group.py:331 - Reloading 57 process groups in pid 31657: {'nccl': 50, 'gloo': 7}
[2026-08-15 10:35:50] memory_utils.py:47 - [Rank 1] Memory-Usage after wake_up model: {'gpu': '1', 'total_GB': 94.97, 'free_GB': 72.79, 'used_GB': 22.18, 'allocated_GB': 16.01, 'reserved_GB': 18.15, 'host_total_GB': 1133.56, 'host_available_GB': 774.26, 'host_used_GB': 359.3, 'host_free_GB': 78.86}
[2026-08-15 10:35:56] memory_utils.py:47 - [Rank 1] Memory-Usage before offload model: {'gpu': '1', 'total_GB': 94.97, 'free_GB': 71.99, 'used_GB': 22.98, 'allocated_GB': 16.01, 'reserved_GB': 18.15, 'host_total_GB': 1133.56, 'host_available_GB': 773.7, 'host_used_GB': 359.86, 'host_free_GB': 78.3}
[2026-08-15 10:35:57] reloadable_process_group.py:100 - Destroyed default nccl WORLD process group and initialized a temporary Gloo WORLD (generation 479)
[2026-08-15 10:36:03] memory_utils.py:47 - [Rank 1] Memory-Usage after offload model: {'gpu': '1', 'total_GB': 94.97, 'free_GB': 90.93, 'used_GB': 4.04, 'allocated_GB': 16.01, 'reserved_GB': 18.15, 'host_total_GB': 1133.56, 'host_available_GB': 741.33, 'host_used_GB': 392.23, 'host_free_GB': 45.93}
[2026-08-15 10:36:04] reloadable_process_group.py:121 - Reloaded default WORLD process group with backend nccl (generation 480)
[2026-08-15 10:36:04] reloadable_process_group.py:331 - Reloading 57 process groups in pid 31657: {'nccl': 50, 'gloo': 7}
[2026-08-15 10:36:04] memory_utils.py:47 - [Rank 1] Memory-Usage before update_weights: {'gpu': '1', 'total_GB': 94.97, 'free_GB': 87.65, 'used_GB': 7.32, 'allocated_GB': 16.01, 'reserved_GB': 18.15, 'host_total_GB': 1133.56, 'host_available_GB': 740.26, 'host_used_GB': 393.29, 'host_free_GB': 44.86}
[2026-08-15 10:36:05] memory_utils.py:47 - [Rank 1] Memory-Usage after update_weights: {'gpu': '1', 'total_GB': 94.97, 'free_GB': 87.67, 'used_GB': 7.3, 'allocated_GB': 16.01, 'reserved_GB': 18.15, 'host_total_GB': 1133.56, 'host_available_GB': 740.27, 'host_used_GB': 393.29, 'host_free_GB': 44.87}
[2026-08-15 10:36:05] reloadable_process_group.py:100 - Destroyed default nccl WORLD process group and initialized a temporary Gloo WORLD (generation 481)
[2026-08-15 10:37:24] memory_utils.py:47 - [Rank 1] Memory-Usage before wake_up model: {'gpu': '1', 'total_GB': 94.97, 'free_GB': 90.93, 'used_GB': 4.04, 'allocated_GB': 16.01, 'reserved_GB': 18.15, 'host_total_GB': 1133.56, 'host_available_GB': 740.39, 'host_used_GB': 393.17, 'host_free_GB': 50.63}
[2026-08-15 10:37:27] reloadable_process_group.py:121 - Reloaded default WORLD process group with backend nccl (generation 482)
[2026-08-15 10:37:27] reloadable_process_group.py:331 - Reloading 57 process groups in pid 31657: {'nccl': 50, 'gloo': 7}
[2026-08-15 10:37:27] memory_utils.py:47 - [Rank 1] Memory-Usage after wake_up model: {'gpu': '1', 'total_GB': 94.97, 'free_GB': 72.79, 'used_GB': 22.18, 'allocated_GB': 16.01, 'reserved_GB': 18.15, 'host_total_GB': 1133.56, 'host_available_GB': 774.29, 'host_used_GB': 359.27, 'host_free_GB': 84.52}
[2026-08-15 10:37:34] memory_utils.py:47 - [Rank 1] Memory-Usage before offload model: {'gpu': '1', 'total_GB': 94.97, 'free_GB': 71.99, 'used_GB': 22.98, 'allocated_GB': 16.01, 'reserved_GB': 18.15, 'host_total_GB': 1133.56, 'host_available_GB': 773.76, 'host_used_GB': 359.8, 'host_free_GB': 83.99}
[2026-08-15 10:37:36] reloadable_process_group.py:100 - Destroyed default nccl WORLD process group and initialized a temporary Gloo WORLD (generation 483)
[2026-08-15 10:37:41] memory_utils.py:47 - [Rank 1] Memory-Usage after offload model: {'gpu': '1', 'total_GB': 94.97, 'free_GB': 90.93, 'used_GB': 4.04, 'allocated_GB': 16.01, 'reserved_GB': 18.15, 'host_total_GB': 1133.56, 'host_available_GB': 741.04, 'host_used_GB': 392.52, 'host_free_GB': 51.27}
[2026-08-15 10:37:42] reloadable_process_group.py:121 - Reloaded default WORLD process group with backend nccl (generation 484)
[2026-08-15 10:37:42] reloadable_process_group.py:331 - Reloading 57 process groups in pid 31657: {'nccl': 50, 'gloo': 7}
[2026-08-15 10:37:42] memory_utils.py:47 - [Rank 1] Memory-Usage before update_weights: {'gpu': '1', 'total_GB': 94.97, 'free_GB': 87.65, 'used_GB': 7.32, 'allocated_GB': 16.01, 'reserved_GB': 18.15, 'host_total_GB': 1133.56, 'host_available_GB': 740.22, 'host_used_GB': 393.34, 'host_free_GB': 50.45}
[2026-08-15 10:37:42] memory_utils.py:47 - [Rank 1] Memory-Usage after update_weights: {'gpu': '1', 'total_GB': 94.97, 'free_GB': 87.67, 'used_GB': 7.3, 'allocated_GB': 16.01, 'reserved_GB': 18.15, 'host_total_GB': 1133.56, 'host_available_GB': 740.24, 'host_used_GB': 393.32, 'host_free_GB': 50.48}
[2026-08-15 10:37:42] reloadable_process_group.py:100 - Destroyed default nccl WORLD process group and initialized a temporary Gloo WORLD (generation 485)
[2026-08-15 10:39:01] memory_utils.py:47 - [Rank 1] Memory-Usage before wake_up model: {'gpu': '1', 'total_GB': 94.97, 'free_GB': 90.93, 'used_GB': 4.04, 'allocated_GB': 16.01, 'reserved_GB': 18.15, 'host_total_GB': 1133.56, 'host_available_GB': 740.2, 'host_used_GB': 393.36, 'host_free_GB': 53.25}
[2026-08-15 10:39:04] reloadable_process_group.py:121 - Reloaded default WORLD process group with backend nccl (generation 486)
[2026-08-15 10:39:04] reloadable_process_group.py:331 - Reloading 57 process groups in pid 31657: {'nccl': 50, 'gloo': 7}
[2026-08-15 10:39:04] memory_utils.py:47 - [Rank 1] Memory-Usage after wake_up model: {'gpu': '1', 'total_GB': 94.97, 'free_GB': 72.79, 'used_GB': 22.18, 'allocated_GB': 16.01, 'reserved_GB': 18.15, 'host_total_GB': 1133.56, 'host_available_GB': 774.16, 'host_used_GB': 359.39, 'host_free_GB': 87.22}
[2026-08-15 10:39:16] memory_utils.py:47 - [Rank 1] Memory-Usage before offload model: {'gpu': '1', 'total_GB': 94.97, 'free_GB': 71.99, 'used_GB': 22.98, 'allocated_GB': 16.0, 'reserved_GB': 18.15, 'host_total_GB': 1133.56, 'host_available_GB': 773.78, 'host_used_GB': 359.78, 'host_free_GB': 86.83}
[2026-08-15 10:39:17] reloadable_process_group.py:100 - Destroyed default nccl WORLD process group and initialized a temporary Gloo WORLD (generation 487)
[2026-08-15 10:39:23] memory_utils.py:47 - [Rank 1] Memory-Usage after offload model: {'gpu': '1', 'total_GB': 94.97, 'free_GB': 90.93, 'used_GB': 4.04, 'allocated_GB': 16.0, 'reserved_GB': 18.15, 'host_total_GB': 1133.56, 'host_available_GB': 741.41, 'host_used_GB': 392.15, 'host_free_GB': 54.46}
[2026-08-15 10:39:23] reloadable_process_group.py:121 - Reloaded default WORLD process group with backend nccl (generation 488)
[2026-08-15 10:39:23] reloadable_process_group.py:331 - Reloading 57 process groups in pid 31657: {'nccl': 50, 'gloo': 7}
[2026-08-15 10:39:23] memory_utils.py:47 - [Rank 1] Memory-Usage before update_weights: {'gpu': '1', 'total_GB': 94.97, 'free_GB': 87.65, 'used_GB': 7.32, 'allocated_GB': 16.0, 'reserved_GB': 18.15, 'host_total_GB': 1133.56, 'host_available_GB': 740.23, 'host_used_GB': 393.33, 'host_free_GB': 53.28}
[2026-08-15 10:39:24] memory_utils.py:47 - [Rank 1] Memory-Usage after update_weights: {'gpu': '1', 'total_GB': 94.97, 'free_GB': 87.67, 'used_GB': 7.3, 'allocated_GB': 16.0, 'reserved_GB': 18.15, 'host_total_GB': 1133.56, 'host_available_GB': 740.25, 'host_used_GB': 393.31, 'host_free_GB': 53.3}
[2026-08-15 10:39:24] reloadable_process_group.py:100 - Destroyed default nccl WORLD process group and initialized a temporary Gloo WORLD (generation 489)
[2026-08-15 10:40:43] memory_utils.py:47 - [Rank 1] Memory-Usage before wake_up model: {'gpu': '1', 'total_GB': 94.97, 'free_GB': 90.93, 'used_GB': 4.04, 'allocated_GB': 16.0, 'reserved_GB': 18.15, 'host_total_GB': 1133.56, 'host_available_GB': 740.29, 'host_used_GB': 393.27, 'host_free_GB': 53.33}
[2026-08-15 10:40:46] reloadable_process_group.py:121 - Reloaded default WORLD process group with backend nccl (generation 490)
[2026-08-15 10:40:46] reloadable_process_group.py:331 - Reloading 57 process groups in pid 31657: {'nccl': 50, 'gloo': 7}
[2026-08-15 10:40:47] memory_utils.py:47 - [Rank 1] Memory-Usage after wake_up model: {'gpu': '1', 'total_GB': 94.97, 'free_GB': 72.79, 'used_GB': 22.18, 'allocated_GB': 16.0, 'reserved_GB': 18.15, 'host_total_GB': 1133.56, 'host_available_GB': 774.21, 'host_used_GB': 359.34, 'host_free_GB': 87.25}
[2026-08-15 10:40:54] memory_utils.py:47 - [Rank 1] Memory-Usage before offload model: {'gpu': '1', 'total_GB': 94.97, 'free_GB': 71.99, 'used_GB': 22.98, 'allocated_GB': 16.0, 'reserved_GB': 18.15, 'host_total_GB': 1133.56, 'host_available_GB': 773.75, 'host_used_GB': 359.8, 'host_free_GB': 86.79}
[2026-08-15 10:40:55] reloadable_process_group.py:100 - Destroyed default nccl WORLD process group and initialized a temporary Gloo WORLD (generation 491)
[2026-08-15 10:41:00] memory_utils.py:47 - [Rank 1] Memory-Usage after offload model: {'gpu': '1', 'total_GB': 94.97, 'free_GB': 90.93, 'used_GB': 4.04, 'allocated_GB': 16.0, 'reserved_GB': 18.15, 'host_total_GB': 1133.56, 'host_available_GB': 741.15, 'host_used_GB': 392.41, 'host_free_GB': 54.19}
[2026-08-15 10:41:01] reloadable_process_group.py:121 - Reloaded default WORLD process group with backend nccl (generation 492)
[2026-08-15 10:41:01] reloadable_process_group.py:331 - Reloading 57 process groups in pid 31657: {'nccl': 50, 'gloo': 7}
[2026-08-15 10:41:01] memory_utils.py:47 - [Rank 1] Memory-Usage before update_weights: {'gpu': '1', 'total_GB': 94.97, 'free_GB': 87.65, 'used_GB': 7.32, 'allocated_GB': 16.0, 'reserved_GB': 18.15, 'host_total_GB': 1133.56, 'host_available_GB': 740.03, 'host_used_GB': 393.53, 'host_free_GB': 53.07}
[2026-08-15 10:41:01] memory_utils.py:47 - [Rank 1] Memory-Usage after update_weights: {'gpu': '1', 'total_GB': 94.97, 'free_GB': 87.67, 'used_GB': 7.3, 'allocated_GB': 16.0, 'reserved_GB': 18.15, 'host_total_GB': 1133.56, 'host_available_GB': 739.83, 'host_used_GB': 393.73, 'host_free_GB': 52.87}
[2026-08-15 10:41:02] reloadable_process_group.py:100 - Destroyed default nccl WORLD process group and initialized a temporary Gloo WORLD (generation 493)
[2026-08-15 10:42:21] memory_utils.py:47 - [Rank 1] Memory-Usage before wake_up model: {'gpu': '1', 'total_GB': 94.97, 'free_GB': 90.93, 'used_GB': 4.04, 'allocated_GB': 16.0, 'reserved_GB': 18.15, 'host_total_GB': 1133.56, 'host_available_GB': 740.47, 'host_used_GB': 393.09, 'host_free_GB': 53.48}
[2026-08-15 10:42:24] reloadable_process_group.py:121 - Reloaded default WORLD process group with backend nccl (generation 494)
[2026-08-15 10:42:24] reloadable_process_group.py:331 - Reloading 57 process groups in pid 31657: {'nccl': 50, 'gloo': 7}
[2026-08-15 10:42:24] memory_utils.py:47 - [Rank 1] Memory-Usage after wake_up model: {'gpu': '1', 'total_GB': 94.97, 'free_GB': 72.79, 'used_GB': 22.18, 'allocated_GB': 16.0, 'reserved_GB': 18.15, 'host_total_GB': 1133.56, 'host_available_GB': 774.36, 'host_used_GB': 359.19, 'host_free_GB': 87.38}
[2026-08-15 10:42:31] memory_utils.py:47 - [Rank 1] Memory-Usage before offload model: {'gpu': '1', 'total_GB': 94.97, 'free_GB': 71.99, 'used_GB': 22.98, 'allocated_GB': 16.0, 'reserved_GB': 18.15, 'host_total_GB': 1133.56, 'host_available_GB': 773.8, 'host_used_GB': 359.76, 'host_free_GB': 86.81}
[2026-08-15 10:42:32] reloadable_process_group.py:100 - Destroyed default nccl WORLD process group and initialized a temporary Gloo WORLD (generation 495)
[2026-08-15 10:42:38] memory_utils.py:47 - [Rank 1] Memory-Usage after offload model: {'gpu': '1', 'total_GB': 94.97, 'free_GB': 90.93, 'used_GB': 4.04, 'allocated_GB': 16.0, 'reserved_GB': 18.15, 'host_total_GB': 1133.56, 'host_available_GB': 741.28, 'host_used_GB': 392.28, 'host_free_GB': 54.29}
[2026-08-15 10:42:39] reloadable_process_group.py:121 - Reloaded default WORLD process group with backend nccl (generation 496)
[2026-08-15 10:42:39] reloadable_process_group.py:331 - Reloading 57 process groups in pid 31657: {'nccl': 50, 'gloo': 7}
[2026-08-15 10:42:39] memory_utils.py:47 - [Rank 1] Memory-Usage before update_weights: {'gpu': '1', 'total_GB': 94.97, 'free_GB': 87.65, 'used_GB': 7.32, 'allocated_GB': 16.0, 'reserved_GB': 18.15, 'host_total_GB': 1133.56, 'host_available_GB': 740.28, 'host_used_GB': 393.27, 'host_free_GB': 53.3}
[2026-08-15 10:42:39] memory_utils.py:47 - [Rank 1] Memory-Usage after update_weights: {'gpu': '1', 'total_GB': 94.97, 'free_GB': 87.67, 'used_GB': 7.3, 'allocated_GB': 16.0, 'reserved_GB': 18.15, 'host_total_GB': 1133.56, 'host_available_GB': 740.43, 'host_used_GB': 393.13, 'host_free_GB': 53.45}
[2026-08-15 10:42:39] reloadable_process_group.py:100 - Destroyed default nccl WORLD process group and initialized a temporary Gloo WORLD (generation 497)
[2026-08-15 10:43:58] memory_utils.py:47 - [Rank 1] Memory-Usage before wake_up model: {'gpu': '1', 'total_GB': 94.97, 'free_GB': 90.93, 'used_GB': 4.04, 'allocated_GB': 16.0, 'reserved_GB': 18.15, 'host_total_GB': 1133.56, 'host_available_GB': 740.63, 'host_used_GB': 392.93, 'host_free_GB': 53.64}
[2026-08-15 10:44:02] reloadable_process_group.py:121 - Reloaded default WORLD process group with backend nccl (generation 498)
[2026-08-15 10:44:02] reloadable_process_group.py:331 - Reloading 57 process groups in pid 31657: {'nccl': 50, 'gloo': 7}
[2026-08-15 10:44:02] memory_utils.py:47 - [Rank 1] Memory-Usage after wake_up model: {'gpu': '1', 'total_GB': 94.97, 'free_GB': 72.79, 'used_GB': 22.18, 'allocated_GB': 16.0, 'reserved_GB': 18.15, 'host_total_GB': 1133.56, 'host_available_GB': 774.5, 'host_used_GB': 359.06, 'host_free_GB': 87.51}
[2026-08-15 10:44:09] memory_utils.py:47 - [Rank 1] Memory-Usage before offload model: {'gpu': '1', 'total_GB': 94.97, 'free_GB': 71.99, 'used_GB': 22.98, 'allocated_GB': 16.0, 'reserved_GB': 18.15, 'host_total_GB': 1133.56, 'host_available_GB': 773.76, 'host_used_GB': 359.8, 'host_free_GB': 86.76}
[2026-08-15 10:44:10] reloadable_process_group.py:100 - Destroyed default nccl WORLD process group and initialized a temporary Gloo WORLD (generation 499)
[2026-08-15 10:44:16] memory_utils.py:47 - [Rank 1] Memory-Usage after offload model: {'gpu': '1', 'total_GB': 94.97, 'free_GB': 90.93, 'used_GB': 4.04, 'allocated_GB': 16.0, 'reserved_GB': 18.15, 'host_total_GB': 1133.56, 'host_available_GB': 741.17, 'host_used_GB': 392.39, 'host_free_GB': 54.17}
[2026-08-15 10:44:16] reloadable_process_group.py:121 - Reloaded default WORLD process group with backend nccl (generation 500)
[2026-08-15 10:44:16] reloadable_process_group.py:331 - Reloading 57 process groups in pid 31657: {'nccl': 50, 'gloo': 7}
[2026-08-15 10:44:16] memory_utils.py:47 - [Rank 1] Memory-Usage before update_weights: {'gpu': '1', 'total_GB': 94.97, 'free_GB': 87.65, 'used_GB': 7.32, 'allocated_GB': 16.0, 'reserved_GB': 18.15, 'host_total_GB': 1133.56, 'host_available_GB': 740.12, 'host_used_GB': 393.44, 'host_free_GB': 53.12}
[2026-08-15 10:44:17] memory_utils.py:47 - [Rank 1] Memory-Usage after update_weights: {'gpu': '1', 'total_GB': 94.97, 'free_GB': 87.67, 'used_GB': 7.3, 'allocated_GB': 16.0, 'reserved_GB': 18.15, 'host_total_GB': 1133.56, 'host_available_GB': 740.14, 'host_used_GB': 393.42, 'host_free_GB': 53.14}
[2026-08-15 10:44:17] reloadable_process_group.py:100 - Destroyed default nccl WORLD process group and initialized a temporary Gloo WORLD (generation 501)
[2026-08-15 10:45:37] memory_utils.py:47 - [Rank 1] Memory-Usage before wake_up model: {'gpu': '1', 'total_GB': 94.97, 'free_GB': 90.93, 'used_GB': 4.04, 'allocated_GB': 16.0, 'reserved_GB': 18.15, 'host_total_GB': 1133.56, 'host_available_GB': 740.23, 'host_used_GB': 393.32, 'host_free_GB': 58.73}
[2026-08-15 10:45:40] reloadable_process_group.py:121 - Reloaded default WORLD process group with backend nccl (generation 502)
[2026-08-15 10:45:40] reloadable_process_group.py:331 - Reloading 57 process groups in pid 31657: {'nccl': 50, 'gloo': 7}
[2026-08-15 10:45:40] memory_utils.py:47 - [Rank 1] Memory-Usage after wake_up model: {'gpu': '1', 'total_GB': 94.97, 'free_GB': 72.79, 'used_GB': 22.18, 'allocated_GB': 16.0, 'reserved_GB': 18.15, 'host_total_GB': 1133.56, 'host_available_GB': 774.03, 'host_used_GB': 359.53, 'host_free_GB': 92.53}
[2026-08-15 10:45:52] memory_utils.py:47 - [Rank 1] Memory-Usage before offload model: {'gpu': '1', 'total_GB': 94.97, 'free_GB': 71.99, 'used_GB': 22.98, 'allocated_GB': 16.0, 'reserved_GB': 18.15, 'host_total_GB': 1133.56, 'host_available_GB': 774.03, 'host_used_GB': 359.53, 'host_free_GB': 92.52}
[2026-08-15 10:45:53] reloadable_process_group.py:100 - Destroyed default nccl WORLD process group and initialized a temporary Gloo WORLD (generation 503)
[2026-08-15 10:45:59] memory_utils.py:47 - [Rank 1] Memory-Usage after offload model: {'gpu': '1', 'total_GB': 94.97, 'free_GB': 90.93, 'used_GB': 4.04, 'allocated_GB': 16.0, 'reserved_GB': 18.15, 'host_total_GB': 1133.56, 'host_available_GB': 741.57, 'host_used_GB': 391.98, 'host_free_GB': 60.07}
[2026-08-15 10:45:59] reloadable_process_group.py:121 - Reloaded default WORLD process group with backend nccl (generation 504)
[2026-08-15 10:45:59] reloadable_process_group.py:331 - Reloading 57 process groups in pid 31657: {'nccl': 50, 'gloo': 7}
[2026-08-15 10:45:59] memory_utils.py:47 - [Rank 1] Memory-Usage before update_weights: {'gpu': '1', 'total_GB': 94.97, 'free_GB': 87.65, 'used_GB': 7.32, 'allocated_GB': 16.0, 'reserved_GB': 18.15, 'host_total_GB': 1133.56, 'host_available_GB': 740.65, 'host_used_GB': 392.91, 'host_free_GB': 59.14}
[2026-08-15 10:46:00] memory_utils.py:47 - [Rank 1] Memory-Usage after update_weights: {'gpu': '1', 'total_GB': 94.97, 'free_GB': 87.67, 'used_GB': 7.3, 'allocated_GB': 16.0, 'reserved_GB': 18.15, 'host_total_GB': 1133.56, 'host_available_GB': 740.67, 'host_used_GB': 392.89, 'host_free_GB': 59.16}
[2026-08-15 10:46:00] reloadable_process_group.py:100 - Destroyed default nccl WORLD process group and initialized a temporary Gloo WORLD (generation 505)
[2026-08-15 10:47:19] memory_utils.py:47 - [Rank 1] Memory-Usage before wake_up model: {'gpu': '1', 'total_GB': 94.97, 'free_GB': 90.93, 'used_GB': 4.04, 'allocated_GB': 16.0, 'reserved_GB': 18.15, 'host_total_GB': 1133.56, 'host_available_GB': 740.37, 'host_used_GB': 393.19, 'host_free_GB': 74.27}
[2026-08-15 10:47:22] reloadable_process_group.py:121 - Reloaded default WORLD process group with backend nccl (generation 506)
[2026-08-15 10:47:22] reloadable_process_group.py:331 - Reloading 57 process groups in pid 31657: {'nccl': 50, 'gloo': 7}
[2026-08-15 10:47:22] memory_utils.py:47 - [Rank 1] Memory-Usage after wake_up model: {'gpu': '1', 'total_GB': 94.97, 'free_GB': 72.79, 'used_GB': 22.18, 'allocated_GB': 16.0, 'reserved_GB': 18.15, 'host_total_GB': 1133.56, 'host_available_GB': 774.34, 'host_used_GB': 359.22, 'host_free_GB': 108.25}
[2026-08-15 10:47:29] memory_utils.py:47 - [Rank 1] Memory-Usage before offload model: {'gpu': '1', 'total_GB': 94.97, 'free_GB': 71.98, 'used_GB': 22.99, 'allocated_GB': 16.0, 'reserved_GB': 18.15, 'host_total_GB': 1133.56, 'host_available_GB': 773.86, 'host_used_GB': 359.7, 'host_free_GB': 107.77}
[2026-08-15 10:47:30] reloadable_process_group.py:100 - Destroyed default nccl WORLD process group and initialized a temporary Gloo WORLD (generation 507)
[2026-08-15 10:47:35] memory_utils.py:47 - [Rank 1] Memory-Usage after offload model: {'gpu': '1', 'total_GB': 94.97, 'free_GB': 90.93, 'used_GB': 4.04, 'allocated_GB': 16.0, 'reserved_GB': 18.15, 'host_total_GB': 1133.56, 'host_available_GB': 741.32, 'host_used_GB': 392.24, 'host_free_GB': 75.23}
[2026-08-15 10:47:36] reloadable_process_group.py:121 - Reloaded default WORLD process group with backend nccl (generation 508)
[2026-08-15 10:47:36] reloadable_process_group.py:331 - Reloading 57 process groups in pid 31657: {'nccl': 50, 'gloo': 7}
[2026-08-15 10:47:36] memory_utils.py:47 - [Rank 1] Memory-Usage before update_weights: {'gpu': '1', 'total_GB': 94.97, 'free_GB': 87.65, 'used_GB': 7.32, 'allocated_GB': 16.0, 'reserved_GB': 18.15, 'host_total_GB': 1133.56, 'host_available_GB': 740.18, 'host_used_GB': 393.38, 'host_free_GB': 74.09}
[2026-08-15 10:47:36] memory_utils.py:47 - [Rank 1] Memory-Usage after update_weights: {'gpu': '1', 'total_GB': 94.97, 'free_GB': 87.67, 'used_GB': 7.3, 'allocated_GB': 16.0, 'reserved_GB': 18.15, 'host_total_GB': 1133.56, 'host_available_GB': 740.17, 'host_used_GB': 393.39, 'host_free_GB': 74.07}
[2026-08-15 10:47:36] reloadable_process_group.py:100 - Destroyed default nccl WORLD process group and initialized a temporary Gloo WORLD (generation 509)
[2026-08-15 10:48:55] memory_utils.py:47 - [Rank 1] Memory-Usage before wake_up model: {'gpu': '1', 'total_GB': 94.97, 'free_GB': 90.93, 'used_GB': 4.04, 'allocated_GB': 16.0, 'reserved_GB': 18.15, 'host_total_GB': 1133.56, 'host_available_GB': 740.21, 'host_used_GB': 393.34, 'host_free_GB': 74.12}
[2026-08-15 10:48:58] reloadable_process_group.py:121 - Reloaded default WORLD process group with backend nccl (generation 510)
[2026-08-15 10:48:58] reloadable_process_group.py:331 - Reloading 57 process groups in pid 31657: {'nccl': 50, 'gloo': 7}
[2026-08-15 10:48:59] memory_utils.py:47 - [Rank 1] Memory-Usage after wake_up model: {'gpu': '1', 'total_GB': 94.97, 'free_GB': 72.79, 'used_GB': 22.18, 'allocated_GB': 16.0, 'reserved_GB': 18.15, 'host_total_GB': 1133.56, 'host_available_GB': 774.28, 'host_used_GB': 359.27, 'host_free_GB': 108.19}
[2026-08-15 10:49:05] memory_utils.py:47 - [Rank 1] Memory-Usage before offload model: {'gpu': '1', 'total_GB': 94.97, 'free_GB': 71.98, 'used_GB': 22.99, 'allocated_GB': 16.0, 'reserved_GB': 18.15, 'host_total_GB': 1133.56, 'host_available_GB': 773.86, 'host_used_GB': 359.69, 'host_free_GB': 107.77}
[2026-08-15 10:49:07] reloadable_process_group.py:100 - Destroyed default nccl WORLD process group and initialized a temporary Gloo WORLD (generation 511)
[2026-08-15 10:49:13] memory_utils.py:47 - [Rank 1] Memory-Usage after offload model: {'gpu': '1', 'total_GB': 94.97, 'free_GB': 90.93, 'used_GB': 4.04, 'allocated_GB': 16.0, 'reserved_GB': 18.15, 'host_total_GB': 1133.56, 'host_available_GB': 741.35, 'host_used_GB': 392.21, 'host_free_GB': 75.25}
[2026-08-15 10:49:13] reloadable_process_group.py:121 - Reloaded default WORLD process group with backend nccl (generation 512)
[2026-08-15 10:49:13] reloadable_process_group.py:331 - Reloading 57 process groups in pid 31657: {'nccl': 50, 'gloo': 7}
[2026-08-15 10:49:13] memory_utils.py:47 - [Rank 1] Memory-Usage before update_weights: {'gpu': '1', 'total_GB': 94.97, 'free_GB': 87.65, 'used_GB': 7.32, 'allocated_GB': 16.0, 'reserved_GB': 18.15, 'host_total_GB': 1133.56, 'host_available_GB': 740.33, 'host_used_GB': 393.23, 'host_free_GB': 74.23}
[2026-08-15 10:49:14] memory_utils.py:47 - [Rank 1] Memory-Usage after update_weights: {'gpu': '1', 'total_GB': 94.97, 'free_GB': 87.67, 'used_GB': 7.3, 'allocated_GB': 16.0, 'reserved_GB': 18.15, 'host_total_GB': 1133.56, 'host_available_GB': 740.36, 'host_used_GB': 393.2, 'host_free_GB': 74.26}
[2026-08-15 10:49:14] reloadable_process_group.py:100 - Destroyed default nccl WORLD process group and initialized a temporary Gloo WORLD (generation 513)
[2026-08-15 10:50:34] memory_utils.py:47 - [Rank 1] Memory-Usage before wake_up model: {'gpu': '1', 'total_GB': 94.97, 'free_GB': 90.93, 'used_GB': 4.04, 'allocated_GB': 16.0, 'reserved_GB': 18.15, 'host_total_GB': 1133.56, 'host_available_GB': 739.93, 'host_used_GB': 393.63, 'host_free_GB': 83.73}
[2026-08-15 10:50:37] reloadable_process_group.py:121 - Reloaded default WORLD process group with backend nccl (generation 514)
[2026-08-15 10:50:37] reloadable_process_group.py:331 - Reloading 57 process groups in pid 31657: {'nccl': 50, 'gloo': 7}
[2026-08-15 10:50:38] memory_utils.py:47 - [Rank 1] Memory-Usage after wake_up model: {'gpu': '1', 'total_GB': 94.97, 'free_GB': 72.79, 'used_GB': 22.18, 'allocated_GB': 16.0, 'reserved_GB': 18.15, 'host_total_GB': 1133.56, 'host_available_GB': 773.99, 'host_used_GB': 359.56, 'host_free_GB': 117.79}
[2026-08-15 10:50:45] memory_utils.py:47 - [Rank 1] Memory-Usage before offload model: {'gpu': '1', 'total_GB': 94.97, 'free_GB': 71.98, 'used_GB': 22.99, 'allocated_GB': 16.0, 'reserved_GB': 18.15, 'host_total_GB': 1133.56, 'host_available_GB': 773.03, 'host_used_GB': 360.53, 'host_free_GB': 115.66}
[2026-08-15 10:50:46] reloadable_process_group.py:100 - Destroyed default nccl WORLD process group and initialized a temporary Gloo WORLD (generation 515)
[2026-08-15 10:50:51] memory_utils.py:47 - [Rank 1] Memory-Usage after offload model: {'gpu': '1', 'total_GB': 94.97, 'free_GB': 90.93, 'used_GB': 4.04, 'allocated_GB': 16.0, 'reserved_GB': 18.15, 'host_total_GB': 1133.56, 'host_available_GB': 740.51, 'host_used_GB': 393.05, 'host_free_GB': 82.81}
[2026-08-15 10:50:52] reloadable_process_group.py:121 - Reloaded default WORLD process group with backend nccl (generation 516)
[2026-08-15 10:50:52] reloadable_process_group.py:331 - Reloading 57 process groups in pid 31657: {'nccl': 50, 'gloo': 7}
[2026-08-15 10:50:52] memory_utils.py:47 - [Rank 1] Memory-Usage before update_weights: {'gpu': '1', 'total_GB': 94.97, 'free_GB': 87.65, 'used_GB': 7.32, 'allocated_GB': 16.0, 'reserved_GB': 18.15, 'host_total_GB': 1133.56, 'host_available_GB': 739.43, 'host_used_GB': 394.13, 'host_free_GB': 82.72}
[2026-08-15 10:50:52] memory_utils.py:47 - [Rank 1] Memory-Usage after update_weights: {'gpu': '1', 'total_GB': 94.97, 'free_GB': 87.67, 'used_GB': 7.3, 'allocated_GB': 16.0, 'reserved_GB': 18.15, 'host_total_GB': 1133.56, 'host_available_GB': 739.38, 'host_used_GB': 394.18, 'host_free_GB': 82.97}
[2026-08-15 10:50:52] reloadable_process_group.py:100 - Destroyed default nccl WORLD process group and initialized a temporary Gloo WORLD (generation 517)
[2026-08-15 10:52:12] memory_utils.py:47 - [Rank 1] Memory-Usage before wake_up model: {'gpu': '1', 'total_GB': 94.97, 'free_GB': 90.93, 'used_GB': 4.04, 'allocated_GB': 16.0, 'reserved_GB': 18.15, 'host_total_GB': 1133.56, 'host_available_GB': 740.51, 'host_used_GB': 393.05, 'host_free_GB': 94.29}
[2026-08-15 10:52:15] reloadable_process_group.py:121 - Reloaded default WORLD process group with backend nccl (generation 518)
[2026-08-15 10:52:15] reloadable_process_group.py:331 - Reloading 57 process groups in pid 31657: {'nccl': 50, 'gloo': 7}
[2026-08-15 10:52:16] memory_utils.py:47 - [Rank 1] Memory-Usage after wake_up model: {'gpu': '1', 'total_GB': 94.97, 'free_GB': 72.79, 'used_GB': 22.18, 'allocated_GB': 16.0, 'reserved_GB': 18.15, 'host_total_GB': 1133.56, 'host_available_GB': 774.52, 'host_used_GB': 359.04, 'host_free_GB': 130.58}
[2026-08-15 10:52:27] memory_utils.py:47 - [Rank 1] Memory-Usage before offload model: {'gpu': '1', 'total_GB': 94.97, 'free_GB': 71.98, 'used_GB': 22.99, 'allocated_GB': 16.0, 'reserved_GB': 18.15, 'host_total_GB': 1133.56, 'host_available_GB': 774.04, 'host_used_GB': 359.52, 'host_free_GB': 131.62}
[2026-08-15 10:52:29] reloadable_process_group.py:100 - Destroyed default nccl WORLD process group and initialized a temporary Gloo WORLD (generation 519)
[2026-08-15 10:52:34] memory_utils.py:47 - [Rank 1] Memory-Usage after offload model: {'gpu': '1', 'total_GB': 94.97, 'free_GB': 90.93, 'used_GB': 4.04, 'allocated_GB': 16.0, 'reserved_GB': 18.15, 'host_total_GB': 1133.56, 'host_available_GB': 741.43, 'host_used_GB': 392.13, 'host_free_GB': 99.01}
[2026-08-15 10:52:35] reloadable_process_group.py:121 - Reloaded default WORLD process group with backend nccl (generation 520)
[2026-08-15 10:52:35] reloadable_process_group.py:331 - Reloading 57 process groups in pid 31657: {'nccl': 50, 'gloo': 7}
[2026-08-15 10:52:35] memory_utils.py:47 - [Rank 1] Memory-Usage before update_weights: {'gpu': '1', 'total_GB': 94.97, 'free_GB': 87.65, 'used_GB': 7.32, 'allocated_GB': 16.0, 'reserved_GB': 18.15, 'host_total_GB': 1133.56, 'host_available_GB': 740.51, 'host_used_GB': 393.05, 'host_free_GB': 98.1}
[2026-08-15 10:52:35] memory_utils.py:47 - [Rank 1] Memory-Usage after update_weights: {'gpu': '1', 'total_GB': 94.97, 'free_GB': 87.67, 'used_GB': 7.3, 'allocated_GB': 16.0, 'reserved_GB': 18.15, 'host_total_GB': 1133.56, 'host_available_GB': 740.52, 'host_used_GB': 393.04, 'host_free_GB': 98.11}
[2026-08-15 10:52:35] reloadable_process_group.py:100 - Destroyed default nccl WORLD process group and initialized a temporary Gloo WORLD (generation 521)
[2026-08-15 10:53:55] memory_utils.py:47 - [Rank 1] Memory-Usage before wake_up model: {'gpu': '1', 'total_GB': 94.97, 'free_GB': 90.93, 'used_GB': 4.04, 'allocated_GB': 16.0, 'reserved_GB': 18.15, 'host_total_GB': 1133.56, 'host_available_GB': 740.57, 'host_used_GB': 392.99, 'host_free_GB': 98.15}
[2026-08-15 10:53:58] reloadable_process_group.py:121 - Reloaded default WORLD process group with backend nccl (generation 522)
[2026-08-15 10:53:58] reloadable_process_group.py:331 - Reloading 57 process groups in pid 31657: {'nccl': 50, 'gloo': 7}
[2026-08-15 10:53:58] memory_utils.py:47 - [Rank 1] Memory-Usage after wake_up model: {'gpu': '1', 'total_GB': 94.97, 'free_GB': 72.79, 'used_GB': 22.18, 'allocated_GB': 16.0, 'reserved_GB': 18.15, 'host_total_GB': 1133.56, 'host_available_GB': 774.58, 'host_used_GB': 358.98, 'host_free_GB': 132.16}
[2026-08-15 10:54:05] memory_utils.py:47 - [Rank 1] Memory-Usage before offload model: {'gpu': '1', 'total_GB': 94.97, 'free_GB': 71.99, 'used_GB': 22.98, 'allocated_GB': 16.01, 'reserved_GB': 18.15, 'host_total_GB': 1133.56, 'host_available_GB': 773.96, 'host_used_GB': 359.59, 'host_free_GB': 131.54}
[2026-08-15 10:54:07] reloadable_process_group.py:100 - Destroyed default nccl WORLD process group and initialized a temporary Gloo WORLD (generation 523)
[2026-08-15 10:54:12] memory_utils.py:47 - [Rank 1] Memory-Usage after offload model: {'gpu': '1', 'total_GB': 94.97, 'free_GB': 90.93, 'used_GB': 4.04, 'allocated_GB': 16.01, 'reserved_GB': 18.15, 'host_total_GB': 1133.56, 'host_available_GB': 741.74, 'host_used_GB': 391.82, 'host_free_GB': 99.31}
[2026-08-15 10:54:13] reloadable_process_group.py:121 - Reloaded default WORLD process group with backend nccl (generation 524)
[2026-08-15 10:54:13] reloadable_process_group.py:331 - Reloading 57 process groups in pid 31657: {'nccl': 50, 'gloo': 7}
[2026-08-15 10:54:13] memory_utils.py:47 - [Rank 1] Memory-Usage before update_weights: {'gpu': '1', 'total_GB': 94.97, 'free_GB': 87.65, 'used_GB': 7.32, 'allocated_GB': 16.01, 'reserved_GB': 18.15, 'host_total_GB': 1133.56, 'host_available_GB': 740.41, 'host_used_GB': 393.15, 'host_free_GB': 97.98}
[2026-08-15 10:54:14] memory_utils.py:47 - [Rank 1] Memory-Usage after update_weights: {'gpu': '1', 'total_GB': 94.97, 'free_GB': 87.67, 'used_GB': 7.3, 'allocated_GB': 16.01, 'reserved_GB': 18.15, 'host_total_GB': 1133.56, 'host_available_GB': 740.41, 'host_used_GB': 393.15, 'host_free_GB': 97.99}
[2026-08-15 10:54:14] reloadable_process_group.py:100 - Destroyed default nccl WORLD process group and initialized a temporary Gloo WORLD (generation 525)
[2026-08-15 10:55:31] memory_utils.py:47 - [Rank 1] Memory-Usage before wake_up model: {'gpu': '1', 'total_GB': 94.97, 'free_GB': 90.93, 'used_GB': 4.04, 'allocated_GB': 16.01, 'reserved_GB': 18.15, 'host_total_GB': 1133.56, 'host_available_GB': 740.24, 'host_used_GB': 393.32, 'host_free_GB': 97.81}
[2026-08-15 10:55:34] reloadable_process_group.py:121 - Reloaded default WORLD process group with backend nccl (generation 526)
[2026-08-15 10:55:34] reloadable_process_group.py:331 - Reloading 57 process groups in pid 31657: {'nccl': 50, 'gloo': 7}
[2026-08-15 10:55:35] memory_utils.py:47 - [Rank 1] Memory-Usage after wake_up model: {'gpu': '1', 'total_GB': 94.97, 'free_GB': 72.79, 'used_GB': 22.18, 'allocated_GB': 16.01, 'reserved_GB': 18.15, 'host_total_GB': 1133.56, 'host_available_GB': 774.23, 'host_used_GB': 359.33, 'host_free_GB': 131.8}
[2026-08-15 10:55:42] memory_utils.py:47 - [Rank 1] Memory-Usage before offload model: {'gpu': '1', 'total_GB': 94.97, 'free_GB': 71.99, 'used_GB': 22.98, 'allocated_GB': 16.01, 'reserved_GB': 18.15, 'host_total_GB': 1133.56, 'host_available_GB': 773.72, 'host_used_GB': 359.83, 'host_free_GB': 131.29}
[2026-08-15 10:55:43] reloadable_process_group.py:100 - Destroyed default nccl WORLD process group and initialized a temporary Gloo WORLD (generation 527)
[2026-08-15 10:55:48] memory_utils.py:47 - [Rank 1] Memory-Usage after offload model: {'gpu': '1', 'total_GB': 94.97, 'free_GB': 90.93, 'used_GB': 4.04, 'allocated_GB': 16.01, 'reserved_GB': 18.15, 'host_total_GB': 1133.56, 'host_available_GB': 741.33, 'host_used_GB': 392.23, 'host_free_GB': 98.9}
[2026-08-15 10:55:49] reloadable_process_group.py:121 - Reloaded default WORLD process group with backend nccl (generation 528)
[2026-08-15 10:55:49] reloadable_process_group.py:331 - Reloading 57 process groups in pid 31657: {'nccl': 50, 'gloo': 7}
[2026-08-15 10:55:49] memory_utils.py:47 - [Rank 1] Memory-Usage before update_weights: {'gpu': '1', 'total_GB': 94.97, 'free_GB': 87.65, 'used_GB': 7.32, 'allocated_GB': 16.01, 'reserved_GB': 18.15, 'host_total_GB': 1133.56, 'host_available_GB': 740.16, 'host_used_GB': 393.39, 'host_free_GB': 97.73}
[2026-08-15 10:55:49] memory_utils.py:47 - [Rank 1] Memory-Usage after update_weights: {'gpu': '1', 'total_GB': 94.97, 'free_GB': 87.67, 'used_GB': 7.3, 'allocated_GB': 16.01, 'reserved_GB': 18.15, 'host_total_GB': 1133.56, 'host_available_GB': 740.17, 'host_used_GB': 393.39, 'host_free_GB': 97.74}
[2026-08-15 10:55:50] reloadable_process_group.py:100 - Destroyed default nccl WORLD process group and initialized a temporary Gloo WORLD (generation 529)
[2026-08-15 10:57:08] memory_utils.py:47 - [Rank 1] Memory-Usage before wake_up model: {'gpu': '1', 'total_GB': 94.97, 'free_GB': 90.93, 'used_GB': 4.04, 'allocated_GB': 16.01, 'reserved_GB': 18.15, 'host_total_GB': 1133.56, 'host_available_GB': 740.63, 'host_used_GB': 392.93, 'host_free_GB': 104.09}
[2026-08-15 10:57:11] reloadable_process_group.py:121 - Reloaded default WORLD process group with backend nccl (generation 530)
[2026-08-15 10:57:11] reloadable_process_group.py:331 - Reloading 57 process groups in pid 31657: {'nccl': 50, 'gloo': 7}
[2026-08-15 10:57:11] memory_utils.py:47 - [Rank 1] Memory-Usage after wake_up model: {'gpu': '1', 'total_GB': 94.97, 'free_GB': 72.79, 'used_GB': 22.18, 'allocated_GB': 16.01, 'reserved_GB': 18.15, 'host_total_GB': 1133.56, 'host_available_GB': 774.69, 'host_used_GB': 358.87, 'host_free_GB': 138.15}
[2026-08-15 10:57:18] memory_utils.py:47 - [Rank 1] Memory-Usage before offload model: {'gpu': '1', 'total_GB': 94.97, 'free_GB': 71.99, 'used_GB': 22.98, 'allocated_GB': 16.01, 'reserved_GB': 18.15, 'host_total_GB': 1133.56, 'host_available_GB': 774.12, 'host_used_GB': 359.44, 'host_free_GB': 137.58}
[2026-08-15 10:57:19] reloadable_process_group.py:100 - Destroyed default nccl WORLD process group and initialized a temporary Gloo WORLD (generation 531)
[2026-08-15 10:57:25] memory_utils.py:47 - [Rank 1] Memory-Usage after offload model: {'gpu': '1', 'total_GB': 94.97, 'free_GB': 90.93, 'used_GB': 4.04, 'allocated_GB': 16.01, 'reserved_GB': 18.15, 'host_total_GB': 1133.56, 'host_available_GB': 741.61, 'host_used_GB': 391.94, 'host_free_GB': 105.07}
[2026-08-15 10:57:25] reloadable_process_group.py:121 - Reloaded default WORLD process group with backend nccl (generation 532)
[2026-08-15 10:57:25] reloadable_process_group.py:331 - Reloading 57 process groups in pid 31657: {'nccl': 50, 'gloo': 7}
[2026-08-15 10:57:25] memory_utils.py:47 - [Rank 1] Memory-Usage before update_weights: {'gpu': '1', 'total_GB': 94.97, 'free_GB': 87.65, 'used_GB': 7.32, 'allocated_GB': 16.01, 'reserved_GB': 18.15, 'host_total_GB': 1133.56, 'host_available_GB': 740.53, 'host_used_GB': 393.03, 'host_free_GB': 103.99}
[2026-08-15 10:57:26] memory_utils.py:47 - [Rank 1] Memory-Usage after update_weights: {'gpu': '1', 'total_GB': 94.97, 'free_GB': 87.67, 'used_GB': 7.3, 'allocated_GB': 16.01, 'reserved_GB': 18.15, 'host_total_GB': 1133.56, 'host_available_GB': 740.54, 'host_used_GB': 393.01, 'host_free_GB': 104.0}
[2026-08-15 10:57:26] reloadable_process_group.py:100 - Destroyed default nccl WORLD process group and initialized a temporary Gloo WORLD (generation 533)
[2026-08-15 10:58:44] memory_utils.py:47 - [Rank 1] Memory-Usage before wake_up model: {'gpu': '1', 'total_GB': 94.97, 'free_GB': 90.93, 'used_GB': 4.04, 'allocated_GB': 16.01, 'reserved_GB': 18.15, 'host_total_GB': 1133.56, 'host_available_GB': 740.6, 'host_used_GB': 392.95, 'host_free_GB': 104.06}
[2026-08-15 10:58:47] reloadable_process_group.py:121 - Reloaded default WORLD process group with backend nccl (generation 534)
[2026-08-15 10:58:47] reloadable_process_group.py:331 - Reloading 57 process groups in pid 31657: {'nccl': 50, 'gloo': 7}
[2026-08-15 10:58:48] memory_utils.py:47 - [Rank 1] Memory-Usage after wake_up model: {'gpu': '1', 'total_GB': 94.97, 'free_GB': 72.79, 'used_GB': 22.18, 'allocated_GB': 16.01, 'reserved_GB': 18.15, 'host_total_GB': 1133.56, 'host_available_GB': 774.62, 'host_used_GB': 358.94, 'host_free_GB': 138.07}
[2026-08-15 10:58:59] memory_utils.py:47 - [Rank 1] Memory-Usage before offload model: {'gpu': '1', 'total_GB': 94.97, 'free_GB': 71.99, 'used_GB': 22.98, 'allocated_GB': 16.0, 'reserved_GB': 18.15, 'host_total_GB': 1133.56, 'host_available_GB': 774.08, 'host_used_GB': 359.48, 'host_free_GB': 137.53}
[2026-08-15 10:59:01] reloadable_process_group.py:100 - Destroyed default nccl WORLD process group and initialized a temporary Gloo WORLD (generation 535)
[2026-08-15 10:59:06] memory_utils.py:47 - [Rank 1] Memory-Usage after offload model: {'gpu': '1', 'total_GB': 94.97, 'free_GB': 90.93, 'used_GB': 4.04, 'allocated_GB': 16.0, 'reserved_GB': 18.15, 'host_total_GB': 1133.56, 'host_available_GB': 741.24, 'host_used_GB': 392.32, 'host_free_GB': 104.69}
[2026-08-15 10:59:07] reloadable_process_group.py:121 - Reloaded default WORLD process group with backend nccl (generation 536)
[2026-08-15 10:59:07] reloadable_process_group.py:331 - Reloading 57 process groups in pid 31657: {'nccl': 50, 'gloo': 7}
[2026-08-15 10:59:07] memory_utils.py:47 - [Rank 1] Memory-Usage before update_weights: {'gpu': '1', 'total_GB': 94.97, 'free_GB': 87.65, 'used_GB': 7.32, 'allocated_GB': 16.0, 'reserved_GB': 18.15, 'host_total_GB': 1133.56, 'host_available_GB': 740.57, 'host_used_GB': 392.99, 'host_free_GB': 104.02}
[2026-08-15 10:59:07] memory_utils.py:47 - [Rank 1] Memory-Usage after update_weights: {'gpu': '1', 'total_GB': 94.97, 'free_GB': 87.67, 'used_GB': 7.3, 'allocated_GB': 16.0, 'reserved_GB': 18.15, 'host_total_GB': 1133.56, 'host_available_GB': 740.57, 'host_used_GB': 392.98, 'host_free_GB': 104.02}
[2026-08-15 10:59:08] reloadable_process_group.py:100 - Destroyed default nccl WORLD process group and initialized a temporary Gloo WORLD (generation 537)
[2026-08-15 11:00:28] memory_utils.py:47 - [Rank 1] Memory-Usage before wake_up model: {'gpu': '1', 'total_GB': 94.97, 'free_GB': 90.93, 'used_GB': 4.04, 'allocated_GB': 16.0, 'reserved_GB': 18.15, 'host_total_GB': 1133.56, 'host_available_GB': 740.63, 'host_used_GB': 392.92, 'host_free_GB': 104.07}
[2026-08-15 11:00:31] reloadable_process_group.py:121 - Reloaded default WORLD process group with backend nccl (generation 538)
[2026-08-15 11:00:31] reloadable_process_group.py:331 - Reloading 57 process groups in pid 31657: {'nccl': 50, 'gloo': 7}
[2026-08-15 11:00:31] memory_utils.py:47 - [Rank 1] Memory-Usage after wake_up model: {'gpu': '1', 'total_GB': 94.97, 'free_GB': 72.79, 'used_GB': 22.18, 'allocated_GB': 16.0, 'reserved_GB': 18.15, 'host_total_GB': 1133.56, 'host_available_GB': 774.61, 'host_used_GB': 358.95, 'host_free_GB': 138.05}
[2026-08-15 11:00:39] memory_utils.py:47 - [Rank 1] Memory-Usage before offload model: {'gpu': '1', 'total_GB': 94.97, 'free_GB': 71.99, 'used_GB': 22.98, 'allocated_GB': 16.01, 'reserved_GB': 18.15, 'host_total_GB': 1133.56, 'host_available_GB': 774.09, 'host_used_GB': 359.47, 'host_free_GB': 137.53}
[2026-08-15 11:00:40] reloadable_process_group.py:100 - Destroyed default nccl WORLD process group and initialized a temporary Gloo WORLD (generation 539)
[2026-08-15 11:00:46] memory_utils.py:47 - [Rank 1] Memory-Usage after offload model: {'gpu': '1', 'total_GB': 94.97, 'free_GB': 90.93, 'used_GB': 4.04, 'allocated_GB': 16.01, 'reserved_GB': 18.15, 'host_total_GB': 1133.56, 'host_available_GB': 741.25, 'host_used_GB': 392.3, 'host_free_GB': 104.69}
[2026-08-15 11:00:46] reloadable_process_group.py:121 - Reloaded default WORLD process group with backend nccl (generation 540)
[2026-08-15 11:00:46] reloadable_process_group.py:331 - Reloading 57 process groups in pid 31657: {'nccl': 50, 'gloo': 7}
[2026-08-15 11:00:46] memory_utils.py:47 - [Rank 1] Memory-Usage before update_weights: {'gpu': '1', 'total_GB': 94.97, 'free_GB': 87.65, 'used_GB': 7.32, 'allocated_GB': 16.01, 'reserved_GB': 18.15, 'host_total_GB': 1133.56, 'host_available_GB': 740.52, 'host_used_GB': 393.04, 'host_free_GB': 103.95}
[2026-08-15 11:00:47] memory_utils.py:47 - [Rank 1] Memory-Usage after update_weights: {'gpu': '1', 'total_GB': 94.97, 'free_GB': 87.67, 'used_GB': 7.3, 'allocated_GB': 16.01, 'reserved_GB': 18.15, 'host_total_GB': 1133.56, 'host_available_GB': 740.52, 'host_used_GB': 393.04, 'host_free_GB': 103.95}
[2026-08-15 11:00:47] reloadable_process_group.py:100 - Destroyed default nccl WORLD process group and initialized a temporary Gloo WORLD (generation 541)
[2026-08-15 11:02:07] memory_utils.py:47 - [Rank 1] Memory-Usage before wake_up model: {'gpu': '1', 'total_GB': 94.97, 'free_GB': 90.93, 'used_GB': 4.04, 'allocated_GB': 16.01, 'reserved_GB': 18.15, 'host_total_GB': 1133.56, 'host_available_GB': 740.58, 'host_used_GB': 392.98, 'host_free_GB': 104.0}
[2026-08-15 11:02:10] reloadable_process_group.py:121 - Reloaded default WORLD process group with backend nccl (generation 542)
[2026-08-15 11:02:10] reloadable_process_group.py:331 - Reloading 57 process groups in pid 31657: {'nccl': 50, 'gloo': 7}
[2026-08-15 11:02:11] memory_utils.py:47 - [Rank 1] Memory-Usage after wake_up model: {'gpu': '1', 'total_GB': 94.97, 'free_GB': 72.79, 'used_GB': 22.18, 'allocated_GB': 16.01, 'reserved_GB': 18.15, 'host_total_GB': 1133.56, 'host_available_GB': 774.57, 'host_used_GB': 358.98, 'host_free_GB': 138.0}
[2026-08-15 11:02:18] memory_utils.py:47 - [Rank 1] Memory-Usage before offload model: {'gpu': '1', 'total_GB': 94.97, 'free_GB': 71.99, 'used_GB': 22.98, 'allocated_GB': 16.01, 'reserved_GB': 18.15, 'host_total_GB': 1133.56, 'host_available_GB': 774.04, 'host_used_GB': 359.51, 'host_free_GB': 137.47}
[2026-08-15 11:02:19] reloadable_process_group.py:100 - Destroyed default nccl WORLD process group and initialized a temporary Gloo WORLD (generation 543)
[2026-08-15 11:02:24] memory_utils.py:47 - [Rank 1] Memory-Usage after offload model: {'gpu': '1', 'total_GB': 94.97, 'free_GB': 90.93, 'used_GB': 4.04, 'allocated_GB': 16.01, 'reserved_GB': 18.15, 'host_total_GB': 1133.56, 'host_available_GB': 741.45, 'host_used_GB': 392.11, 'host_free_GB': 104.87}
[2026-08-15 11:02:25] reloadable_process_group.py:121 - Reloaded default WORLD process group with backend nccl (generation 544)
[2026-08-15 11:02:25] reloadable_process_group.py:331 - Reloading 57 process groups in pid 31657: {'nccl': 50, 'gloo': 7}
[2026-08-15 11:02:25] memory_utils.py:47 - [Rank 1] Memory-Usage before update_weights: {'gpu': '1', 'total_GB': 94.97, 'free_GB': 87.65, 'used_GB': 7.32, 'allocated_GB': 16.01, 'reserved_GB': 18.15, 'host_total_GB': 1133.56, 'host_available_GB': 740.42, 'host_used_GB': 393.14, 'host_free_GB': 103.84}
[2026-08-15 11:02:25] memory_utils.py:47 - [Rank 1] Memory-Usage after update_weights: {'gpu': '1', 'total_GB': 94.97, 'free_GB': 87.67, 'used_GB': 7.3, 'allocated_GB': 16.01, 'reserved_GB': 18.15, 'host_total_GB': 1133.56, 'host_available_GB': 740.39, 'host_used_GB': 393.16, 'host_free_GB': 103.82}
[2026-08-15 11:02:26] reloadable_process_group.py:100 - Destroyed default nccl WORLD process group and initialized a temporary Gloo WORLD (generation 545)
[2026-08-15 11:03:45] memory_utils.py:47 - [Rank 1] Memory-Usage before wake_up model: {'gpu': '1', 'total_GB': 94.97, 'free_GB': 90.93, 'used_GB': 4.04, 'allocated_GB': 16.01, 'reserved_GB': 18.15, 'host_total_GB': 1133.56, 'host_available_GB': 738.99, 'host_used_GB': 394.57, 'host_free_GB': 96.43}
[2026-08-15 11:03:49] reloadable_process_group.py:121 - Reloaded default WORLD process group with backend nccl (generation 546)
[2026-08-15 11:03:49] reloadable_process_group.py:331 - Reloading 57 process groups in pid 31657: {'nccl': 50, 'gloo': 7}
[2026-08-15 11:03:49] memory_utils.py:47 - [Rank 1] Memory-Usage after wake_up model: {'gpu': '1', 'total_GB': 94.97, 'free_GB': 72.79, 'used_GB': 22.18, 'allocated_GB': 16.01, 'reserved_GB': 18.15, 'host_total_GB': 1133.56, 'host_available_GB': 773.15, 'host_used_GB': 360.41, 'host_free_GB': 132.57}
[2026-08-15 11:03:56] memory_utils.py:47 - [Rank 1] Memory-Usage before offload model: {'gpu': '1', 'total_GB': 94.97, 'free_GB': 71.99, 'used_GB': 22.98, 'allocated_GB': 16.01, 'reserved_GB': 18.15, 'host_total_GB': 1133.56, 'host_available_GB': 773.1, 'host_used_GB': 360.46, 'host_free_GB': 136.88}
[2026-08-15 11:03:57] reloadable_process_group.py:100 - Destroyed default nccl WORLD process group and initialized a temporary Gloo WORLD (generation 547)
[2026-08-15 11:04:02] memory_utils.py:47 - [Rank 1] Memory-Usage after offload model: {'gpu': '1', 'total_GB': 94.97, 'free_GB': 90.93, 'used_GB': 4.04, 'allocated_GB': 16.01, 'reserved_GB': 18.15, 'host_total_GB': 1133.56, 'host_available_GB': 740.89, 'host_used_GB': 392.66, 'host_free_GB': 104.67}
[2026-08-15 11:04:03] reloadable_process_group.py:121 - Reloaded default WORLD process group with backend nccl (generation 548)
[2026-08-15 11:04:03] reloadable_process_group.py:331 - Reloading 57 process groups in pid 31657: {'nccl': 50, 'gloo': 7}
[2026-08-15 11:04:03] memory_utils.py:47 - [Rank 1] Memory-Usage before update_weights: {'gpu': '1', 'total_GB': 94.97, 'free_GB': 87.65, 'used_GB': 7.32, 'allocated_GB': 16.01, 'reserved_GB': 18.15, 'host_total_GB': 1133.56, 'host_available_GB': 739.92, 'host_used_GB': 393.64, 'host_free_GB': 103.7}
[2026-08-15 11:04:04] memory_utils.py:47 - [Rank 1] Memory-Usage after update_weights: {'gpu': '1', 'total_GB': 94.97, 'free_GB': 87.67, 'used_GB': 7.3, 'allocated_GB': 16.01, 'reserved_GB': 18.15, 'host_total_GB': 1133.56, 'host_available_GB': 739.95, 'host_used_GB': 393.61, 'host_free_GB': 103.73}
[2026-08-15 11:04:04] reloadable_process_group.py:100 - Destroyed default nccl WORLD process group and initialized a temporary Gloo WORLD (generation 549)
[2026-08-15 11:05:24] memory_utils.py:47 - [Rank 1] Memory-Usage before wake_up model: {'gpu': '1', 'total_GB': 94.97, 'free_GB': 90.93, 'used_GB': 4.04, 'allocated_GB': 16.01, 'reserved_GB': 18.15, 'host_total_GB': 1133.56, 'host_available_GB': 740.48, 'host_used_GB': 393.07, 'host_free_GB': 101.54}
[2026-08-15 11:05:27] reloadable_process_group.py:121 - Reloaded default WORLD process group with backend nccl (generation 550)
[2026-08-15 11:05:27] reloadable_process_group.py:331 - Reloading 57 process groups in pid 31657: {'nccl': 50, 'gloo': 7}
[2026-08-15 11:05:28] memory_utils.py:47 - [Rank 1] Memory-Usage after wake_up model: {'gpu': '1', 'total_GB': 94.97, 'free_GB': 72.79, 'used_GB': 22.18, 'allocated_GB': 16.01, 'reserved_GB': 18.15, 'host_total_GB': 1133.56, 'host_available_GB': 774.57, 'host_used_GB': 358.99, 'host_free_GB': 135.62}
[2026-08-15 11:05:39] memory_utils.py:47 - [Rank 1] Memory-Usage before offload model: {'gpu': '1', 'total_GB': 94.97, 'free_GB': 71.99, 'used_GB': 22.98, 'allocated_GB': 16.01, 'reserved_GB': 18.15, 'host_total_GB': 1133.56, 'host_available_GB': 774.09, 'host_used_GB': 359.47, 'host_free_GB': 135.14}
[2026-08-15 11:05:41] reloadable_process_group.py:100 - Destroyed default nccl WORLD process group and initialized a temporary Gloo WORLD (generation 551)
[2026-08-15 11:05:46] memory_utils.py:47 - [Rank 1] Memory-Usage after offload model: {'gpu': '1', 'total_GB': 94.97, 'free_GB': 90.93, 'used_GB': 4.04, 'allocated_GB': 16.01, 'reserved_GB': 18.15, 'host_total_GB': 1133.56, 'host_available_GB': 741.7, 'host_used_GB': 391.85, 'host_free_GB': 102.75}
[2026-08-15 11:05:47] reloadable_process_group.py:121 - Reloaded default WORLD process group with backend nccl (generation 552)
[2026-08-15 11:05:47] reloadable_process_group.py:331 - Reloading 57 process groups in pid 31657: {'nccl': 50, 'gloo': 7}
[2026-08-15 11:05:47] memory_utils.py:47 - [Rank 1] Memory-Usage before update_weights: {'gpu': '1', 'total_GB': 94.97, 'free_GB': 87.65, 'used_GB': 7.32, 'allocated_GB': 16.01, 'reserved_GB': 18.15, 'host_total_GB': 1133.56, 'host_available_GB': 740.54, 'host_used_GB': 393.02, 'host_free_GB': 101.59}
[2026-08-15 11:05:47] memory_utils.py:47 - [Rank 1] Memory-Usage after update_weights: {'gpu': '1', 'total_GB': 94.97, 'free_GB': 87.67, 'used_GB': 7.3, 'allocated_GB': 16.01, 'reserved_GB': 18.15, 'host_total_GB': 1133.56, 'host_available_GB': 740.56, 'host_used_GB': 393.0, 'host_free_GB': 101.61}
[2026-08-15 11:05:47] reloadable_process_group.py:100 - Destroyed default nccl WORLD process group and initialized a temporary Gloo WORLD (generation 553)
[2026-08-15 11:07:07] memory_utils.py:47 - [Rank 1] Memory-Usage before wake_up model: {'gpu': '1', 'total_GB': 94.97, 'free_GB': 90.93, 'used_GB': 4.04, 'allocated_GB': 16.01, 'reserved_GB': 18.15, 'host_total_GB': 1133.56, 'host_available_GB': 740.74, 'host_used_GB': 392.81, 'host_free_GB': 101.79}
[2026-08-15 11:07:10] reloadable_process_group.py:121 - Reloaded default WORLD process group with backend nccl (generation 554)
[2026-08-15 11:07:10] reloadable_process_group.py:331 - Reloading 57 process groups in pid 31657: {'nccl': 50, 'gloo': 7}
[2026-08-15 11:07:10] memory_utils.py:47 - [Rank 1] Memory-Usage after wake_up model: {'gpu': '1', 'total_GB': 94.97, 'free_GB': 72.79, 'used_GB': 22.18, 'allocated_GB': 16.01, 'reserved_GB': 18.15, 'host_total_GB': 1133.56, 'host_available_GB': 774.72, 'host_used_GB': 358.84, 'host_free_GB': 135.76}
[2026-08-15 11:07:17] memory_utils.py:47 - [Rank 1] Memory-Usage before offload model: {'gpu': '1', 'total_GB': 94.97, 'free_GB': 71.98, 'used_GB': 22.99, 'allocated_GB': 16.01, 'reserved_GB': 18.15, 'host_total_GB': 1133.56, 'host_available_GB': 774.2, 'host_used_GB': 359.36, 'host_free_GB': 135.24}
[2026-08-15 11:07:19] reloadable_process_group.py:100 - Destroyed default nccl WORLD process group and initialized a temporary Gloo WORLD (generation 555)
[2026-08-15 11:07:24] memory_utils.py:47 - [Rank 1] Memory-Usage after offload model: {'gpu': '1', 'total_GB': 94.97, 'free_GB': 90.93, 'used_GB': 4.04, 'allocated_GB': 16.01, 'reserved_GB': 18.15, 'host_total_GB': 1133.56, 'host_available_GB': 741.74, 'host_used_GB': 391.82, 'host_free_GB': 102.77}
[2026-08-15 11:07:25] reloadable_process_group.py:121 - Reloaded default WORLD process group with backend nccl (generation 556)
[2026-08-15 11:07:25] reloadable_process_group.py:331 - Reloading 57 process groups in pid 31657: {'nccl': 50, 'gloo': 7}
[2026-08-15 11:07:25] memory_utils.py:47 - [Rank 1] Memory-Usage before update_weights: {'gpu': '1', 'total_GB': 94.97, 'free_GB': 87.65, 'used_GB': 7.32, 'allocated_GB': 16.01, 'reserved_GB': 18.15, 'host_total_GB': 1133.56, 'host_available_GB': 740.63, 'host_used_GB': 392.92, 'host_free_GB': 101.67}
[2026-08-15 11:07:25] memory_utils.py:47 - [Rank 1] Memory-Usage after update_weights: {'gpu': '1', 'total_GB': 94.97, 'free_GB': 87.67, 'used_GB': 7.3, 'allocated_GB': 16.01, 'reserved_GB': 18.15, 'host_total_GB': 1133.56, 'host_available_GB': 740.65, 'host_used_GB': 392.91, 'host_free_GB': 101.69}
[2026-08-15 11:07:25] reloadable_process_group.py:100 - Destroyed default nccl WORLD process group and initialized a temporary Gloo WORLD (generation 557)
[2026-08-15 11:08:46] memory_utils.py:47 - [Rank 1] Memory-Usage before wake_up model: {'gpu': '1', 'total_GB': 94.97, 'free_GB': 90.93, 'used_GB': 4.04, 'allocated_GB': 16.01, 'reserved_GB': 18.15, 'host_total_GB': 1133.56, 'host_available_GB': 740.08, 'host_used_GB': 393.47, 'host_free_GB': 99.03}
[2026-08-15 11:08:49] reloadable_process_group.py:121 - Reloaded default WORLD process group with backend nccl (generation 558)
[2026-08-15 11:08:49] reloadable_process_group.py:331 - Reloading 57 process groups in pid 31657: {'nccl': 50, 'gloo': 7}
[2026-08-15 11:08:49] memory_utils.py:47 - [Rank 1] Memory-Usage after wake_up model: {'gpu': '1', 'total_GB': 94.97, 'free_GB': 72.79, 'used_GB': 22.18, 'allocated_GB': 16.01, 'reserved_GB': 18.15, 'host_total_GB': 1133.56, 'host_available_GB': 774.19, 'host_used_GB': 359.37, 'host_free_GB': 135.21}
[2026-08-15 11:08:56] memory_utils.py:47 - [Rank 1] Memory-Usage before offload model: {'gpu': '1', 'total_GB': 94.97, 'free_GB': 71.98, 'used_GB': 22.99, 'allocated_GB': 16.01, 'reserved_GB': 18.15, 'host_total_GB': 1133.56, 'host_available_GB': 773.83, 'host_used_GB': 359.73, 'host_free_GB': 134.85}
[2026-08-15 11:08:58] reloadable_process_group.py:100 - Destroyed default nccl WORLD process group and initialized a temporary Gloo WORLD (generation 559)
[2026-08-15 11:09:03] memory_utils.py:47 - [Rank 1] Memory-Usage after offload model: {'gpu': '1', 'total_GB': 94.97, 'free_GB': 90.93, 'used_GB': 4.04, 'allocated_GB': 16.01, 'reserved_GB': 18.15, 'host_total_GB': 1133.56, 'host_available_GB': 741.3, 'host_used_GB': 392.26, 'host_free_GB': 102.33}
[2026-08-15 11:09:04] reloadable_process_group.py:121 - Reloaded default WORLD process group with backend nccl (generation 560)
[2026-08-15 11:09:04] reloadable_process_group.py:331 - Reloading 57 process groups in pid 31657: {'nccl': 50, 'gloo': 7}
[2026-08-15 11:09:04] memory_utils.py:47 - [Rank 1] Memory-Usage before update_weights: {'gpu': '1', 'total_GB': 94.97, 'free_GB': 87.65, 'used_GB': 7.32, 'allocated_GB': 16.01, 'reserved_GB': 18.15, 'host_total_GB': 1133.56, 'host_available_GB': 740.34, 'host_used_GB': 393.21, 'host_free_GB': 101.37}
[2026-08-15 11:09:05] memory_utils.py:47 - [Rank 1] Memory-Usage after update_weights: {'gpu': '1', 'total_GB': 94.97, 'free_GB': 87.67, 'used_GB': 7.3, 'allocated_GB': 16.01, 'reserved_GB': 18.15, 'host_total_GB': 1133.56, 'host_available_GB': 740.37, 'host_used_GB': 393.19, 'host_free_GB': 101.39}
[2026-08-15 11:09:05] reloadable_process_group.py:100 - Destroyed default nccl WORLD process group and initialized a temporary Gloo WORLD (generation 561)
[2026-08-15 11:10:25] memory_utils.py:47 - [Rank 1] Memory-Usage before wake_up model: {'gpu': '1', 'total_GB': 94.97, 'free_GB': 90.93, 'used_GB': 4.04, 'allocated_GB': 16.01, 'reserved_GB': 18.15, 'host_total_GB': 1133.56, 'host_available_GB': 740.71, 'host_used_GB': 392.84, 'host_free_GB': 101.73}
[2026-08-15 11:10:28] reloadable_process_group.py:121 - Reloaded default WORLD process group with backend nccl (generation 562)
[2026-08-15 11:10:28] reloadable_process_group.py:331 - Reloading 57 process groups in pid 31657: {'nccl': 50, 'gloo': 7}
[2026-08-15 11:10:28] memory_utils.py:47 - [Rank 1] Memory-Usage after wake_up model: {'gpu': '1', 'total_GB': 94.97, 'free_GB': 72.79, 'used_GB': 22.18, 'allocated_GB': 16.01, 'reserved_GB': 18.15, 'host_total_GB': 1133.56, 'host_available_GB': 774.69, 'host_used_GB': 358.87, 'host_free_GB': 135.7}
[2026-08-15 11:10:36] memory_utils.py:47 - [Rank 1] Memory-Usage before offload model: {'gpu': '1', 'total_GB': 94.97, 'free_GB': 71.98, 'used_GB': 22.99, 'allocated_GB': 16.01, 'reserved_GB': 18.15, 'host_total_GB': 1133.56, 'host_available_GB': 774.12, 'host_used_GB': 359.44, 'host_free_GB': 135.13}
[2026-08-15 11:10:37] reloadable_process_group.py:100 - Destroyed default nccl WORLD process group and initialized a temporary Gloo WORLD (generation 563)
[2026-08-15 11:10:42] memory_utils.py:47 - [Rank 1] Memory-Usage after offload model: {'gpu': '1', 'total_GB': 94.97, 'free_GB': 90.93, 'used_GB': 4.04, 'allocated_GB': 16.01, 'reserved_GB': 18.15, 'host_total_GB': 1133.56, 'host_available_GB': 741.47, 'host_used_GB': 392.09, 'host_free_GB': 102.49}
[2026-08-15 11:10:43] reloadable_process_group.py:121 - Reloaded default WORLD process group with backend nccl (generation 564)
[2026-08-15 11:10:43] reloadable_process_group.py:331 - Reloading 57 process groups in pid 31657: {'nccl': 50, 'gloo': 7}
[2026-08-15 11:10:43] memory_utils.py:47 - [Rank 1] Memory-Usage before update_weights: {'gpu': '1', 'total_GB': 94.97, 'free_GB': 87.65, 'used_GB': 7.32, 'allocated_GB': 16.01, 'reserved_GB': 18.15, 'host_total_GB': 1133.56, 'host_available_GB': 740.55, 'host_used_GB': 393.0, 'host_free_GB': 101.57}
[2026-08-15 11:10:43] memory_utils.py:47 - [Rank 1] Memory-Usage after update_weights: {'gpu': '1', 'total_GB': 94.97, 'free_GB': 87.67, 'used_GB': 7.3, 'allocated_GB': 16.01, 'reserved_GB': 18.15, 'host_total_GB': 1133.56, 'host_available_GB': 740.54, 'host_used_GB': 393.02, 'host_free_GB': 101.56}
[2026-08-15 11:10:43] reloadable_process_group.py:100 - Destroyed default nccl WORLD process group and initialized a temporary Gloo WORLD (generation 565)
[2026-08-15 11:12:05] memory_utils.py:47 - [Rank 1] Memory-Usage before wake_up model: {'gpu': '1', 'total_GB': 94.97, 'free_GB': 90.93, 'used_GB': 4.04, 'allocated_GB': 16.01, 'reserved_GB': 18.15, 'host_total_GB': 1133.56, 'host_available_GB': 740.69, 'host_used_GB': 392.87, 'host_free_GB': 101.7}
[2026-08-15 11:12:08] reloadable_process_group.py:121 - Reloaded default WORLD process group with backend nccl (generation 566)
[2026-08-15 11:12:08] reloadable_process_group.py:331 - Reloading 57 process groups in pid 31657: {'nccl': 50, 'gloo': 7}
[2026-08-15 11:12:08] memory_utils.py:47 - [Rank 1] Memory-Usage after wake_up model: {'gpu': '1', 'total_GB': 94.97, 'free_GB': 72.79, 'used_GB': 22.18, 'allocated_GB': 16.01, 'reserved_GB': 18.15, 'host_total_GB': 1133.56, 'host_available_GB': 774.69, 'host_used_GB': 358.87, 'host_free_GB': 135.7}
[2026-08-15 11:12:20] memory_utils.py:47 - [Rank 1] Memory-Usage before offload model: {'gpu': '1', 'total_GB': 94.97, 'free_GB': 71.98, 'used_GB': 22.99, 'allocated_GB': 16.01, 'reserved_GB': 18.15, 'host_total_GB': 1133.56, 'host_available_GB': 774.21, 'host_used_GB': 359.35, 'host_free_GB': 135.21}
[2026-08-15 11:12:21] reloadable_process_group.py:100 - Destroyed default nccl WORLD process group and initialized a temporary Gloo WORLD (generation 567)
[2026-08-15 11:12:26] memory_utils.py:47 - [Rank 1] Memory-Usage after offload model: {'gpu': '1', 'total_GB': 94.97, 'free_GB': 90.93, 'used_GB': 4.04, 'allocated_GB': 16.01, 'reserved_GB': 18.15, 'host_total_GB': 1133.56, 'host_available_GB': 741.56, 'host_used_GB': 392.0, 'host_free_GB': 102.56}
[2026-08-15 11:12:27] reloadable_process_group.py:121 - Reloaded default WORLD process group with backend nccl (generation 568)
[2026-08-15 11:12:27] reloadable_process_group.py:331 - Reloading 57 process groups in pid 31657: {'nccl': 50, 'gloo': 7}
[2026-08-15 11:12:27] memory_utils.py:47 - [Rank 1] Memory-Usage before update_weights: {'gpu': '1', 'total_GB': 94.97, 'free_GB': 87.65, 'used_GB': 7.32, 'allocated_GB': 16.01, 'reserved_GB': 18.15, 'host_total_GB': 1133.56, 'host_available_GB': 740.61, 'host_used_GB': 392.95, 'host_free_GB': 101.61}
[2026-08-15 11:12:28] memory_utils.py:47 - [Rank 1] Memory-Usage after update_weights: {'gpu': '1', 'total_GB': 94.97, 'free_GB': 87.67, 'used_GB': 7.3, 'allocated_GB': 16.01, 'reserved_GB': 18.15, 'host_total_GB': 1133.56, 'host_available_GB': 740.63, 'host_used_GB': 392.92, 'host_free_GB': 101.64}
[2026-08-15 11:12:28] reloadable_process_group.py:100 - Destroyed default nccl WORLD process group and initialized a temporary Gloo WORLD (generation 569)
[2026-08-15 11:13:47] memory_utils.py:47 - [Rank 1] Memory-Usage before wake_up model: {'gpu': '1', 'total_GB': 94.97, 'free_GB': 90.93, 'used_GB': 4.04, 'allocated_GB': 16.01, 'reserved_GB': 18.15, 'host_total_GB': 1133.56, 'host_available_GB': 740.81, 'host_used_GB': 392.75, 'host_free_GB': 101.81}
[2026-08-15 11:13:50] reloadable_process_group.py:121 - Reloaded default WORLD process group with backend nccl (generation 570)
[2026-08-15 11:13:50] reloadable_process_group.py:331 - Reloading 57 process groups in pid 31657: {'nccl': 50, 'gloo': 7}
[2026-08-15 11:13:50] memory_utils.py:47 - [Rank 1] Memory-Usage after wake_up model: {'gpu': '1', 'total_GB': 94.97, 'free_GB': 72.79, 'used_GB': 22.18, 'allocated_GB': 16.01, 'reserved_GB': 18.15, 'host_total_GB': 1133.56, 'host_available_GB': 774.79, 'host_used_GB': 358.76, 'host_free_GB': 135.79}
[2026-08-15 11:13:57] memory_utils.py:47 - [Rank 1] Memory-Usage before offload model: {'gpu': '1', 'total_GB': 94.97, 'free_GB': 71.98, 'used_GB': 22.99, 'allocated_GB': 16.01, 'reserved_GB': 18.15, 'host_total_GB': 1133.56, 'host_available_GB': 774.24, 'host_used_GB': 359.32, 'host_free_GB': 135.24}
[2026-08-15 11:13:58] reloadable_process_group.py:100 - Destroyed default nccl WORLD process group and initialized a temporary Gloo WORLD (generation 571)
[2026-08-15 11:14:04] memory_utils.py:47 - [Rank 1] Memory-Usage after offload model: {'gpu': '1', 'total_GB': 94.97, 'free_GB': 90.93, 'used_GB': 4.04, 'allocated_GB': 16.01, 'reserved_GB': 18.15, 'host_total_GB': 1133.56, 'host_available_GB': 741.45, 'host_used_GB': 392.1, 'host_free_GB': 102.45}
[2026-08-15 11:14:05] reloadable_process_group.py:121 - Reloaded default WORLD process group with backend nccl (generation 572)
[2026-08-15 11:14:05] reloadable_process_group.py:331 - Reloading 57 process groups in pid 31657: {'nccl': 50, 'gloo': 7}
[2026-08-15 11:14:05] memory_utils.py:47 - [Rank 1] Memory-Usage before update_weights: {'gpu': '1', 'total_GB': 94.97, 'free_GB': 87.65, 'used_GB': 7.32, 'allocated_GB': 16.01, 'reserved_GB': 18.15, 'host_total_GB': 1133.56, 'host_available_GB': 740.69, 'host_used_GB': 392.87, 'host_free_GB': 101.68}
[2026-08-15 11:14:05] memory_utils.py:47 - [Rank 1] Memory-Usage after update_weights: {'gpu': '1', 'total_GB': 94.97, 'free_GB': 87.67, 'used_GB': 7.3, 'allocated_GB': 16.01, 'reserved_GB': 18.15, 'host_total_GB': 1133.56, 'host_available_GB': 740.69, 'host_used_GB': 392.87, 'host_free_GB': 101.68}
[2026-08-15 11:14:05] reloadable_process_group.py:100 - Destroyed default nccl WORLD process group and initialized a temporary Gloo WORLD (generation 573)
[2026-08-15 11:15:24] memory_utils.py:47 - [Rank 1] Memory-Usage before wake_up model: {'gpu': '1', 'total_GB': 94.97, 'free_GB': 90.93, 'used_GB': 4.04, 'allocated_GB': 16.01, 'reserved_GB': 18.15, 'host_total_GB': 1133.56, 'host_available_GB': 739.75, 'host_used_GB': 393.81, 'host_free_GB': 98.01}
[2026-08-15 11:15:27] reloadable_process_group.py:121 - Reloaded default WORLD process group with backend nccl (generation 574)
[2026-08-15 11:15:27] reloadable_process_group.py:331 - Reloading 57 process groups in pid 31657: {'nccl': 50, 'gloo': 7}
[2026-08-15 11:15:28] memory_utils.py:47 - [Rank 1] Memory-Usage after wake_up model: {'gpu': '1', 'total_GB': 94.97, 'free_GB': 72.79, 'used_GB': 22.18, 'allocated_GB': 16.01, 'reserved_GB': 18.15, 'host_total_GB': 1133.56, 'host_available_GB': 774.0, 'host_used_GB': 359.56, 'host_free_GB': 132.26}
[2026-08-15 11:15:35] memory_utils.py:47 - [Rank 1] Memory-Usage before offload model: {'gpu': '1', 'total_GB': 94.97, 'free_GB': 71.98, 'used_GB': 22.99, 'allocated_GB': 16.01, 'reserved_GB': 18.15, 'host_total_GB': 1133.56, 'host_available_GB': 773.74, 'host_used_GB': 359.81, 'host_free_GB': 132.0}
[2026-08-15 11:15:35] reloadable_process_group.py:100 - Destroyed default nccl WORLD process group and initialized a temporary Gloo WORLD (generation 575)
[2026-08-15 11:15:41] memory_utils.py:47 - [Rank 1] Memory-Usage after offload model: {'gpu': '1', 'total_GB': 94.97, 'free_GB': 90.93, 'used_GB': 4.04, 'allocated_GB': 16.01, 'reserved_GB': 18.15, 'host_total_GB': 1133.56, 'host_available_GB': 741.35, 'host_used_GB': 392.21, 'host_free_GB': 99.61}
[2026-08-15 11:15:41] reloadable_process_group.py:121 - Reloaded default WORLD process group with backend nccl (generation 576)
[2026-08-15 11:15:41] reloadable_process_group.py:331 - Reloading 57 process groups in pid 31657: {'nccl': 50, 'gloo': 7}
[2026-08-15 11:15:41] memory_utils.py:47 - [Rank 1] Memory-Usage before update_weights: {'gpu': '1', 'total_GB': 94.97, 'free_GB': 87.65, 'used_GB': 7.32, 'allocated_GB': 16.01, 'reserved_GB': 18.15, 'host_total_GB': 1133.56, 'host_available_GB': 740.24, 'host_used_GB': 393.32, 'host_free_GB': 98.5}
[2026-08-15 11:15:42] memory_utils.py:47 - [Rank 1] Memory-Usage after update_weights: {'gpu': '1', 'total_GB': 94.97, 'free_GB': 87.67, 'used_GB': 7.3, 'allocated_GB': 16.01, 'reserved_GB': 18.15, 'host_total_GB': 1133.56, 'host_available_GB': 740.26, 'host_used_GB': 393.29, 'host_free_GB': 98.52}
[2026-08-15 11:15:42] reloadable_process_group.py:100 - Destroyed default nccl WORLD process group and initialized a temporary Gloo WORLD (generation 577)
[2026-08-15 11:17:00] memory_utils.py:47 - [Rank 1] Memory-Usage before wake_up model: {'gpu': '1', 'total_GB': 94.97, 'free_GB': 90.93, 'used_GB': 4.04, 'allocated_GB': 16.01, 'reserved_GB': 18.15, 'host_total_GB': 1133.56, 'host_available_GB': 740.74, 'host_used_GB': 392.81, 'host_free_GB': 102.7}
[2026-08-15 11:17:03] reloadable_process_group.py:121 - Reloaded default WORLD process group with backend nccl (generation 578)
[2026-08-15 11:17:03] reloadable_process_group.py:331 - Reloading 57 process groups in pid 31657: {'nccl': 50, 'gloo': 7}
[2026-08-15 11:17:04] memory_utils.py:47 - [Rank 1] Memory-Usage after wake_up model: {'gpu': '1', 'total_GB': 94.97, 'free_GB': 72.79, 'used_GB': 22.18, 'allocated_GB': 16.01, 'reserved_GB': 18.15, 'host_total_GB': 1133.56, 'host_available_GB': 774.66, 'host_used_GB': 358.9, 'host_free_GB': 138.36}
[2026-08-15 11:17:11] memory_utils.py:47 - [Rank 1] Memory-Usage before offload model: {'gpu': '1', 'total_GB': 94.97, 'free_GB': 71.98, 'used_GB': 22.99, 'allocated_GB': 16.01, 'reserved_GB': 18.15, 'host_total_GB': 1133.56, 'host_available_GB': 774.16, 'host_used_GB': 359.4, 'host_free_GB': 137.86}
[2026-08-15 11:17:12] reloadable_process_group.py:100 - Destroyed default nccl WORLD process group and initialized a temporary Gloo WORLD (generation 579)
[2026-08-15 11:17:17] memory_utils.py:47 - [Rank 1] Memory-Usage after offload model: {'gpu': '1', 'total_GB': 94.97, 'free_GB': 90.93, 'used_GB': 4.04, 'allocated_GB': 16.01, 'reserved_GB': 18.15, 'host_total_GB': 1133.56, 'host_available_GB': 741.2, 'host_used_GB': 392.36, 'host_free_GB': 104.9}
[2026-08-15 11:17:18] reloadable_process_group.py:121 - Reloaded default WORLD process group with backend nccl (generation 580)
[2026-08-15 11:17:18] reloadable_process_group.py:331 - Reloading 57 process groups in pid 31657: {'nccl': 50, 'gloo': 7}
[2026-08-15 11:17:18] memory_utils.py:47 - [Rank 1] Memory-Usage before update_weights: {'gpu': '1', 'total_GB': 94.97, 'free_GB': 87.65, 'used_GB': 7.32, 'allocated_GB': 16.01, 'reserved_GB': 18.15, 'host_total_GB': 1133.56, 'host_available_GB': 740.43, 'host_used_GB': 393.13, 'host_free_GB': 104.13}
[2026-08-15 11:17:19] memory_utils.py:47 - [Rank 1] Memory-Usage after update_weights: {'gpu': '1', 'total_GB': 94.97, 'free_GB': 87.67, 'used_GB': 7.3, 'allocated_GB': 16.01, 'reserved_GB': 18.15, 'host_total_GB': 1133.56, 'host_available_GB': 740.43, 'host_used_GB': 393.13, 'host_free_GB': 104.13}
[2026-08-15 11:17:19] reloadable_process_group.py:100 - Destroyed default nccl WORLD process group and initialized a temporary Gloo WORLD (generation 581)
[2026-08-15 11:18:37] memory_utils.py:47 - [Rank 1] Memory-Usage before wake_up model: {'gpu': '1', 'total_GB': 94.97, 'free_GB': 90.93, 'used_GB': 4.04, 'allocated_GB': 16.01, 'reserved_GB': 18.15, 'host_total_GB': 1133.56, 'host_available_GB': 739.84, 'host_used_GB': 393.72, 'host_free_GB': 100.82}
[2026-08-15 11:18:40] reloadable_process_group.py:121 - Reloaded default WORLD process group with backend nccl (generation 582)
[2026-08-15 11:18:40] reloadable_process_group.py:331 - Reloading 57 process groups in pid 31657: {'nccl': 50, 'gloo': 7}
[2026-08-15 11:18:40] memory_utils.py:47 - [Rank 1] Memory-Usage after wake_up model: {'gpu': '1', 'total_GB': 94.97, 'free_GB': 72.79, 'used_GB': 22.18, 'allocated_GB': 16.01, 'reserved_GB': 18.15, 'host_total_GB': 1133.56, 'host_available_GB': 773.92, 'host_used_GB': 359.63, 'host_free_GB': 134.9}
[2026-08-15 11:18:52] memory_utils.py:47 - [Rank 1] Memory-Usage before offload model: {'gpu': '1', 'total_GB': 94.97, 'free_GB': 71.98, 'used_GB': 22.99, 'allocated_GB': 16.01, 'reserved_GB': 18.15, 'host_total_GB': 1133.56, 'host_available_GB': 773.68, 'host_used_GB': 359.88, 'host_free_GB': 137.37}
[2026-08-15 11:18:54] reloadable_process_group.py:100 - Destroyed default nccl WORLD process group and initialized a temporary Gloo WORLD (generation 583)
[2026-08-15 11:18:59] memory_utils.py:47 - [Rank 1] Memory-Usage after offload model: {'gpu': '1', 'total_GB': 94.97, 'free_GB': 90.93, 'used_GB': 4.04, 'allocated_GB': 16.01, 'reserved_GB': 18.15, 'host_total_GB': 1133.56, 'host_available_GB': 741.25, 'host_used_GB': 392.31, 'host_free_GB': 104.94}
[2026-08-15 11:19:00] reloadable_process_group.py:121 - Reloaded default WORLD process group with backend nccl (generation 584)
[2026-08-15 11:19:00] reloadable_process_group.py:331 - Reloading 57 process groups in pid 31657: {'nccl': 50, 'gloo': 7}
[2026-08-15 11:19:00] memory_utils.py:47 - [Rank 1] Memory-Usage before update_weights: {'gpu': '1', 'total_GB': 94.97, 'free_GB': 87.65, 'used_GB': 7.32, 'allocated_GB': 16.01, 'reserved_GB': 18.15, 'host_total_GB': 1133.56, 'host_available_GB': 740.25, 'host_used_GB': 393.31, 'host_free_GB': 103.94}
[2026-08-15 11:19:00] memory_utils.py:47 - [Rank 1] Memory-Usage after update_weights: {'gpu': '1', 'total_GB': 94.97, 'free_GB': 87.67, 'used_GB': 7.3, 'allocated_GB': 16.01, 'reserved_GB': 18.15, 'host_total_GB': 1133.56, 'host_available_GB': 740.24, 'host_used_GB': 393.31, 'host_free_GB': 103.94}
[2026-08-15 11:19:00] reloadable_process_group.py:100 - Destroyed default nccl WORLD process group and initialized a temporary Gloo WORLD (generation 585)
[2026-08-15 11:20:20] memory_utils.py:47 - [Rank 1] Memory-Usage before wake_up model: {'gpu': '1', 'total_GB': 94.97, 'free_GB': 90.93, 'used_GB': 4.04, 'allocated_GB': 16.01, 'reserved_GB': 18.15, 'host_total_GB': 1133.56, 'host_available_GB': 740.76, 'host_used_GB': 392.8, 'host_free_GB': 104.44}
[2026-08-15 11:20:23] reloadable_process_group.py:121 - Reloaded default WORLD process group with backend nccl (generation 586)
[2026-08-15 11:20:23] reloadable_process_group.py:331 - Reloading 57 process groups in pid 31657: {'nccl': 50, 'gloo': 7}
[2026-08-15 11:20:23] memory_utils.py:47 - [Rank 1] Memory-Usage after wake_up model: {'gpu': '1', 'total_GB': 94.97, 'free_GB': 72.79, 'used_GB': 22.18, 'allocated_GB': 16.01, 'reserved_GB': 18.15, 'host_total_GB': 1133.56, 'host_available_GB': 774.7, 'host_used_GB': 358.86, 'host_free_GB': 138.38}
[2026-08-15 11:20:31] memory_utils.py:47 - [Rank 1] Memory-Usage before offload model: {'gpu': '1', 'total_GB': 94.97, 'free_GB': 71.98, 'used_GB': 22.99, 'allocated_GB': 16.01, 'reserved_GB': 18.15, 'host_total_GB': 1133.56, 'host_available_GB': 774.26, 'host_used_GB': 359.3, 'host_free_GB': 137.94}
[2026-08-15 11:20:33] reloadable_process_group.py:100 - Destroyed default nccl WORLD process group and initialized a temporary Gloo WORLD (generation 587)
[2026-08-15 11:20:38] memory_utils.py:47 - [Rank 1] Memory-Usage after offload model: {'gpu': '1', 'total_GB': 94.97, 'free_GB': 90.93, 'used_GB': 4.04, 'allocated_GB': 16.01, 'reserved_GB': 18.15, 'host_total_GB': 1133.56, 'host_available_GB': 741.73, 'host_used_GB': 391.82, 'host_free_GB': 105.42}
[2026-08-15 11:20:39] reloadable_process_group.py:121 - Reloaded default WORLD process group with backend nccl (generation 588)
[2026-08-15 11:20:39] reloadable_process_group.py:331 - Reloading 57 process groups in pid 31657: {'nccl': 50, 'gloo': 7}
[2026-08-15 11:20:39] memory_utils.py:47 - [Rank 1] Memory-Usage before update_weights: {'gpu': '1', 'total_GB': 94.97, 'free_GB': 87.65, 'used_GB': 7.32, 'allocated_GB': 16.01, 'reserved_GB': 18.15, 'host_total_GB': 1133.56, 'host_available_GB': 740.69, 'host_used_GB': 392.87, 'host_free_GB': 104.37}
[2026-08-15 11:20:39] memory_utils.py:47 - [Rank 1] Memory-Usage after update_weights: {'gpu': '1', 'total_GB': 94.97, 'free_GB': 87.67, 'used_GB': 7.3, 'allocated_GB': 16.01, 'reserved_GB': 18.15, 'host_total_GB': 1133.56, 'host_available_GB': 740.69, 'host_used_GB': 392.87, 'host_free_GB': 104.37}
[2026-08-15 11:20:39] reloadable_process_group.py:100 - Destroyed default nccl WORLD process group and initialized a temporary Gloo WORLD (generation 589)
[2026-08-15 11:21:58] memory_utils.py:47 - [Rank 1] Memory-Usage before wake_up model: {'gpu': '1', 'total_GB': 94.97, 'free_GB': 90.93, 'used_GB': 4.04, 'allocated_GB': 16.01, 'reserved_GB': 18.15, 'host_total_GB': 1133.56, 'host_available_GB': 740.85, 'host_used_GB': 392.71, 'host_free_GB': 104.52}
[2026-08-15 11:22:01] reloadable_process_group.py:121 - Reloaded default WORLD process group with backend nccl (generation 590)
[2026-08-15 11:22:01] reloadable_process_group.py:331 - Reloading 57 process groups in pid 31657: {'nccl': 50, 'gloo': 7}
[2026-08-15 11:22:02] memory_utils.py:47 - [Rank 1] Memory-Usage after wake_up model: {'gpu': '1', 'total_GB': 94.97, 'free_GB': 72.79, 'used_GB': 22.18, 'allocated_GB': 16.01, 'reserved_GB': 18.15, 'host_total_GB': 1133.56, 'host_available_GB': 774.61, 'host_used_GB': 358.94, 'host_free_GB': 138.29}
[2026-08-15 11:22:10] memory_utils.py:47 - [Rank 1] Memory-Usage before offload model: {'gpu': '1', 'total_GB': 94.97, 'free_GB': 71.99, 'used_GB': 22.98, 'allocated_GB': 16.01, 'reserved_GB': 18.15, 'host_total_GB': 1133.56, 'host_available_GB': 774.25, 'host_used_GB': 359.31, 'host_free_GB': 137.92}
[2026-08-15 11:22:11] reloadable_process_group.py:100 - Destroyed default nccl WORLD process group and initialized a temporary Gloo WORLD (generation 591)
[2026-08-15 11:22:17] memory_utils.py:47 - [Rank 1] Memory-Usage after offload model: {'gpu': '1', 'total_GB': 94.97, 'free_GB': 90.93, 'used_GB': 4.04, 'allocated_GB': 16.01, 'reserved_GB': 18.15, 'host_total_GB': 1133.56, 'host_available_GB': 741.45, 'host_used_GB': 392.11, 'host_free_GB': 105.12}
[2026-08-15 11:22:17] reloadable_process_group.py:121 - Reloaded default WORLD process group with backend nccl (generation 592)
[2026-08-15 11:22:17] reloadable_process_group.py:331 - Reloading 57 process groups in pid 31657: {'nccl': 50, 'gloo': 7}
[2026-08-15 11:22:17] memory_utils.py:47 - [Rank 1] Memory-Usage before update_weights: {'gpu': '1', 'total_GB': 94.97, 'free_GB': 87.65, 'used_GB': 7.32, 'allocated_GB': 16.01, 'reserved_GB': 18.15, 'host_total_GB': 1133.56, 'host_available_GB': 740.64, 'host_used_GB': 392.91, 'host_free_GB': 104.31}
[2026-08-15 11:22:17] memory_utils.py:47 - [Rank 1] Memory-Usage after update_weights: {'gpu': '1', 'total_GB': 94.97, 'free_GB': 87.67, 'used_GB': 7.3, 'allocated_GB': 16.01, 'reserved_GB': 18.15, 'host_total_GB': 1133.56, 'host_available_GB': 740.65, 'host_used_GB': 392.91, 'host_free_GB': 104.32}
[2026-08-15 11:22:18] reloadable_process_group.py:100 - Destroyed default nccl WORLD process group and initialized a temporary Gloo WORLD (generation 593)
[2026-08-15 11:23:38] memory_utils.py:47 - [Rank 1] Memory-Usage before wake_up model: {'gpu': '1', 'total_GB': 94.97, 'free_GB': 90.93, 'used_GB': 4.04, 'allocated_GB': 16.01, 'reserved_GB': 18.15, 'host_total_GB': 1133.56, 'host_available_GB': 740.82, 'host_used_GB': 392.74, 'host_free_GB': 104.48}
[2026-08-15 11:23:41] reloadable_process_group.py:121 - Reloaded default WORLD process group with backend nccl (generation 594)
[2026-08-15 11:23:41] reloadable_process_group.py:331 - Reloading 57 process groups in pid 31657: {'nccl': 50, 'gloo': 7}
[2026-08-15 11:23:41] memory_utils.py:47 - [Rank 1] Memory-Usage after wake_up model: {'gpu': '1', 'total_GB': 94.97, 'free_GB': 72.79, 'used_GB': 22.18, 'allocated_GB': 16.01, 'reserved_GB': 18.15, 'host_total_GB': 1133.56, 'host_available_GB': 774.82, 'host_used_GB': 358.74, 'host_free_GB': 138.48}
[2026-08-15 11:23:48] memory_utils.py:47 - [Rank 1] Memory-Usage before offload model: {'gpu': '1', 'total_GB': 94.97, 'free_GB': 71.99, 'used_GB': 22.98, 'allocated_GB': 16.01, 'reserved_GB': 18.15, 'host_total_GB': 1133.56, 'host_available_GB': 774.3, 'host_used_GB': 359.26, 'host_free_GB': 137.96}
[2026-08-15 11:23:49] reloadable_process_group.py:100 - Destroyed default nccl WORLD process group and initialized a temporary Gloo WORLD (generation 595)
[2026-08-15 11:23:54] memory_utils.py:47 - [Rank 1] Memory-Usage after offload model: {'gpu': '1', 'total_GB': 94.97, 'free_GB': 90.93, 'used_GB': 4.04, 'allocated_GB': 16.01, 'reserved_GB': 18.15, 'host_total_GB': 1133.56, 'host_available_GB': 741.88, 'host_used_GB': 391.68, 'host_free_GB': 105.54}
[2026-08-15 11:23:55] reloadable_process_group.py:121 - Reloaded default WORLD process group with backend nccl (generation 596)
[2026-08-15 11:23:55] reloadable_process_group.py:331 - Reloading 57 process groups in pid 31657: {'nccl': 50, 'gloo': 7}
[2026-08-15 11:23:55] memory_utils.py:47 - [Rank 1] Memory-Usage before update_weights: {'gpu': '1', 'total_GB': 94.97, 'free_GB': 87.65, 'used_GB': 7.32, 'allocated_GB': 16.01, 'reserved_GB': 18.15, 'host_total_GB': 1133.56, 'host_available_GB': 740.8, 'host_used_GB': 392.76, 'host_free_GB': 104.46}
[2026-08-15 11:23:56] memory_utils.py:47 - [Rank 1] Memory-Usage after update_weights: {'gpu': '1', 'total_GB': 94.97, 'free_GB': 87.67, 'used_GB': 7.3, 'allocated_GB': 16.01, 'reserved_GB': 18.15, 'host_total_GB': 1133.56, 'host_available_GB': 740.8, 'host_used_GB': 392.76, 'host_free_GB': 104.46}
[2026-08-15 11:23:56] reloadable_process_group.py:100 - Destroyed default nccl WORLD process group and initialized a temporary Gloo WORLD (generation 597)
[2026-08-15 11:25:18] memory_utils.py:47 - [Rank 1] Memory-Usage before wake_up model: {'gpu': '1', 'total_GB': 94.97, 'free_GB': 90.93, 'used_GB': 4.04, 'allocated_GB': 16.01, 'reserved_GB': 18.15, 'host_total_GB': 1133.56, 'host_available_GB': 740.82, 'host_used_GB': 392.74, 'host_free_GB': 104.47}
[2026-08-15 11:25:21] reloadable_process_group.py:121 - Reloaded default WORLD process group with backend nccl (generation 598)
[2026-08-15 11:25:21] reloadable_process_group.py:331 - Reloading 57 process groups in pid 31657: {'nccl': 50, 'gloo': 7}
[2026-08-15 11:25:21] memory_utils.py:47 - [Rank 1] Memory-Usage after wake_up model: {'gpu': '1', 'total_GB': 94.97, 'free_GB': 72.79, 'used_GB': 22.18, 'allocated_GB': 16.01, 'reserved_GB': 18.15, 'host_total_GB': 1133.56, 'host_available_GB': 774.79, 'host_used_GB': 358.77, 'host_free_GB': 138.44}
[2026-08-15 11:25:34] memory_utils.py:47 - [Rank 1] Memory-Usage before offload model: {'gpu': '1', 'total_GB': 94.97, 'free_GB': 71.99, 'used_GB': 22.98, 'allocated_GB': 16.01, 'reserved_GB': 18.15, 'host_total_GB': 1133.56, 'host_available_GB': 774.28, 'host_used_GB': 359.28, 'host_free_GB': 137.93}
[2026-08-15 11:25:35] reloadable_process_group.py:100 - Destroyed default nccl WORLD process group and initialized a temporary Gloo WORLD (generation 599)
[2026-08-15 11:25:41] memory_utils.py:47 - [Rank 1] Memory-Usage after offload model: {'gpu': '1', 'total_GB': 94.97, 'free_GB': 90.93, 'used_GB': 4.04, 'allocated_GB': 16.01, 'reserved_GB': 18.15, 'host_total_GB': 1133.56, 'host_available_GB': 741.86, 'host_used_GB': 391.69, 'host_free_GB': 105.51}
[2026-08-15 11:25:41] reloadable_process_group.py:121 - Reloaded default WORLD process group with backend nccl (generation 600)
[2026-08-15 11:25:41] reloadable_process_group.py:331 - Reloading 57 process groups in pid 31657: {'nccl': 50, 'gloo': 7}
[2026-08-15 11:25:41] memory_utils.py:47 - [Rank 1] Memory-Usage before update_weights: {'gpu': '1', 'total_GB': 94.97, 'free_GB': 87.65, 'used_GB': 7.32, 'allocated_GB': 16.01, 'reserved_GB': 18.15, 'host_total_GB': 1133.56, 'host_available_GB': 740.72, 'host_used_GB': 392.84, 'host_free_GB': 104.36}
[2026-08-15 11:25:42] memory_utils.py:47 - [Rank 1] Memory-Usage after update_weights: {'gpu': '1', 'total_GB': 94.97, 'free_GB': 87.67, 'used_GB': 7.3, 'allocated_GB': 16.01, 'reserved_GB': 18.15, 'host_total_GB': 1133.56, 'host_available_GB': 740.74, 'host_used_GB': 392.82, 'host_free_GB': 104.38}
[2026-08-15 11:25:42] reloadable_process_group.py:100 - Destroyed default nccl WORLD process group and initialized a temporary Gloo WORLD (generation 601)
[2026-08-15 11:27:04] memory_utils.py:47 - [Rank 1] Memory-Usage before wake_up model: {'gpu': '1', 'total_GB': 94.97, 'free_GB': 90.93, 'used_GB': 4.04, 'allocated_GB': 16.01, 'reserved_GB': 18.15, 'host_total_GB': 1133.56, 'host_available_GB': 740.05, 'host_used_GB': 393.51, 'host_free_GB': 102.65}
[2026-08-15 11:27:07] reloadable_process_group.py:121 - Reloaded default WORLD process group with backend nccl (generation 602)
[2026-08-15 11:27:07] reloadable_process_group.py:331 - Reloading 57 process groups in pid 31657: {'nccl': 50, 'gloo': 7}
[2026-08-15 11:27:08] memory_utils.py:47 - [Rank 1] Memory-Usage after wake_up model: {'gpu': '1', 'total_GB': 94.97, 'free_GB': 72.79, 'used_GB': 22.18, 'allocated_GB': 16.01, 'reserved_GB': 18.15, 'host_total_GB': 1133.56, 'host_available_GB': 773.86, 'host_used_GB': 359.7, 'host_free_GB': 136.11}
[2026-08-15 11:27:15] memory_utils.py:47 - [Rank 1] Memory-Usage before offload model: {'gpu': '1', 'total_GB': 94.97, 'free_GB': 71.99, 'used_GB': 22.98, 'allocated_GB': 16.01, 'reserved_GB': 18.15, 'host_total_GB': 1133.56, 'host_available_GB': 773.61, 'host_used_GB': 359.95, 'host_free_GB': 135.67}
[2026-08-15 11:27:17] reloadable_process_group.py:100 - Destroyed default nccl WORLD process group and initialized a temporary Gloo WORLD (generation 603)
[2026-08-15 11:27:22] memory_utils.py:47 - [Rank 1] Memory-Usage after offload model: {'gpu': '1', 'total_GB': 94.97, 'free_GB': 90.93, 'used_GB': 4.04, 'allocated_GB': 16.01, 'reserved_GB': 18.15, 'host_total_GB': 1133.56, 'host_available_GB': 740.54, 'host_used_GB': 393.02, 'host_free_GB': 101.45}
[2026-08-15 11:27:23] reloadable_process_group.py:121 - Reloaded default WORLD process group with backend nccl (generation 604)
[2026-08-15 11:27:23] reloadable_process_group.py:331 - Reloading 57 process groups in pid 31657: {'nccl': 50, 'gloo': 7}
[2026-08-15 11:27:23] memory_utils.py:47 - [Rank 1] Memory-Usage before update_weights: {'gpu': '1', 'total_GB': 94.97, 'free_GB': 87.65, 'used_GB': 7.32, 'allocated_GB': 16.01, 'reserved_GB': 18.15, 'host_total_GB': 1133.56, 'host_available_GB': 739.53, 'host_used_GB': 394.03, 'host_free_GB': 100.44}
[2026-08-15 11:27:23] memory_utils.py:47 - [Rank 1] Memory-Usage after update_weights: {'gpu': '1', 'total_GB': 94.97, 'free_GB': 87.67, 'used_GB': 7.3, 'allocated_GB': 16.01, 'reserved_GB': 18.15, 'host_total_GB': 1133.56, 'host_available_GB': 739.51, 'host_used_GB': 394.05, 'host_free_GB': 100.42}
[2026-08-15 11:27:23] reloadable_process_group.py:100 - Destroyed default nccl WORLD process group and initialized a temporary Gloo WORLD (generation 605)
[2026-08-15 12:16:37] memory_utils.py:47 - [Rank 1] Memory-Usage before wake_up model: {'gpu': '1', 'total_GB': 94.97, 'free_GB': 90.93, 'used_GB': 4.04, 'allocated_GB': 16.01, 'reserved_GB': 18.15, 'host_total_GB': 1133.56, 'host_available_GB': 741.09, 'host_used_GB': 392.47, 'host_free_GB': 107.12}
[2026-08-15 12:16:40] reloadable_process_group.py:121 - Reloaded default WORLD process group with backend nccl (generation 606)
[2026-08-15 12:16:40] reloadable_process_group.py:331 - Reloading 57 process groups in pid 31657: {'nccl': 50, 'gloo': 7}
[2026-08-15 12:16:40] memory_utils.py:47 - [Rank 1] Memory-Usage after wake_up model: {'gpu': '1', 'total_GB': 94.97, 'free_GB': 72.79, 'used_GB': 22.18, 'allocated_GB': 16.01, 'reserved_GB': 18.15, 'host_total_GB': 1133.56, 'host_available_GB': 775.02, 'host_used_GB': 358.54, 'host_free_GB': 141.05}
[2026-08-15 12:16:47] memory_utils.py:47 - [Rank 1] Memory-Usage before offload model: {'gpu': '1', 'total_GB': 94.97, 'free_GB': 71.99, 'used_GB': 22.98, 'allocated_GB': 16.01, 'reserved_GB': 18.15, 'host_total_GB': 1133.56, 'host_available_GB': 774.46, 'host_used_GB': 359.09, 'host_free_GB': 140.49}
[2026-08-15 12:16:48] reloadable_process_group.py:100 - Destroyed default nccl WORLD process group and initialized a temporary Gloo WORLD (generation 607)
[2026-08-15 12:16:53] memory_utils.py:47 - [Rank 1] Memory-Usage after offload model: {'gpu': '1', 'total_GB': 94.97, 'free_GB': 90.93, 'used_GB': 4.04, 'allocated_GB': 16.01, 'reserved_GB': 18.15, 'host_total_GB': 1133.56, 'host_available_GB': 741.85, 'host_used_GB': 391.71, 'host_free_GB': 107.88}
[2026-08-15 12:16:54] reloadable_process_group.py:121 - Reloaded default WORLD process group with backend nccl (generation 608)
[2026-08-15 12:16:54] reloadable_process_group.py:331 - Reloading 57 process groups in pid 31657: {'nccl': 50, 'gloo': 7}
[2026-08-15 12:16:54] memory_utils.py:47 - [Rank 1] Memory-Usage before update_weights: {'gpu': '1', 'total_GB': 94.97, 'free_GB': 87.65, 'used_GB': 7.32, 'allocated_GB': 16.01, 'reserved_GB': 18.15, 'host_total_GB': 1133.56, 'host_available_GB': 740.93, 'host_used_GB': 392.62, 'host_free_GB': 106.96}
[2026-08-15 12:16:54] memory_utils.py:47 - [Rank 1] Memory-Usage after update_weights: {'gpu': '1', 'total_GB': 94.97, 'free_GB': 87.67, 'used_GB': 7.3, 'allocated_GB': 16.01, 'reserved_GB': 18.15, 'host_total_GB': 1133.56, 'host_available_GB': 740.95, 'host_used_GB': 392.6, 'host_free_GB': 106.98}
[2026-08-15 12:16:55] reloadable_process_group.py:100 - Destroyed default nccl WORLD process group and initialized a temporary Gloo WORLD (generation 609)
[2026-08-15 12:18:13] memory_utils.py:47 - [Rank 1] Memory-Usage before wake_up model: {'gpu': '1', 'total_GB': 94.97, 'free_GB': 90.93, 'used_GB': 4.04, 'allocated_GB': 16.01, 'reserved_GB': 18.15, 'host_total_GB': 1133.56, 'host_available_GB': 741.03, 'host_used_GB': 392.52, 'host_free_GB': 107.06}
[2026-08-15 12:18:16] reloadable_process_group.py:121 - Reloaded default WORLD process group with backend nccl (generation 610)
[2026-08-15 12:18:16] reloadable_process_group.py:331 - Reloading 57 process groups in pid 31657: {'nccl': 50, 'gloo': 7}
[2026-08-15 12:18:16] memory_utils.py:47 - [Rank 1] Memory-Usage after wake_up model: {'gpu': '1', 'total_GB': 94.97, 'free_GB': 72.79, 'used_GB': 22.18, 'allocated_GB': 16.01, 'reserved_GB': 18.15, 'host_total_GB': 1133.56, 'host_available_GB': 774.95, 'host_used_GB': 358.6, 'host_free_GB': 140.97}
[2026-08-15 12:18:23] memory_utils.py:47 - [Rank 1] Memory-Usage before offload model: {'gpu': '1', 'total_GB': 94.97, 'free_GB': 71.99, 'used_GB': 22.98, 'allocated_GB': 16.01, 'reserved_GB': 18.15, 'host_total_GB': 1133.56, 'host_available_GB': 774.5, 'host_used_GB': 359.05, 'host_free_GB': 140.52}
[2026-08-15 12:18:24] reloadable_process_group.py:100 - Destroyed default nccl WORLD process group and initialized a temporary Gloo WORLD (generation 611)
[2026-08-15 12:18:30] memory_utils.py:47 - [Rank 1] Memory-Usage after offload model: {'gpu': '1', 'total_GB': 94.97, 'free_GB': 90.93, 'used_GB': 4.04, 'allocated_GB': 16.01, 'reserved_GB': 18.15, 'host_total_GB': 1133.56, 'host_available_GB': 741.86, 'host_used_GB': 391.69, 'host_free_GB': 107.88}
[2026-08-15 12:18:30] reloadable_process_group.py:121 - Reloaded default WORLD process group with backend nccl (generation 612)
[2026-08-15 12:18:30] reloadable_process_group.py:331 - Reloading 57 process groups in pid 31657: {'nccl': 50, 'gloo': 7}
[2026-08-15 12:18:30] memory_utils.py:47 - [Rank 1] Memory-Usage before update_weights: {'gpu': '1', 'total_GB': 94.97, 'free_GB': 87.65, 'used_GB': 7.32, 'allocated_GB': 16.01, 'reserved_GB': 18.15, 'host_total_GB': 1133.56, 'host_available_GB': 740.96, 'host_used_GB': 392.6, 'host_free_GB': 106.98}
[2026-08-15 12:18:31] memory_utils.py:47 - [Rank 1] Memory-Usage after update_weights: {'gpu': '1', 'total_GB': 94.97, 'free_GB': 87.67, 'used_GB': 7.3, 'allocated_GB': 16.01, 'reserved_GB': 18.15, 'host_total_GB': 1133.56, 'host_available_GB': 740.97, 'host_used_GB': 392.58, 'host_free_GB': 106.99}
[2026-08-15 12:18:31] reloadable_process_group.py:100 - Destroyed default nccl WORLD process group and initialized a temporary Gloo WORLD (generation 613)
[2026-08-15 12:19:48] memory_utils.py:47 - [Rank 1] Memory-Usage before wake_up model: {'gpu': '1', 'total_GB': 94.97, 'free_GB': 90.93, 'used_GB': 4.04, 'allocated_GB': 16.01, 'reserved_GB': 18.15, 'host_total_GB': 1133.56, 'host_available_GB': 741.05, 'host_used_GB': 392.51, 'host_free_GB': 107.06}
[2026-08-15 12:19:51] reloadable_process_group.py:121 - Reloaded default WORLD process group with backend nccl (generation 614)
[2026-08-15 12:19:51] reloadable_process_group.py:331 - Reloading 57 process groups in pid 31657: {'nccl': 50, 'gloo': 7}
[2026-08-15 12:19:52] memory_utils.py:47 - [Rank 1] Memory-Usage after wake_up model: {'gpu': '1', 'total_GB': 94.97, 'free_GB': 72.79, 'used_GB': 22.18, 'allocated_GB': 16.01, 'reserved_GB': 18.15, 'host_total_GB': 1133.56, 'host_available_GB': 775.03, 'host_used_GB': 358.53, 'host_free_GB': 141.04}
[2026-08-15 12:20:05] memory_utils.py:47 - [Rank 1] Memory-Usage before offload model: {'gpu': '1', 'total_GB': 94.97, 'free_GB': 71.99, 'used_GB': 22.98, 'allocated_GB': 16.01, 'reserved_GB': 18.15, 'host_total_GB': 1133.56, 'host_available_GB': 774.36, 'host_used_GB': 359.19, 'host_free_GB': 140.37}
[2026-08-15 12:20:06] reloadable_process_group.py:100 - Destroyed default nccl WORLD process group and initialized a temporary Gloo WORLD (generation 615)
[2026-08-15 12:20:12] memory_utils.py:47 - [Rank 1] Memory-Usage after offload model: {'gpu': '1', 'total_GB': 94.97, 'free_GB': 90.93, 'used_GB': 4.04, 'allocated_GB': 16.01, 'reserved_GB': 18.15, 'host_total_GB': 1133.56, 'host_available_GB': 741.71, 'host_used_GB': 391.84, 'host_free_GB': 107.72}
[2026-08-15 12:20:12] reloadable_process_group.py:121 - Reloaded default WORLD process group with backend nccl (generation 616)
[2026-08-15 12:20:12] reloadable_process_group.py:331 - Reloading 57 process groups in pid 31657: {'nccl': 50, 'gloo': 7}
[2026-08-15 12:20:12] memory_utils.py:47 - [Rank 1] Memory-Usage before update_weights: {'gpu': '1', 'total_GB': 94.97, 'free_GB': 87.65, 'used_GB': 7.32, 'allocated_GB': 16.01, 'reserved_GB': 18.15, 'host_total_GB': 1133.56, 'host_available_GB': 740.92, 'host_used_GB': 392.64, 'host_free_GB': 106.92}
[2026-08-15 12:20:13] memory_utils.py:47 - [Rank 1] Memory-Usage after update_weights: {'gpu': '1', 'total_GB': 94.97, 'free_GB': 87.67, 'used_GB': 7.3, 'allocated_GB': 16.01, 'reserved_GB': 18.15, 'host_total_GB': 1133.56, 'host_available_GB': 740.96, 'host_used_GB': 392.6, 'host_free_GB': 106.96}
[2026-08-15 12:20:13] reloadable_process_group.py:100 - Destroyed default nccl WORLD process group and initialized a temporary Gloo WORLD (generation 617)
[2026-08-15 12:21:33] memory_utils.py:47 - [Rank 1] Memory-Usage before wake_up model: {'gpu': '1', 'total_GB': 94.97, 'free_GB': 90.93, 'used_GB': 4.04, 'allocated_GB': 16.01, 'reserved_GB': 18.15, 'host_total_GB': 1133.56, 'host_available_GB': 741.29, 'host_used_GB': 392.27, 'host_free_GB': 107.29}
[2026-08-15 12:21:36] reloadable_process_group.py:121 - Reloaded default WORLD process group with backend nccl (generation 618)
[2026-08-15 12:21:36] reloadable_process_group.py:331 - Reloading 57 process groups in pid 31657: {'nccl': 50, 'gloo': 7}
[2026-08-15 12:21:36] memory_utils.py:47 - [Rank 1] Memory-Usage after wake_up model: {'gpu': '1', 'total_GB': 94.97, 'free_GB': 72.79, 'used_GB': 22.18, 'allocated_GB': 16.01, 'reserved_GB': 18.15, 'host_total_GB': 1133.56, 'host_available_GB': 775.27, 'host_used_GB': 358.29, 'host_free_GB': 141.27}
[2026-08-15 12:21:44] memory_utils.py:47 - [Rank 1] Memory-Usage before offload model: {'gpu': '1', 'total_GB': 94.97, 'free_GB': 71.99, 'used_GB': 22.98, 'allocated_GB': 16.01, 'reserved_GB': 18.15, 'host_total_GB': 1133.56, 'host_available_GB': 774.54, 'host_used_GB': 359.02, 'host_free_GB': 140.53}
[2026-08-15 12:21:45] reloadable_process_group.py:100 - Destroyed default nccl WORLD process group and initialized a temporary Gloo WORLD (generation 619)
[2026-08-15 12:21:51] memory_utils.py:47 - [Rank 1] Memory-Usage after offload model: {'gpu': '1', 'total_GB': 94.97, 'free_GB': 90.93, 'used_GB': 4.04, 'allocated_GB': 16.01, 'reserved_GB': 18.15, 'host_total_GB': 1133.56, 'host_available_GB': 742.05, 'host_used_GB': 391.51, 'host_free_GB': 108.05}
[2026-08-15 12:21:51] reloadable_process_group.py:121 - Reloaded default WORLD process group with backend nccl (generation 620)
[2026-08-15 12:21:51] reloadable_process_group.py:331 - Reloading 57 process groups in pid 31657: {'nccl': 50, 'gloo': 7}
[2026-08-15 12:21:51] memory_utils.py:47 - [Rank 1] Memory-Usage before update_weights: {'gpu': '1', 'total_GB': 94.97, 'free_GB': 87.65, 'used_GB': 7.32, 'allocated_GB': 16.01, 'reserved_GB': 18.15, 'host_total_GB': 1133.56, 'host_available_GB': 741.03, 'host_used_GB': 392.53, 'host_free_GB': 107.02}
[2026-08-15 12:21:52] memory_utils.py:47 - [Rank 1] Memory-Usage after update_weights: {'gpu': '1', 'total_GB': 94.97, 'free_GB': 87.67, 'used_GB': 7.3, 'allocated_GB': 16.01, 'reserved_GB': 18.15, 'host_total_GB': 1133.56, 'host_available_GB': 741.03, 'host_used_GB': 392.52, 'host_free_GB': 107.03}
[2026-08-15 12:21:52] reloadable_process_group.py:100 - Destroyed default nccl WORLD process group and initialized a temporary Gloo WORLD (generation 621)
[2026-08-15 12:23:12] memory_utils.py:47 - [Rank 1] Memory-Usage before wake_up model: {'gpu': '1', 'total_GB': 94.97, 'free_GB': 90.93, 'used_GB': 4.04, 'allocated_GB': 16.01, 'reserved_GB': 18.15, 'host_total_GB': 1133.56, 'host_available_GB': 741.06, 'host_used_GB': 392.5, 'host_free_GB': 107.05}
[2026-08-15 12:23:15] reloadable_process_group.py:121 - Reloaded default WORLD process group with backend nccl (generation 622)
[2026-08-15 12:23:15] reloadable_process_group.py:331 - Reloading 57 process groups in pid 31657: {'nccl': 50, 'gloo': 7}
[2026-08-15 12:23:15] memory_utils.py:47 - [Rank 1] Memory-Usage after wake_up model: {'gpu': '1', 'total_GB': 94.97, 'free_GB': 72.79, 'used_GB': 22.18, 'allocated_GB': 16.01, 'reserved_GB': 18.15, 'host_total_GB': 1133.56, 'host_available_GB': 774.99, 'host_used_GB': 358.57, 'host_free_GB': 140.97}
[2026-08-15 12:23:22] memory_utils.py:47 - [Rank 1] Memory-Usage before offload model: {'gpu': '1', 'total_GB': 94.97, 'free_GB': 71.99, 'used_GB': 22.98, 'allocated_GB': 16.0, 'reserved_GB': 18.15, 'host_total_GB': 1133.56, 'host_available_GB': 774.52, 'host_used_GB': 359.04, 'host_free_GB': 140.51}
[2026-08-15 12:23:24] reloadable_process_group.py:100 - Destroyed default nccl WORLD process group and initialized a temporary Gloo WORLD (generation 623)
[2026-08-15 12:23:29] memory_utils.py:47 - [Rank 1] Memory-Usage after offload model: {'gpu': '1', 'total_GB': 94.97, 'free_GB': 90.93, 'used_GB': 4.04, 'allocated_GB': 16.0, 'reserved_GB': 18.15, 'host_total_GB': 1133.56, 'host_available_GB': 741.9, 'host_used_GB': 391.66, 'host_free_GB': 107.89}
[2026-08-15 12:23:30] reloadable_process_group.py:121 - Reloaded default WORLD process group with backend nccl (generation 624)
[2026-08-15 12:23:30] reloadable_process_group.py:331 - Reloading 57 process groups in pid 31657: {'nccl': 50, 'gloo': 7}
[2026-08-15 12:23:30] memory_utils.py:47 - [Rank 1] Memory-Usage before update_weights: {'gpu': '1', 'total_GB': 94.97, 'free_GB': 87.65, 'used_GB': 7.32, 'allocated_GB': 16.0, 'reserved_GB': 18.15, 'host_total_GB': 1133.56, 'host_available_GB': 740.93, 'host_used_GB': 392.63, 'host_free_GB': 106.92}
[2026-08-15 12:23:30] memory_utils.py:47 - [Rank 1] Memory-Usage after update_weights: {'gpu': '1', 'total_GB': 94.97, 'free_GB': 87.67, 'used_GB': 7.3, 'allocated_GB': 16.0, 'reserved_GB': 18.15, 'host_total_GB': 1133.56, 'host_available_GB': 740.94, 'host_used_GB': 392.61, 'host_free_GB': 106.93}
[2026-08-15 12:23:30] reloadable_process_group.py:100 - Destroyed default nccl WORLD process group and initialized a temporary Gloo WORLD (generation 625)
[2026-08-15 12:24:50] memory_utils.py:47 - [Rank 1] Memory-Usage before wake_up model: {'gpu': '1', 'total_GB': 94.97, 'free_GB': 90.93, 'used_GB': 4.04, 'allocated_GB': 16.0, 'reserved_GB': 18.15, 'host_total_GB': 1133.56, 'host_available_GB': 741.01, 'host_used_GB': 392.55, 'host_free_GB': 106.99}
[2026-08-15 12:24:53] reloadable_process_group.py:121 - Reloaded default WORLD process group with backend nccl (generation 626)
[2026-08-15 12:24:53] reloadable_process_group.py:331 - Reloading 57 process groups in pid 31657: {'nccl': 50, 'gloo': 7}
[2026-08-15 12:24:53] memory_utils.py:47 - [Rank 1] Memory-Usage after wake_up model: {'gpu': '1', 'total_GB': 94.97, 'free_GB': 72.79, 'used_GB': 22.18, 'allocated_GB': 16.0, 'reserved_GB': 18.15, 'host_total_GB': 1133.56, 'host_available_GB': 775.0, 'host_used_GB': 358.56, 'host_free_GB': 140.98}
[2026-08-15 12:25:00] memory_utils.py:47 - [Rank 1] Memory-Usage before offload model: {'gpu': '1', 'total_GB': 94.97, 'free_GB': 71.99, 'used_GB': 22.98, 'allocated_GB': 16.0, 'reserved_GB': 18.15, 'host_total_GB': 1133.56, 'host_available_GB': 774.4, 'host_used_GB': 359.16, 'host_free_GB': 140.38}
[2026-08-15 12:25:01] reloadable_process_group.py:100 - Destroyed default nccl WORLD process group and initialized a temporary Gloo WORLD (generation 627)
[2026-08-15 12:25:07] memory_utils.py:47 - [Rank 1] Memory-Usage after offload model: {'gpu': '1', 'total_GB': 94.97, 'free_GB': 90.93, 'used_GB': 4.04, 'allocated_GB': 16.0, 'reserved_GB': 18.15, 'host_total_GB': 1133.56, 'host_available_GB': 741.96, 'host_used_GB': 391.6, 'host_free_GB': 107.93}
[2026-08-15 12:25:07] reloadable_process_group.py:121 - Reloaded default WORLD process group with backend nccl (generation 628)
[2026-08-15 12:25:07] reloadable_process_group.py:331 - Reloading 57 process groups in pid 31657: {'nccl': 50, 'gloo': 7}
[2026-08-15 12:25:07] memory_utils.py:47 - [Rank 1] Memory-Usage before update_weights: {'gpu': '1', 'total_GB': 94.97, 'free_GB': 87.65, 'used_GB': 7.32, 'allocated_GB': 16.0, 'reserved_GB': 18.15, 'host_total_GB': 1133.56, 'host_available_GB': 740.95, 'host_used_GB': 392.61, 'host_free_GB': 106.93}
[2026-08-15 12:25:08] memory_utils.py:47 - [Rank 1] Memory-Usage after update_weights: {'gpu': '1', 'total_GB': 94.97, 'free_GB': 87.67, 'used_GB': 7.3, 'allocated_GB': 16.0, 'reserved_GB': 18.15, 'host_total_GB': 1133.56, 'host_available_GB': 740.96, 'host_used_GB': 392.6, 'host_free_GB': 106.94}
[2026-08-15 12:25:08] reloadable_process_group.py:100 - Destroyed default nccl WORLD process group and initialized a temporary Gloo WORLD (generation 629)
[2026-08-15 12:26:27] memory_utils.py:47 - [Rank 1] Memory-Usage before wake_up model: {'gpu': '1', 'total_GB': 94.97, 'free_GB': 90.93, 'used_GB': 4.04, 'allocated_GB': 16.0, 'reserved_GB': 18.15, 'host_total_GB': 1133.56, 'host_available_GB': 741.05, 'host_used_GB': 392.51, 'host_free_GB': 107.02}
[2026-08-15 12:26:30] reloadable_process_group.py:121 - Reloaded default WORLD process group with backend nccl (generation 630)
[2026-08-15 12:26:30] reloadable_process_group.py:331 - Reloading 57 process groups in pid 31657: {'nccl': 50, 'gloo': 7}
[2026-08-15 12:26:31] memory_utils.py:47 - [Rank 1] Memory-Usage after wake_up model: {'gpu': '1', 'total_GB': 94.97, 'free_GB': 72.79, 'used_GB': 22.18, 'allocated_GB': 16.0, 'reserved_GB': 18.15, 'host_total_GB': 1133.56, 'host_available_GB': 775.05, 'host_used_GB': 358.51, 'host_free_GB': 141.02}
[2026-08-15 12:26:42] memory_utils.py:47 - [Rank 1] Memory-Usage before offload model: {'gpu': '1', 'total_GB': 94.97, 'free_GB': 71.99, 'used_GB': 22.98, 'allocated_GB': 16.0, 'reserved_GB': 18.15, 'host_total_GB': 1133.56, 'host_available_GB': 774.48, 'host_used_GB': 359.07, 'host_free_GB': 140.45}
[2026-08-15 12:26:43] reloadable_process_group.py:100 - Destroyed default nccl WORLD process group and initialized a temporary Gloo WORLD (generation 631)
[2026-08-15 12:26:49] memory_utils.py:47 - [Rank 1] Memory-Usage after offload model: {'gpu': '1', 'total_GB': 94.97, 'free_GB': 90.93, 'used_GB': 4.04, 'allocated_GB': 16.0, 'reserved_GB': 18.15, 'host_total_GB': 1133.56, 'host_available_GB': 741.84, 'host_used_GB': 391.72, 'host_free_GB': 107.8}
[2026-08-15 12:26:49] reloadable_process_group.py:121 - Reloaded default WORLD process group with backend nccl (generation 632)
[2026-08-15 12:26:49] reloadable_process_group.py:331 - Reloading 57 process groups in pid 31657: {'nccl': 50, 'gloo': 7}
[2026-08-15 12:26:50] memory_utils.py:47 - [Rank 1] Memory-Usage before update_weights: {'gpu': '1', 'total_GB': 94.97, 'free_GB': 87.65, 'used_GB': 7.32, 'allocated_GB': 16.0, 'reserved_GB': 18.15, 'host_total_GB': 1133.56, 'host_available_GB': 740.94, 'host_used_GB': 392.62, 'host_free_GB': 106.9}
[2026-08-15 12:26:50] memory_utils.py:47 - [Rank 1] Memory-Usage after update_weights: {'gpu': '1', 'total_GB': 94.97, 'free_GB': 87.67, 'used_GB': 7.3, 'allocated_GB': 16.0, 'reserved_GB': 18.15, 'host_total_GB': 1133.56, 'host_available_GB': 740.94, 'host_used_GB': 392.62, 'host_free_GB': 106.91}
[2026-08-15 12:26:50] reloadable_process_group.py:100 - Destroyed default nccl WORLD process group and initialized a temporary Gloo WORLD (generation 633)
[2026-08-15 12:28:11] memory_utils.py:47 - [Rank 1] Memory-Usage before wake_up model: {'gpu': '1', 'total_GB': 94.97, 'free_GB': 90.93, 'used_GB': 4.04, 'allocated_GB': 16.0, 'reserved_GB': 18.15, 'host_total_GB': 1133.56, 'host_available_GB': 741.08, 'host_used_GB': 392.48, 'host_free_GB': 107.04}
[2026-08-15 12:28:14] reloadable_process_group.py:121 - Reloaded default WORLD process group with backend nccl (generation 634)
[2026-08-15 12:28:14] reloadable_process_group.py:331 - Reloading 57 process groups in pid 31657: {'nccl': 50, 'gloo': 7}
[2026-08-15 12:28:14] memory_utils.py:47 - [Rank 1] Memory-Usage after wake_up model: {'gpu': '1', 'total_GB': 94.97, 'free_GB': 72.79, 'used_GB': 22.18, 'allocated_GB': 16.0, 'reserved_GB': 18.15, 'host_total_GB': 1133.56, 'host_available_GB': 775.08, 'host_used_GB': 358.48, 'host_free_GB': 141.03}
[2026-08-15 12:28:21] memory_utils.py:47 - [Rank 1] Memory-Usage before offload model: {'gpu': '1', 'total_GB': 94.97, 'free_GB': 71.99, 'used_GB': 22.98, 'allocated_GB': 16.0, 'reserved_GB': 18.15, 'host_total_GB': 1133.56, 'host_available_GB': 774.55, 'host_used_GB': 359.01, 'host_free_GB': 140.5}
[2026-08-15 12:28:22] reloadable_process_group.py:100 - Destroyed default nccl WORLD process group and initialized a temporary Gloo WORLD (generation 635)
[2026-08-15 12:28:28] memory_utils.py:47 - [Rank 1] Memory-Usage after offload model: {'gpu': '1', 'total_GB': 94.97, 'free_GB': 90.93, 'used_GB': 4.04, 'allocated_GB': 16.0, 'reserved_GB': 18.15, 'host_total_GB': 1133.56, 'host_available_GB': 741.64, 'host_used_GB': 391.91, 'host_free_GB': 107.6}
[2026-08-15 12:28:28] reloadable_process_group.py:121 - Reloaded default WORLD process group with backend nccl (generation 636)
[2026-08-15 12:28:28] reloadable_process_group.py:331 - Reloading 57 process groups in pid 31657: {'nccl': 50, 'gloo': 7}
[2026-08-15 12:28:28] memory_utils.py:47 - [Rank 1] Memory-Usage before update_weights: {'gpu': '1', 'total_GB': 94.97, 'free_GB': 87.65, 'used_GB': 7.32, 'allocated_GB': 16.0, 'reserved_GB': 18.15, 'host_total_GB': 1133.56, 'host_available_GB': 740.98, 'host_used_GB': 392.58, 'host_free_GB': 106.94}
[2026-08-15 12:28:29] memory_utils.py:47 - [Rank 1] Memory-Usage after update_weights: {'gpu': '1', 'total_GB': 94.97, 'free_GB': 87.67, 'used_GB': 7.3, 'allocated_GB': 16.0, 'reserved_GB': 18.15, 'host_total_GB': 1133.56, 'host_available_GB': 741.0, 'host_used_GB': 392.56, 'host_free_GB': 106.96}
[2026-08-15 12:28:29] reloadable_process_group.py:100 - Destroyed default nccl WORLD process group and initialized a temporary Gloo WORLD (generation 637)
[2026-08-15 12:29:48] memory_utils.py:47 - [Rank 1] Memory-Usage before wake_up model: {'gpu': '1', 'total_GB': 94.97, 'free_GB': 90.93, 'used_GB': 4.04, 'allocated_GB': 16.0, 'reserved_GB': 18.15, 'host_total_GB': 1133.56, 'host_available_GB': 741.12, 'host_used_GB': 392.44, 'host_free_GB': 107.07}
[2026-08-15 12:29:51] reloadable_process_group.py:121 - Reloaded default WORLD process group with backend nccl (generation 638)
[2026-08-15 12:29:51] reloadable_process_group.py:331 - Reloading 57 process groups in pid 31657: {'nccl': 50, 'gloo': 7}
[2026-08-15 12:29:51] memory_utils.py:47 - [Rank 1] Memory-Usage after wake_up model: {'gpu': '1', 'total_GB': 94.97, 'free_GB': 72.79, 'used_GB': 22.18, 'allocated_GB': 16.0, 'reserved_GB': 18.15, 'host_total_GB': 1133.56, 'host_available_GB': 775.14, 'host_used_GB': 358.42, 'host_free_GB': 141.09}
[2026-08-15 12:29:59] memory_utils.py:47 - [Rank 1] Memory-Usage before offload model: {'gpu': '1', 'total_GB': 94.97, 'free_GB': 71.99, 'used_GB': 22.98, 'allocated_GB': 16.01, 'reserved_GB': 18.15, 'host_total_GB': 1133.56, 'host_available_GB': 774.61, 'host_used_GB': 358.95, 'host_free_GB': 140.56}
[2026-08-15 12:30:01] reloadable_process_group.py:100 - Destroyed default nccl WORLD process group and initialized a temporary Gloo WORLD (generation 639)
[2026-08-15 12:30:06] memory_utils.py:47 - [Rank 1] Memory-Usage after offload model: {'gpu': '1', 'total_GB': 94.97, 'free_GB': 90.93, 'used_GB': 4.04, 'allocated_GB': 16.01, 'reserved_GB': 18.15, 'host_total_GB': 1133.56, 'host_available_GB': 742.13, 'host_used_GB': 391.43, 'host_free_GB': 108.07}
[2026-08-15 12:30:07] reloadable_process_group.py:121 - Reloaded default WORLD process group with backend nccl (generation 640)
[2026-08-15 12:30:07] reloadable_process_group.py:331 - Reloading 57 process groups in pid 31657: {'nccl': 50, 'gloo': 7}
[2026-08-15 12:30:07] memory_utils.py:47 - [Rank 1] Memory-Usage before update_weights: {'gpu': '1', 'total_GB': 94.97, 'free_GB': 87.65, 'used_GB': 7.32, 'allocated_GB': 16.01, 'reserved_GB': 18.15, 'host_total_GB': 1133.56, 'host_available_GB': 740.94, 'host_used_GB': 392.62, 'host_free_GB': 106.88}
[2026-08-15 12:30:07] memory_utils.py:47 - [Rank 1] Memory-Usage after update_weights: {'gpu': '1', 'total_GB': 94.97, 'free_GB': 87.67, 'used_GB': 7.3, 'allocated_GB': 16.01, 'reserved_GB': 18.15, 'host_total_GB': 1133.56, 'host_available_GB': 740.94, 'host_used_GB': 392.61, 'host_free_GB': 106.88}
[2026-08-15 12:30:07] reloadable_process_group.py:100 - Destroyed default nccl WORLD process group and initialized a temporary Gloo WORLD (generation 641)
[2026-08-15 12:31:27] memory_utils.py:47 - [Rank 1] Memory-Usage before wake_up model: {'gpu': '1', 'total_GB': 94.97, 'free_GB': 90.93, 'used_GB': 4.04, 'allocated_GB': 16.01, 'reserved_GB': 18.15, 'host_total_GB': 1133.56, 'host_available_GB': 741.1, 'host_used_GB': 392.46, 'host_free_GB': 107.03}
[2026-08-15 12:31:30] reloadable_process_group.py:121 - Reloaded default WORLD process group with backend nccl (generation 642)
[2026-08-15 12:31:30] reloadable_process_group.py:331 - Reloading 57 process groups in pid 31657: {'nccl': 50, 'gloo': 7}
[2026-08-15 12:31:30] memory_utils.py:47 - [Rank 1] Memory-Usage after wake_up model: {'gpu': '1', 'total_GB': 94.97, 'free_GB': 72.79, 'used_GB': 22.18, 'allocated_GB': 16.01, 'reserved_GB': 18.15, 'host_total_GB': 1133.56, 'host_available_GB': 775.11, 'host_used_GB': 358.45, 'host_free_GB': 141.05}
[2026-08-15 12:31:37] memory_utils.py:47 - [Rank 1] Memory-Usage before offload model: {'gpu': '1', 'total_GB': 94.97, 'free_GB': 71.99, 'used_GB': 22.98, 'allocated_GB': 16.01, 'reserved_GB': 18.15, 'host_total_GB': 1133.56, 'host_available_GB': 774.63, 'host_used_GB': 358.93, 'host_free_GB': 140.56}
[2026-08-15 12:31:39] reloadable_process_group.py:100 - Destroyed default nccl WORLD process group and initialized a temporary Gloo WORLD (generation 643)
[2026-08-15 12:31:44] memory_utils.py:47 - [Rank 1] Memory-Usage after offload model: {'gpu': '1', 'total_GB': 94.97, 'free_GB': 90.93, 'used_GB': 4.04, 'allocated_GB': 16.01, 'reserved_GB': 18.15, 'host_total_GB': 1133.56, 'host_available_GB': 741.92, 'host_used_GB': 391.63, 'host_free_GB': 107.86}
[2026-08-15 12:31:45] reloadable_process_group.py:121 - Reloaded default WORLD process group with backend nccl (generation 644)
[2026-08-15 12:31:45] reloadable_process_group.py:331 - Reloading 57 process groups in pid 31657: {'nccl': 50, 'gloo': 7}
[2026-08-15 12:31:45] memory_utils.py:47 - [Rank 1] Memory-Usage before update_weights: {'gpu': '1', 'total_GB': 94.97, 'free_GB': 87.65, 'used_GB': 7.32, 'allocated_GB': 16.01, 'reserved_GB': 18.15, 'host_total_GB': 1133.56, 'host_available_GB': 741.07, 'host_used_GB': 392.49, 'host_free_GB': 107.0}
[2026-08-15 12:31:46] memory_utils.py:47 - [Rank 1] Memory-Usage after update_weights: {'gpu': '1', 'total_GB': 94.97, 'free_GB': 87.67, 'used_GB': 7.3, 'allocated_GB': 16.01, 'reserved_GB': 18.15, 'host_total_GB': 1133.56, 'host_available_GB': 741.07, 'host_used_GB': 392.49, 'host_free_GB': 107.0}
[2026-08-15 12:31:46] reloadable_process_group.py:100 - Destroyed default nccl WORLD process group and initialized a temporary Gloo WORLD (generation 645)
[2026-08-15 12:33:06] memory_utils.py:47 - [Rank 1] Memory-Usage before wake_up model: {'gpu': '1', 'total_GB': 94.97, 'free_GB': 90.93, 'used_GB': 4.04, 'allocated_GB': 16.01, 'reserved_GB': 18.15, 'host_total_GB': 1133.56, 'host_available_GB': 741.06, 'host_used_GB': 392.5, 'host_free_GB': 106.98}
[2026-08-15 12:33:09] reloadable_process_group.py:121 - Reloaded default WORLD process group with backend nccl (generation 646)
[2026-08-15 12:33:09] reloadable_process_group.py:331 - Reloading 57 process groups in pid 31657: {'nccl': 50, 'gloo': 7}
[2026-08-15 12:33:09] memory_utils.py:47 - [Rank 1] Memory-Usage after wake_up model: {'gpu': '1', 'total_GB': 94.97, 'free_GB': 72.79, 'used_GB': 22.18, 'allocated_GB': 16.01, 'reserved_GB': 18.15, 'host_total_GB': 1133.56, 'host_available_GB': 775.02, 'host_used_GB': 358.54, 'host_free_GB': 140.95}
[2026-08-15 12:33:20] memory_utils.py:47 - [Rank 1] Memory-Usage before offload model: {'gpu': '1', 'total_GB': 94.97, 'free_GB': 71.99, 'used_GB': 22.98, 'allocated_GB': 16.01, 'reserved_GB': 18.15, 'host_total_GB': 1133.56, 'host_available_GB': 774.45, 'host_used_GB': 359.1, 'host_free_GB': 140.38}
[2026-08-15 12:33:21] reloadable_process_group.py:100 - Destroyed default nccl WORLD process group and initialized a temporary Gloo WORLD (generation 647)
[2026-08-15 12:33:26] memory_utils.py:47 - [Rank 1] Memory-Usage after offload model: {'gpu': '1', 'total_GB': 94.97, 'free_GB': 90.93, 'used_GB': 4.04, 'allocated_GB': 16.01, 'reserved_GB': 18.15, 'host_total_GB': 1133.56, 'host_available_GB': 741.95, 'host_used_GB': 391.61, 'host_free_GB': 107.88}
[2026-08-15 12:33:27] reloadable_process_group.py:121 - Reloaded default WORLD process group with backend nccl (generation 648)
[2026-08-15 12:33:27] reloadable_process_group.py:331 - Reloading 57 process groups in pid 31657: {'nccl': 50, 'gloo': 7}
[2026-08-15 12:33:27] memory_utils.py:47 - [Rank 1] Memory-Usage before update_weights: {'gpu': '1', 'total_GB': 94.97, 'free_GB': 87.65, 'used_GB': 7.32, 'allocated_GB': 16.01, 'reserved_GB': 18.15, 'host_total_GB': 1133.56, 'host_available_GB': 740.93, 'host_used_GB': 392.63, 'host_free_GB': 106.85}
[2026-08-15 12:33:28] memory_utils.py:47 - [Rank 1] Memory-Usage after update_weights: {'gpu': '1', 'total_GB': 94.97, 'free_GB': 87.67, 'used_GB': 7.3, 'allocated_GB': 16.01, 'reserved_GB': 18.15, 'host_total_GB': 1133.56, 'host_available_GB': 740.95, 'host_used_GB': 392.61, 'host_free_GB': 106.88}
[2026-08-15 12:33:28] reloadable_process_group.py:100 - Destroyed default nccl WORLD process group and initialized a temporary Gloo WORLD (generation 649)
[2026-08-15 12:34:47] memory_utils.py:47 - [Rank 1] Memory-Usage before wake_up model: {'gpu': '1', 'total_GB': 94.97, 'free_GB': 90.93, 'used_GB': 4.04, 'allocated_GB': 16.01, 'reserved_GB': 18.15, 'host_total_GB': 1133.56, 'host_available_GB': 741.09, 'host_used_GB': 392.47, 'host_free_GB': 107.0}
[2026-08-15 12:34:50] reloadable_process_group.py:121 - Reloaded default WORLD process group with backend nccl (generation 650)
[2026-08-15 12:34:50] reloadable_process_group.py:331 - Reloading 57 process groups in pid 31657: {'nccl': 50, 'gloo': 7}
[2026-08-15 12:34:50] memory_utils.py:47 - [Rank 1] Memory-Usage after wake_up model: {'gpu': '1', 'total_GB': 94.97, 'free_GB': 72.79, 'used_GB': 22.18, 'allocated_GB': 16.01, 'reserved_GB': 18.15, 'host_total_GB': 1133.56, 'host_available_GB': 775.06, 'host_used_GB': 358.49, 'host_free_GB': 140.98}
[2026-08-15 12:34:58] memory_utils.py:47 - [Rank 1] Memory-Usage before offload model: {'gpu': '1', 'total_GB': 94.97, 'free_GB': 71.99, 'used_GB': 22.98, 'allocated_GB': 16.01, 'reserved_GB': 18.15, 'host_total_GB': 1133.56, 'host_available_GB': 774.49, 'host_used_GB': 359.07, 'host_free_GB': 140.41}
[2026-08-15 12:34:59] reloadable_process_group.py:100 - Destroyed default nccl WORLD process group and initialized a temporary Gloo WORLD (generation 651)
[2026-08-15 12:35:05] memory_utils.py:47 - [Rank 1] Memory-Usage after offload model: {'gpu': '1', 'total_GB': 94.97, 'free_GB': 90.93, 'used_GB': 4.04, 'allocated_GB': 16.01, 'reserved_GB': 18.15, 'host_total_GB': 1133.56, 'host_available_GB': 741.97, 'host_used_GB': 391.59, 'host_free_GB': 107.88}
[2026-08-15 12:35:05] reloadable_process_group.py:121 - Reloaded default WORLD process group with backend nccl (generation 652)
[2026-08-15 12:35:05] reloadable_process_group.py:331 - Reloading 57 process groups in pid 31657: {'nccl': 50, 'gloo': 7}
[2026-08-15 12:35:05] memory_utils.py:47 - [Rank 1] Memory-Usage before update_weights: {'gpu': '1', 'total_GB': 94.97, 'free_GB': 87.65, 'used_GB': 7.32, 'allocated_GB': 16.01, 'reserved_GB': 18.15, 'host_total_GB': 1133.56, 'host_available_GB': 740.99, 'host_used_GB': 392.57, 'host_free_GB': 106.9}
[2026-08-15 12:35:06] memory_utils.py:47 - [Rank 1] Memory-Usage after update_weights: {'gpu': '1', 'total_GB': 94.97, 'free_GB': 87.67, 'used_GB': 7.3, 'allocated_GB': 16.01, 'reserved_GB': 18.15, 'host_total_GB': 1133.56, 'host_available_GB': 741.0, 'host_used_GB': 392.56, 'host_free_GB': 106.91}
[2026-08-15 12:35:06] reloadable_process_group.py:100 - Destroyed default nccl WORLD process group and initialized a temporary Gloo WORLD (generation 653)
[2026-08-15 12:36:26] memory_utils.py:47 - [Rank 1] Memory-Usage before wake_up model: {'gpu': '1', 'total_GB': 94.97, 'free_GB': 90.93, 'used_GB': 4.04, 'allocated_GB': 16.01, 'reserved_GB': 18.15, 'host_total_GB': 1133.56, 'host_available_GB': 741.05, 'host_used_GB': 392.51, 'host_free_GB': 106.96}
[2026-08-15 12:36:29] reloadable_process_group.py:121 - Reloaded default WORLD process group with backend nccl (generation 654)
[2026-08-15 12:36:29] reloadable_process_group.py:331 - Reloading 57 process groups in pid 31657: {'nccl': 50, 'gloo': 7}
[2026-08-15 12:36:30] memory_utils.py:47 - [Rank 1] Memory-Usage after wake_up model: {'gpu': '1', 'total_GB': 94.97, 'free_GB': 72.8, 'used_GB': 22.18, 'allocated_GB': 16.01, 'reserved_GB': 18.15, 'host_total_GB': 1133.56, 'host_available_GB': 775.02, 'host_used_GB': 358.54, 'host_free_GB': 140.92}
[2026-08-15 12:36:36] memory_utils.py:47 - [Rank 1] Memory-Usage before offload model: {'gpu': '1', 'total_GB': 94.97, 'free_GB': 71.99, 'used_GB': 22.98, 'allocated_GB': 16.01, 'reserved_GB': 18.15, 'host_total_GB': 1133.56, 'host_available_GB': 774.52, 'host_used_GB': 359.04, 'host_free_GB': 140.42}
[2026-08-15 12:36:38] reloadable_process_group.py:100 - Destroyed default nccl WORLD process group and initialized a temporary Gloo WORLD (generation 655)
[2026-08-15 12:36:43] memory_utils.py:47 - [Rank 1] Memory-Usage after offload model: {'gpu': '1', 'total_GB': 94.97, 'free_GB': 90.93, 'used_GB': 4.04, 'allocated_GB': 16.01, 'reserved_GB': 18.15, 'host_total_GB': 1133.56, 'host_available_GB': 741.96, 'host_used_GB': 391.6, 'host_free_GB': 107.86}
[2026-08-15 12:36:44] reloadable_process_group.py:121 - Reloaded default WORLD process group with backend nccl (generation 656)
[2026-08-15 12:36:44] reloadable_process_group.py:331 - Reloading 57 process groups in pid 31657: {'nccl': 50, 'gloo': 7}
[2026-08-15 12:36:44] memory_utils.py:47 - [Rank 1] Memory-Usage before update_weights: {'gpu': '1', 'total_GB': 94.97, 'free_GB': 87.65, 'used_GB': 7.32, 'allocated_GB': 16.01, 'reserved_GB': 18.15, 'host_total_GB': 1133.56, 'host_available_GB': 740.93, 'host_used_GB': 392.63, 'host_free_GB': 106.84}
[2026-08-15 12:36:44] memory_utils.py:47 - [Rank 1] Memory-Usage after update_weights: {'gpu': '1', 'total_GB': 94.97, 'free_GB': 87.67, 'used_GB': 7.3, 'allocated_GB': 16.01, 'reserved_GB': 18.15, 'host_total_GB': 1133.56, 'host_available_GB': 740.95, 'host_used_GB': 392.61, 'host_free_GB': 106.85}
[2026-08-15 12:36:44] reloadable_process_group.py:100 - Destroyed default nccl WORLD process group and initialized a temporary Gloo WORLD (generation 657)
[2026-08-15 12:38:03] memory_utils.py:47 - [Rank 1] Memory-Usage before wake_up model: {'gpu': '1', 'total_GB': 94.97, 'free_GB': 90.93, 'used_GB': 4.04, 'allocated_GB': 16.01, 'reserved_GB': 18.15, 'host_total_GB': 1133.56, 'host_available_GB': 740.9, 'host_used_GB': 392.66, 'host_free_GB': 106.79}
[2026-08-15 12:38:07] reloadable_process_group.py:121 - Reloaded default WORLD process group with backend nccl (generation 658)
[2026-08-15 12:38:07] reloadable_process_group.py:331 - Reloading 57 process groups in pid 31657: {'nccl': 50, 'gloo': 7}
[2026-08-15 12:38:07] memory_utils.py:47 - [Rank 1] Memory-Usage after wake_up model: {'gpu': '1', 'total_GB': 94.97, 'free_GB': 72.8, 'used_GB': 22.18, 'allocated_GB': 16.01, 'reserved_GB': 18.15, 'host_total_GB': 1133.56, 'host_available_GB': 774.94, 'host_used_GB': 358.62, 'host_free_GB': 140.83}
[2026-08-15 12:38:15] memory_utils.py:47 - [Rank 1] Memory-Usage before offload model: {'gpu': '1', 'total_GB': 94.97, 'free_GB': 71.99, 'used_GB': 22.98, 'allocated_GB': 16.01, 'reserved_GB': 18.15, 'host_total_GB': 1133.56, 'host_available_GB': 774.46, 'host_used_GB': 359.1, 'host_free_GB': 140.36}
[2026-08-15 12:38:16] reloadable_process_group.py:100 - Destroyed default nccl WORLD process group and initialized a temporary Gloo WORLD (generation 659)
[2026-08-15 12:38:21] memory_utils.py:47 - [Rank 1] Memory-Usage after offload model: {'gpu': '1', 'total_GB': 94.97, 'free_GB': 90.93, 'used_GB': 4.04, 'allocated_GB': 16.01, 'reserved_GB': 18.15, 'host_total_GB': 1133.56, 'host_available_GB': 742.0, 'host_used_GB': 391.56, 'host_free_GB': 107.89}
[2026-08-15 12:38:22] reloadable_process_group.py:121 - Reloaded default WORLD process group with backend nccl (generation 660)
[2026-08-15 12:38:22] reloadable_process_group.py:331 - Reloading 57 process groups in pid 31657: {'nccl': 50, 'gloo': 7}
[2026-08-15 12:38:22] memory_utils.py:47 - [Rank 1] Memory-Usage before update_weights: {'gpu': '1', 'total_GB': 94.97, 'free_GB': 87.65, 'used_GB': 7.32, 'allocated_GB': 16.01, 'reserved_GB': 18.15, 'host_total_GB': 1133.56, 'host_available_GB': 740.98, 'host_used_GB': 392.57, 'host_free_GB': 106.88}
[2026-08-15 12:38:22] memory_utils.py:47 - [Rank 1] Memory-Usage after update_weights: {'gpu': '1', 'total_GB': 94.97, 'free_GB': 87.67, 'used_GB': 7.3, 'allocated_GB': 16.01, 'reserved_GB': 18.15, 'host_total_GB': 1133.56, 'host_available_GB': 740.99, 'host_used_GB': 392.57, 'host_free_GB': 106.89}
[2026-08-15 12:38:22] reloadable_process_group.py:100 - Destroyed default nccl WORLD process group and initialized a temporary Gloo WORLD (generation 661)
[2026-08-15 12:39:40] memory_utils.py:47 - [Rank 1] Memory-Usage before wake_up model: {'gpu': '1', 'total_GB': 94.97, 'free_GB': 90.93, 'used_GB': 4.04, 'allocated_GB': 16.01, 'reserved_GB': 18.15, 'host_total_GB': 1133.56, 'host_available_GB': 741.05, 'host_used_GB': 392.51, 'host_free_GB': 106.94}
[2026-08-15 12:39:43] reloadable_process_group.py:121 - Reloaded default WORLD process group with backend nccl (generation 662)
[2026-08-15 12:39:43] reloadable_process_group.py:331 - Reloading 57 process groups in pid 31657: {'nccl': 50, 'gloo': 7}
[2026-08-15 12:39:43] memory_utils.py:47 - [Rank 1] Memory-Usage after wake_up model: {'gpu': '1', 'total_GB': 94.97, 'free_GB': 72.8, 'used_GB': 22.18, 'allocated_GB': 16.01, 'reserved_GB': 18.15, 'host_total_GB': 1133.56, 'host_available_GB': 775.02, 'host_used_GB': 358.54, 'host_free_GB': 140.9}
[2026-08-15 12:39:54] memory_utils.py:47 - [Rank 1] Memory-Usage before offload model: {'gpu': '1', 'total_GB': 94.97, 'free_GB': 71.99, 'used_GB': 22.98, 'allocated_GB': 16.01, 'reserved_GB': 18.15, 'host_total_GB': 1133.56, 'host_available_GB': 774.49, 'host_used_GB': 359.07, 'host_free_GB': 140.37}
[2026-08-15 12:39:55] reloadable_process_group.py:100 - Destroyed default nccl WORLD process group and initialized a temporary Gloo WORLD (generation 663)
[2026-08-15 12:40:00] memory_utils.py:47 - [Rank 1] Memory-Usage after offload model: {'gpu': '1', 'total_GB': 94.97, 'free_GB': 90.93, 'used_GB': 4.04, 'allocated_GB': 16.01, 'reserved_GB': 18.15, 'host_total_GB': 1133.56, 'host_available_GB': 741.87, 'host_used_GB': 391.69, 'host_free_GB': 107.75}
[2026-08-15 12:40:01] reloadable_process_group.py:121 - Reloaded default WORLD process group with backend nccl (generation 664)
[2026-08-15 12:40:01] reloadable_process_group.py:331 - Reloading 57 process groups in pid 31657: {'nccl': 50, 'gloo': 7}
[2026-08-15 12:40:01] memory_utils.py:47 - [Rank 1] Memory-Usage before update_weights: {'gpu': '1', 'total_GB': 94.97, 'free_GB': 87.65, 'used_GB': 7.32, 'allocated_GB': 16.01, 'reserved_GB': 18.15, 'host_total_GB': 1133.56, 'host_available_GB': 740.85, 'host_used_GB': 392.71, 'host_free_GB': 106.73}
[2026-08-15 12:40:02] memory_utils.py:47 - [Rank 1] Memory-Usage after update_weights: {'gpu': '1', 'total_GB': 94.97, 'free_GB': 87.67, 'used_GB': 7.3, 'allocated_GB': 16.01, 'reserved_GB': 18.15, 'host_total_GB': 1133.56, 'host_available_GB': 740.8, 'host_used_GB': 392.76, 'host_free_GB': 106.69}
[2026-08-15 12:40:02] reloadable_process_group.py:100 - Destroyed default nccl WORLD process group and initialized a temporary Gloo WORLD (generation 665)
[2026-08-15 12:41:21] memory_utils.py:47 - [Rank 1] Memory-Usage before wake_up model: {'gpu': '1', 'total_GB': 94.97, 'free_GB': 90.93, 'used_GB': 4.04, 'allocated_GB': 16.01, 'reserved_GB': 18.15, 'host_total_GB': 1133.56, 'host_available_GB': 741.01, 'host_used_GB': 392.54, 'host_free_GB': 106.89}
[2026-08-15 12:41:24] reloadable_process_group.py:121 - Reloaded default WORLD process group with backend nccl (generation 666)
[2026-08-15 12:41:24] reloadable_process_group.py:331 - Reloading 57 process groups in pid 31657: {'nccl': 50, 'gloo': 7}
[2026-08-15 12:41:24] memory_utils.py:47 - [Rank 1] Memory-Usage after wake_up model: {'gpu': '1', 'total_GB': 94.97, 'free_GB': 72.79, 'used_GB': 22.18, 'allocated_GB': 16.01, 'reserved_GB': 18.15, 'host_total_GB': 1133.56, 'host_available_GB': 774.98, 'host_used_GB': 358.58, 'host_free_GB': 140.85}
[2026-08-15 12:41:31] memory_utils.py:47 - [Rank 1] Memory-Usage before offload model: {'gpu': '1', 'total_GB': 94.97, 'free_GB': 71.99, 'used_GB': 22.98, 'allocated_GB': 16.01, 'reserved_GB': 18.15, 'host_total_GB': 1133.56, 'host_available_GB': 774.45, 'host_used_GB': 359.11, 'host_free_GB': 140.33}
[2026-08-15 12:41:32] reloadable_process_group.py:100 - Destroyed default nccl WORLD process group and initialized a temporary Gloo WORLD (generation 667)
[2026-08-15 12:41:38] memory_utils.py:47 - [Rank 1] Memory-Usage after offload model: {'gpu': '1', 'total_GB': 94.97, 'free_GB': 90.93, 'used_GB': 4.04, 'allocated_GB': 16.01, 'reserved_GB': 18.15, 'host_total_GB': 1133.56, 'host_available_GB': 742.04, 'host_used_GB': 391.51, 'host_free_GB': 107.92}
[2026-08-15 12:41:38] reloadable_process_group.py:121 - Reloaded default WORLD process group with backend nccl (generation 668)
[2026-08-15 12:41:38] reloadable_process_group.py:331 - Reloading 57 process groups in pid 31657: {'nccl': 50, 'gloo': 7}
[2026-08-15 12:41:38] memory_utils.py:47 - [Rank 1] Memory-Usage before update_weights: {'gpu': '1', 'total_GB': 94.97, 'free_GB': 87.65, 'used_GB': 7.32, 'allocated_GB': 16.01, 'reserved_GB': 18.15, 'host_total_GB': 1133.56, 'host_available_GB': 740.94, 'host_used_GB': 392.62, 'host_free_GB': 106.82}
[2026-08-15 12:41:39] memory_utils.py:47 - [Rank 1] Memory-Usage after update_weights: {'gpu': '1', 'total_GB': 94.97, 'free_GB': 87.67, 'used_GB': 7.3, 'allocated_GB': 16.01, 'reserved_GB': 18.15, 'host_total_GB': 1133.56, 'host_available_GB': 740.94, 'host_used_GB': 392.62, 'host_free_GB': 106.82}
[2026-08-15 12:41:39] reloadable_process_group.py:100 - Destroyed default nccl WORLD process group and initialized a temporary Gloo WORLD (generation 669)
[2026-08-15 12:42:58] memory_utils.py:47 - [Rank 1] Memory-Usage before wake_up model: {'gpu': '1', 'total_GB': 94.97, 'free_GB': 90.93, 'used_GB': 4.04, 'allocated_GB': 16.01, 'reserved_GB': 18.15, 'host_total_GB': 1133.56, 'host_available_GB': 741.06, 'host_used_GB': 392.5, 'host_free_GB': 106.92}
[2026-08-15 12:43:01] reloadable_process_group.py:121 - Reloaded default WORLD process group with backend nccl (generation 670)
[2026-08-15 12:43:01] reloadable_process_group.py:331 - Reloading 57 process groups in pid 31657: {'nccl': 50, 'gloo': 7}
[2026-08-15 12:43:01] memory_utils.py:47 - [Rank 1] Memory-Usage after wake_up model: {'gpu': '1', 'total_GB': 94.97, 'free_GB': 72.79, 'used_GB': 22.18, 'allocated_GB': 16.01, 'reserved_GB': 18.15, 'host_total_GB': 1133.56, 'host_available_GB': 774.88, 'host_used_GB': 358.68, 'host_free_GB': 140.75}
[2026-08-15 12:43:08] memory_utils.py:47 - [Rank 1] Memory-Usage before offload model: {'gpu': '1', 'total_GB': 94.97, 'free_GB': 71.99, 'used_GB': 22.98, 'allocated_GB': 16.01, 'reserved_GB': 18.15, 'host_total_GB': 1133.56, 'host_available_GB': 774.44, 'host_used_GB': 359.12, 'host_free_GB': 140.3}
[2026-08-15 12:43:10] reloadable_process_group.py:100 - Destroyed default nccl WORLD process group and initialized a temporary Gloo WORLD (generation 671)
[2026-08-15 12:43:15] memory_utils.py:47 - [Rank 1] Memory-Usage after offload model: {'gpu': '1', 'total_GB': 94.97, 'free_GB': 90.93, 'used_GB': 4.04, 'allocated_GB': 16.01, 'reserved_GB': 18.15, 'host_total_GB': 1133.56, 'host_available_GB': 741.96, 'host_used_GB': 391.6, 'host_free_GB': 107.83}
[2026-08-15 12:43:16] reloadable_process_group.py:121 - Reloaded default WORLD process group with backend nccl (generation 672)
[2026-08-15 12:43:16] reloadable_process_group.py:331 - Reloading 57 process groups in pid 31657: {'nccl': 50, 'gloo': 7}
[2026-08-15 12:43:16] memory_utils.py:47 - [Rank 1] Memory-Usage before update_weights: {'gpu': '1', 'total_GB': 94.97, 'free_GB': 87.65, 'used_GB': 7.32, 'allocated_GB': 16.01, 'reserved_GB': 18.15, 'host_total_GB': 1133.56, 'host_available_GB': 740.96, 'host_used_GB': 392.6, 'host_free_GB': 106.82}
[2026-08-15 12:43:17] memory_utils.py:47 - [Rank 1] Memory-Usage after update_weights: {'gpu': '1', 'total_GB': 94.97, 'free_GB': 87.67, 'used_GB': 7.3, 'allocated_GB': 16.01, 'reserved_GB': 18.15, 'host_total_GB': 1133.56, 'host_available_GB': 740.97, 'host_used_GB': 392.59, 'host_free_GB': 106.83}
[2026-08-15 12:43:17] reloadable_process_group.py:100 - Destroyed default nccl WORLD process group and initialized a temporary Gloo WORLD (generation 673)
[2026-08-15 12:44:35] memory_utils.py:47 - [Rank 1] Memory-Usage before wake_up model: {'gpu': '1', 'total_GB': 94.97, 'free_GB': 90.93, 'used_GB': 4.04, 'allocated_GB': 16.01, 'reserved_GB': 18.15, 'host_total_GB': 1133.56, 'host_available_GB': 741.09, 'host_used_GB': 392.46, 'host_free_GB': 106.95}
[2026-08-15 12:44:38] reloadable_process_group.py:121 - Reloaded default WORLD process group with backend nccl (generation 674)
[2026-08-15 12:44:38] reloadable_process_group.py:331 - Reloading 57 process groups in pid 31657: {'nccl': 50, 'gloo': 7}
[2026-08-15 12:44:39] memory_utils.py:47 - [Rank 1] Memory-Usage after wake_up model: {'gpu': '1', 'total_GB': 94.97, 'free_GB': 72.79, 'used_GB': 22.18, 'allocated_GB': 16.01, 'reserved_GB': 18.15, 'host_total_GB': 1133.56, 'host_available_GB': 775.05, 'host_used_GB': 358.5, 'host_free_GB': 140.91}
[2026-08-15 12:44:46] memory_utils.py:47 - [Rank 1] Memory-Usage before offload model: {'gpu': '1', 'total_GB': 94.97, 'free_GB': 71.99, 'used_GB': 22.98, 'allocated_GB': 16.01, 'reserved_GB': 18.15, 'host_total_GB': 1133.56, 'host_available_GB': 774.53, 'host_used_GB': 359.03, 'host_free_GB': 140.39}
[2026-08-15 12:44:47] reloadable_process_group.py:100 - Destroyed default nccl WORLD process group and initialized a temporary Gloo WORLD (generation 675)
[2026-08-15 12:44:52] memory_utils.py:47 - [Rank 1] Memory-Usage after offload model: {'gpu': '1', 'total_GB': 94.97, 'free_GB': 90.93, 'used_GB': 4.04, 'allocated_GB': 16.01, 'reserved_GB': 18.15, 'host_total_GB': 1133.56, 'host_available_GB': 742.0, 'host_used_GB': 391.56, 'host_free_GB': 107.85}
[2026-08-15 12:44:53] reloadable_process_group.py:121 - Reloaded default WORLD process group with backend nccl (generation 676)
[2026-08-15 12:44:53] reloadable_process_group.py:331 - Reloading 57 process groups in pid 31657: {'nccl': 50, 'gloo': 7}
[2026-08-15 12:44:53] memory_utils.py:47 - [Rank 1] Memory-Usage before update_weights: {'gpu': '1', 'total_GB': 94.97, 'free_GB': 87.65, 'used_GB': 7.32, 'allocated_GB': 16.01, 'reserved_GB': 18.15, 'host_total_GB': 1133.56, 'host_available_GB': 741.01, 'host_used_GB': 392.55, 'host_free_GB': 106.86}
[2026-08-15 12:44:54] memory_utils.py:47 - [Rank 1] Memory-Usage after update_weights: {'gpu': '1', 'total_GB': 94.97, 'free_GB': 87.67, 'used_GB': 7.3, 'allocated_GB': 16.01, 'reserved_GB': 18.15, 'host_total_GB': 1133.56, 'host_available_GB': 741.01, 'host_used_GB': 392.54, 'host_free_GB': 106.87}
[2026-08-15 12:44:54] reloadable_process_group.py:100 - Destroyed default nccl WORLD process group and initialized a temporary Gloo WORLD (generation 677)
[2026-08-15 12:46:14] memory_utils.py:47 - [Rank 1] Memory-Usage before wake_up model: {'gpu': '1', 'total_GB': 94.97, 'free_GB': 90.93, 'used_GB': 4.04, 'allocated_GB': 16.01, 'reserved_GB': 18.15, 'host_total_GB': 1133.56, 'host_available_GB': 741.0, 'host_used_GB': 392.56, 'host_free_GB': 106.84}
[2026-08-15 12:46:17] reloadable_process_group.py:121 - Reloaded default WORLD process group with backend nccl (generation 678)
[2026-08-15 12:46:17] reloadable_process_group.py:331 - Reloading 57 process groups in pid 31657: {'nccl': 50, 'gloo': 7}
[2026-08-15 12:46:17] memory_utils.py:47 - [Rank 1] Memory-Usage after wake_up model: {'gpu': '1', 'total_GB': 94.97, 'free_GB': 72.79, 'used_GB': 22.18, 'allocated_GB': 16.01, 'reserved_GB': 18.15, 'host_total_GB': 1133.56, 'host_available_GB': 774.93, 'host_used_GB': 358.63, 'host_free_GB': 140.77}
[2026-08-15 12:46:28] memory_utils.py:47 - [Rank 1] Memory-Usage before offload model: {'gpu': '1', 'total_GB': 94.97, 'free_GB': 71.99, 'used_GB': 22.98, 'allocated_GB': 16.01, 'reserved_GB': 18.15, 'host_total_GB': 1133.56, 'host_available_GB': 774.46, 'host_used_GB': 359.1, 'host_free_GB': 140.3}
[2026-08-15 12:46:30] reloadable_process_group.py:100 - Destroyed default nccl WORLD process group and initialized a temporary Gloo WORLD (generation 679)
[2026-08-15 12:46:35] memory_utils.py:47 - [Rank 1] Memory-Usage after offload model: {'gpu': '1', 'total_GB': 94.97, 'free_GB': 90.93, 'used_GB': 4.04, 'allocated_GB': 16.01, 'reserved_GB': 18.15, 'host_total_GB': 1133.56, 'host_available_GB': 742.13, 'host_used_GB': 391.43, 'host_free_GB': 107.97}
[2026-08-15 12:46:36] reloadable_process_group.py:121 - Reloaded default WORLD process group with backend nccl (generation 680)
[2026-08-15 12:46:36] reloadable_process_group.py:331 - Reloading 57 process groups in pid 31657: {'nccl': 50, 'gloo': 7}
[2026-08-15 12:46:36] memory_utils.py:47 - [Rank 1] Memory-Usage before update_weights: {'gpu': '1', 'total_GB': 94.97, 'free_GB': 87.65, 'used_GB': 7.32, 'allocated_GB': 16.01, 'reserved_GB': 18.15, 'host_total_GB': 1133.56, 'host_available_GB': 741.03, 'host_used_GB': 392.52, 'host_free_GB': 106.88}
[2026-08-15 12:46:36] memory_utils.py:47 - [Rank 1] Memory-Usage after update_weights: {'gpu': '1', 'total_GB': 94.97, 'free_GB': 87.67, 'used_GB': 7.3, 'allocated_GB': 16.01, 'reserved_GB': 18.15, 'host_total_GB': 1133.56, 'host_available_GB': 741.05, 'host_used_GB': 392.51, 'host_free_GB': 106.89}
[2026-08-15 12:46:36] reloadable_process_group.py:100 - Destroyed default nccl WORLD process group and initialized a temporary Gloo WORLD (generation 681)
[2026-08-15 12:47:56] memory_utils.py:47 - [Rank 1] Memory-Usage before wake_up model: {'gpu': '1', 'total_GB': 94.97, 'free_GB': 90.93, 'used_GB': 4.04, 'allocated_GB': 16.01, 'reserved_GB': 18.15, 'host_total_GB': 1133.56, 'host_available_GB': 741.14, 'host_used_GB': 392.42, 'host_free_GB': 106.98}
[2026-08-15 12:47:59] reloadable_process_group.py:121 - Reloaded default WORLD process group with backend nccl (generation 682)
[2026-08-15 12:47:59] reloadable_process_group.py:331 - Reloading 57 process groups in pid 31657: {'nccl': 50, 'gloo': 7}
[2026-08-15 12:47:59] memory_utils.py:47 - [Rank 1] Memory-Usage after wake_up model: {'gpu': '1', 'total_GB': 94.97, 'free_GB': 72.79, 'used_GB': 22.18, 'allocated_GB': 16.01, 'reserved_GB': 18.15, 'host_total_GB': 1133.56, 'host_available_GB': 775.11, 'host_used_GB': 358.45, 'host_free_GB': 140.94}
[2026-08-15 12:48:06] memory_utils.py:47 - [Rank 1] Memory-Usage before offload model: {'gpu': '1', 'total_GB': 94.97, 'free_GB': 71.99, 'used_GB': 22.98, 'allocated_GB': 16.01, 'reserved_GB': 18.15, 'host_total_GB': 1133.56, 'host_available_GB': 774.46, 'host_used_GB': 359.09, 'host_free_GB': 140.3}
[2026-08-15 12:48:07] reloadable_process_group.py:100 - Destroyed default nccl WORLD process group and initialized a temporary Gloo WORLD (generation 683)
[2026-08-15 12:48:13] memory_utils.py:47 - [Rank 1] Memory-Usage after offload model: {'gpu': '1', 'total_GB': 94.97, 'free_GB': 90.93, 'used_GB': 4.04, 'allocated_GB': 16.01, 'reserved_GB': 18.15, 'host_total_GB': 1133.56, 'host_available_GB': 741.96, 'host_used_GB': 391.6, 'host_free_GB': 107.79}
[2026-08-15 12:48:14] reloadable_process_group.py:121 - Reloaded default WORLD process group with backend nccl (generation 684)
[2026-08-15 12:48:14] reloadable_process_group.py:331 - Reloading 57 process groups in pid 31657: {'nccl': 50, 'gloo': 7}
[2026-08-15 12:48:14] memory_utils.py:47 - [Rank 1] Memory-Usage before update_weights: {'gpu': '1', 'total_GB': 94.97, 'free_GB': 87.65, 'used_GB': 7.32, 'allocated_GB': 16.01, 'reserved_GB': 18.15, 'host_total_GB': 1133.56, 'host_available_GB': 740.96, 'host_used_GB': 392.6, 'host_free_GB': 106.79}
[2026-08-15 12:48:14] memory_utils.py:47 - [Rank 1] Memory-Usage after update_weights: {'gpu': '1', 'total_GB': 94.97, 'free_GB': 87.67, 'used_GB': 7.3, 'allocated_GB': 16.01, 'reserved_GB': 18.15, 'host_total_GB': 1133.56, 'host_available_GB': 740.97, 'host_used_GB': 392.58, 'host_free_GB': 106.81}
[2026-08-15 12:48:14] reloadable_process_group.py:100 - Destroyed default nccl WORLD process group and initialized a temporary Gloo WORLD (generation 685)
[2026-08-15 12:49:33] memory_utils.py:47 - [Rank 1] Memory-Usage before wake_up model: {'gpu': '1', 'total_GB': 94.97, 'free_GB': 90.93, 'used_GB': 4.04, 'allocated_GB': 16.01, 'reserved_GB': 18.15, 'host_total_GB': 1133.56, 'host_available_GB': 740.44, 'host_used_GB': 393.12, 'host_free_GB': 105.57}
[2026-08-15 12:49:37] reloadable_process_group.py:121 - Reloaded default WORLD process group with backend nccl (generation 686)
[2026-08-15 12:49:37] reloadable_process_group.py:331 - Reloading 57 process groups in pid 31657: {'nccl': 50, 'gloo': 7}
[2026-08-15 12:49:37] memory_utils.py:47 - [Rank 1] Memory-Usage after wake_up model: {'gpu': '1', 'total_GB': 94.97, 'free_GB': 72.79, 'used_GB': 22.18, 'allocated_GB': 16.01, 'reserved_GB': 18.15, 'host_total_GB': 1133.56, 'host_available_GB': 774.04, 'host_used_GB': 359.52, 'host_free_GB': 138.69}
[2026-08-15 12:49:44] memory_utils.py:47 - [Rank 1] Memory-Usage before offload model: {'gpu': '1', 'total_GB': 94.97, 'free_GB': 71.99, 'used_GB': 22.98, 'allocated_GB': 16.01, 'reserved_GB': 18.15, 'host_total_GB': 1133.56, 'host_available_GB': 773.63, 'host_used_GB': 359.93, 'host_free_GB': 138.06}
[2026-08-15 12:49:45] reloadable_process_group.py:100 - Destroyed default nccl WORLD process group and initialized a temporary Gloo WORLD (generation 687)
[2026-08-15 12:49:51] memory_utils.py:47 - [Rank 1] Memory-Usage after offload model: {'gpu': '1', 'total_GB': 94.97, 'free_GB': 90.93, 'used_GB': 4.04, 'allocated_GB': 16.01, 'reserved_GB': 18.15, 'host_total_GB': 1133.56, 'host_available_GB': 740.63, 'host_used_GB': 392.93, 'host_free_GB': 103.91}
[2026-08-15 12:49:51] reloadable_process_group.py:121 - Reloaded default WORLD process group with backend nccl (generation 688)
[2026-08-15 12:49:51] reloadable_process_group.py:331 - Reloading 57 process groups in pid 31657: {'nccl': 50, 'gloo': 7}
[2026-08-15 12:49:51] memory_utils.py:47 - [Rank 1] Memory-Usage before update_weights: {'gpu': '1', 'total_GB': 94.97, 'free_GB': 87.65, 'used_GB': 7.32, 'allocated_GB': 16.01, 'reserved_GB': 18.15, 'host_total_GB': 1133.56, 'host_available_GB': 739.43, 'host_used_GB': 394.13, 'host_free_GB': 102.62}
[2026-08-15 12:49:52] memory_utils.py:47 - [Rank 1] Memory-Usage after update_weights: {'gpu': '1', 'total_GB': 94.97, 'free_GB': 87.67, 'used_GB': 7.3, 'allocated_GB': 16.01, 'reserved_GB': 18.15, 'host_total_GB': 1133.56, 'host_available_GB': 739.45, 'host_used_GB': 394.1, 'host_free_GB': 102.62}
[2026-08-15 12:49:52] reloadable_process_group.py:100 - Destroyed default nccl WORLD process group and initialized a temporary Gloo WORLD (generation 689)
[2026-08-15 12:51:12] memory_utils.py:47 - [Rank 1] Memory-Usage before wake_up model: {'gpu': '1', 'total_GB': 94.97, 'free_GB': 90.93, 'used_GB': 4.04, 'allocated_GB': 16.01, 'reserved_GB': 18.15, 'host_total_GB': 1133.56, 'host_available_GB': 740.64, 'host_used_GB': 392.92, 'host_free_GB': 106.45}
[2026-08-15 12:51:15] reloadable_process_group.py:121 - Reloaded default WORLD process group with backend nccl (generation 690)
[2026-08-15 12:51:15] reloadable_process_group.py:331 - Reloading 57 process groups in pid 31657: {'nccl': 50, 'gloo': 7}
[2026-08-15 12:51:16] memory_utils.py:47 - [Rank 1] Memory-Usage after wake_up model: {'gpu': '1', 'total_GB': 94.97, 'free_GB': 72.79, 'used_GB': 22.18, 'allocated_GB': 16.01, 'reserved_GB': 18.15, 'host_total_GB': 1133.56, 'host_available_GB': 774.65, 'host_used_GB': 358.9, 'host_free_GB': 140.47}
[2026-08-15 12:51:23] memory_utils.py:47 - [Rank 1] Memory-Usage before offload model: {'gpu': '1', 'total_GB': 94.97, 'free_GB': 71.99, 'used_GB': 22.98, 'allocated_GB': 16.01, 'reserved_GB': 18.15, 'host_total_GB': 1133.56, 'host_available_GB': 774.27, 'host_used_GB': 359.29, 'host_free_GB': 140.08}
[2026-08-15 12:51:24] reloadable_process_group.py:100 - Destroyed default nccl WORLD process group and initialized a temporary Gloo WORLD (generation 691)
[2026-08-15 12:51:29] memory_utils.py:47 - [Rank 1] Memory-Usage after offload model: {'gpu': '1', 'total_GB': 94.97, 'free_GB': 90.93, 'used_GB': 4.04, 'allocated_GB': 16.01, 'reserved_GB': 18.15, 'host_total_GB': 1133.56, 'host_available_GB': 741.79, 'host_used_GB': 391.77, 'host_free_GB': 107.6}
[2026-08-15 12:51:30] reloadable_process_group.py:121 - Reloaded default WORLD process group with backend nccl (generation 692)
[2026-08-15 12:51:30] reloadable_process_group.py:331 - Reloading 57 process groups in pid 31657: {'nccl': 50, 'gloo': 7}
[2026-08-15 12:51:30] memory_utils.py:47 - [Rank 1] Memory-Usage before update_weights: {'gpu': '1', 'total_GB': 94.97, 'free_GB': 87.65, 'used_GB': 7.32, 'allocated_GB': 16.01, 'reserved_GB': 18.15, 'host_total_GB': 1133.56, 'host_available_GB': 740.78, 'host_used_GB': 392.78, 'host_free_GB': 106.59}
[2026-08-15 12:51:30] memory_utils.py:47 - [Rank 1] Memory-Usage after update_weights: {'gpu': '1', 'total_GB': 94.97, 'free_GB': 87.67, 'used_GB': 7.3, 'allocated_GB': 16.01, 'reserved_GB': 18.15, 'host_total_GB': 1133.56, 'host_available_GB': 740.8, 'host_used_GB': 392.76, 'host_free_GB': 106.61}
[2026-08-15 12:51:31] reloadable_process_group.py:100 - Destroyed default nccl WORLD process group and initialized a temporary Gloo WORLD (generation 693)
[2026-08-15 12:52:50] memory_utils.py:47 - [Rank 1] Memory-Usage before wake_up model: {'gpu': '1', 'total_GB': 94.97, 'free_GB': 90.93, 'used_GB': 4.04, 'allocated_GB': 16.01, 'reserved_GB': 18.15, 'host_total_GB': 1133.56, 'host_available_GB': 740.17, 'host_used_GB': 393.39, 'host_free_GB': 104.58}
[2026-08-15 12:52:53] reloadable_process_group.py:121 - Reloaded default WORLD process group with backend nccl (generation 694)
[2026-08-15 12:52:53] reloadable_process_group.py:331 - Reloading 57 process groups in pid 31657: {'nccl': 50, 'gloo': 7}
[2026-08-15 12:52:53] memory_utils.py:47 - [Rank 1] Memory-Usage after wake_up model: {'gpu': '1', 'total_GB': 94.97, 'free_GB': 72.79, 'used_GB': 22.18, 'allocated_GB': 16.01, 'reserved_GB': 18.15, 'host_total_GB': 1133.56, 'host_available_GB': 774.29, 'host_used_GB': 359.27, 'host_free_GB': 138.7}
[2026-08-15 12:53:05] memory_utils.py:47 - [Rank 1] Memory-Usage before offload model: {'gpu': '1', 'total_GB': 94.97, 'free_GB': 71.99, 'used_GB': 22.98, 'allocated_GB': 16.01, 'reserved_GB': 18.15, 'host_total_GB': 1133.56, 'host_available_GB': 773.62, 'host_used_GB': 359.94, 'host_free_GB': 137.51}
[2026-08-15 12:53:06] reloadable_process_group.py:100 - Destroyed default nccl WORLD process group and initialized a temporary Gloo WORLD (generation 695)
[2026-08-15 12:53:12] memory_utils.py:47 - [Rank 1] Memory-Usage after offload model: {'gpu': '1', 'total_GB': 94.97, 'free_GB': 90.93, 'used_GB': 4.04, 'allocated_GB': 16.01, 'reserved_GB': 18.15, 'host_total_GB': 1133.56, 'host_available_GB': 740.86, 'host_used_GB': 392.7, 'host_free_GB': 103.76}
[2026-08-15 12:53:12] reloadable_process_group.py:121 - Reloaded default WORLD process group with backend nccl (generation 696)
[2026-08-15 12:53:12] reloadable_process_group.py:331 - Reloading 57 process groups in pid 31657: {'nccl': 50, 'gloo': 7}
[2026-08-15 12:53:12] memory_utils.py:47 - [Rank 1] Memory-Usage before update_weights: {'gpu': '1', 'total_GB': 94.97, 'free_GB': 87.65, 'used_GB': 7.32, 'allocated_GB': 16.01, 'reserved_GB': 18.15, 'host_total_GB': 1133.56, 'host_available_GB': 739.67, 'host_used_GB': 393.89, 'host_free_GB': 102.48}
[2026-08-15 12:53:13] memory_utils.py:47 - [Rank 1] Memory-Usage after update_weights: {'gpu': '1', 'total_GB': 94.97, 'free_GB': 87.67, 'used_GB': 7.3, 'allocated_GB': 16.01, 'reserved_GB': 18.15, 'host_total_GB': 1133.56, 'host_available_GB': 739.63, 'host_used_GB': 393.93, 'host_free_GB': 102.34}
[2026-08-15 12:53:13] reloadable_process_group.py:100 - Destroyed default nccl WORLD process group and initialized a temporary Gloo WORLD (generation 697)
[2026-08-15 12:54:34] memory_utils.py:47 - [Rank 1] Memory-Usage before wake_up model: {'gpu': '1', 'total_GB': 94.97, 'free_GB': 90.93, 'used_GB': 4.04, 'allocated_GB': 16.01, 'reserved_GB': 18.15, 'host_total_GB': 1133.56, 'host_available_GB': 740.56, 'host_used_GB': 393.0, 'host_free_GB': 101.62}
[2026-08-15 12:54:37] reloadable_process_group.py:121 - Reloaded default WORLD process group with backend nccl (generation 698)
[2026-08-15 12:54:37] reloadable_process_group.py:331 - Reloading 57 process groups in pid 31657: {'nccl': 50, 'gloo': 7}
[2026-08-15 12:54:37] memory_utils.py:47 - [Rank 1] Memory-Usage after wake_up model: {'gpu': '1', 'total_GB': 94.97, 'free_GB': 72.8, 'used_GB': 22.18, 'allocated_GB': 16.01, 'reserved_GB': 18.15, 'host_total_GB': 1133.56, 'host_available_GB': 774.6, 'host_used_GB': 358.96, 'host_free_GB': 137.09}
[2026-08-15 12:54:44] memory_utils.py:47 - [Rank 1] Memory-Usage before offload model: {'gpu': '1', 'total_GB': 94.97, 'free_GB': 71.99, 'used_GB': 22.98, 'allocated_GB': 16.01, 'reserved_GB': 18.15, 'host_total_GB': 1133.56, 'host_available_GB': 774.1, 'host_used_GB': 359.46, 'host_free_GB': 139.89}
[2026-08-15 12:54:46] reloadable_process_group.py:100 - Destroyed default nccl WORLD process group and initialized a temporary Gloo WORLD (generation 699)
[2026-08-15 12:54:51] memory_utils.py:47 - [Rank 1] Memory-Usage after offload model: {'gpu': '1', 'total_GB': 94.97, 'free_GB': 90.93, 'used_GB': 4.04, 'allocated_GB': 16.01, 'reserved_GB': 18.15, 'host_total_GB': 1133.56, 'host_available_GB': 742.01, 'host_used_GB': 391.55, 'host_free_GB': 107.8}
[2026-08-15 12:54:52] reloadable_process_group.py:121 - Reloaded default WORLD process group with backend nccl (generation 700)
[2026-08-15 12:54:52] reloadable_process_group.py:331 - Reloading 57 process groups in pid 31657: {'nccl': 50, 'gloo': 7}
[2026-08-15 12:54:52] memory_utils.py:47 - [Rank 1] Memory-Usage before update_weights: {'gpu': '1', 'total_GB': 94.97, 'free_GB': 87.65, 'used_GB': 7.32, 'allocated_GB': 16.01, 'reserved_GB': 18.15, 'host_total_GB': 1133.56, 'host_available_GB': 740.57, 'host_used_GB': 392.99, 'host_free_GB': 106.36}
[2026-08-15 12:54:53] memory_utils.py:47 - [Rank 1] Memory-Usage after update_weights: {'gpu': '1', 'total_GB': 94.97, 'free_GB': 87.67, 'used_GB': 7.3, 'allocated_GB': 16.01, 'reserved_GB': 18.15, 'host_total_GB': 1133.56, 'host_available_GB': 740.6, 'host_used_GB': 392.95, 'host_free_GB': 106.39}
[2026-08-15 12:54:53] reloadable_process_group.py:100 - Destroyed default nccl WORLD process group and initialized a temporary Gloo WORLD (generation 701)
[2026-08-15 12:56:13] memory_utils.py:47 - [Rank 1] Memory-Usage before wake_up model: {'gpu': '1', 'total_GB': 94.97, 'free_GB': 90.93, 'used_GB': 4.04, 'allocated_GB': 16.01, 'reserved_GB': 18.15, 'host_total_GB': 1133.56, 'host_available_GB': 740.92, 'host_used_GB': 392.64, 'host_free_GB': 106.69}
[2026-08-15 12:56:16] reloadable_process_group.py:121 - Reloaded default WORLD process group with backend nccl (generation 702)
[2026-08-15 12:56:16] reloadable_process_group.py:331 - Reloading 57 process groups in pid 31657: {'nccl': 50, 'gloo': 7}
[2026-08-15 12:56:16] memory_utils.py:47 - [Rank 1] Memory-Usage after wake_up model: {'gpu': '1', 'total_GB': 94.97, 'free_GB': 72.8, 'used_GB': 22.18, 'allocated_GB': 16.01, 'reserved_GB': 18.15, 'host_total_GB': 1133.56, 'host_available_GB': 774.87, 'host_used_GB': 358.69, 'host_free_GB': 140.65}
[2026-08-15 12:56:23] memory_utils.py:47 - [Rank 1] Memory-Usage before offload model: {'gpu': '1', 'total_GB': 94.97, 'free_GB': 71.99, 'used_GB': 22.98, 'allocated_GB': 16.01, 'reserved_GB': 18.15, 'host_total_GB': 1133.56, 'host_available_GB': 774.37, 'host_used_GB': 359.19, 'host_free_GB': 140.15}
[2026-08-15 12:56:24] reloadable_process_group.py:100 - Destroyed default nccl WORLD process group and initialized a temporary Gloo WORLD (generation 703)
[2026-08-15 12:56:30] memory_utils.py:47 - [Rank 1] Memory-Usage after offload model: {'gpu': '1', 'total_GB': 94.97, 'free_GB': 90.93, 'used_GB': 4.04, 'allocated_GB': 16.01, 'reserved_GB': 18.15, 'host_total_GB': 1133.56, 'host_available_GB': 741.93, 'host_used_GB': 391.63, 'host_free_GB': 107.7}
[2026-08-15 12:56:30] reloadable_process_group.py:121 - Reloaded default WORLD process group with backend nccl (generation 704)
[2026-08-15 12:56:30] reloadable_process_group.py:331 - Reloading 57 process groups in pid 31657: {'nccl': 50, 'gloo': 7}
[2026-08-15 12:56:30] memory_utils.py:47 - [Rank 1] Memory-Usage before update_weights: {'gpu': '1', 'total_GB': 94.97, 'free_GB': 87.65, 'used_GB': 7.32, 'allocated_GB': 16.01, 'reserved_GB': 18.15, 'host_total_GB': 1133.56, 'host_available_GB': 740.91, 'host_used_GB': 392.65, 'host_free_GB': 106.68}
[2026-08-15 12:56:31] memory_utils.py:47 - [Rank 1] Memory-Usage after update_weights: {'gpu': '1', 'total_GB': 94.97, 'free_GB': 87.67, 'used_GB': 7.3, 'allocated_GB': 16.01, 'reserved_GB': 18.15, 'host_total_GB': 1133.56, 'host_available_GB': 740.9, 'host_used_GB': 392.65, 'host_free_GB': 106.68}
[2026-08-15 12:56:31] reloadable_process_group.py:100 - Destroyed default nccl WORLD process group and initialized a temporary Gloo WORLD (generation 705)
[2026-08-15 12:57:50] memory_utils.py:47 - [Rank 1] Memory-Usage before wake_up model: {'gpu': '1', 'total_GB': 94.97, 'free_GB': 90.93, 'used_GB': 4.04, 'allocated_GB': 16.01, 'reserved_GB': 18.15, 'host_total_GB': 1133.56, 'host_available_GB': 741.08, 'host_used_GB': 392.48, 'host_free_GB': 106.85}
[2026-08-15 12:57:53] reloadable_process_group.py:121 - Reloaded default WORLD process group with backend nccl (generation 706)
[2026-08-15 12:57:53] reloadable_process_group.py:331 - Reloading 57 process groups in pid 31657: {'nccl': 50, 'gloo': 7}
[2026-08-15 12:57:53] memory_utils.py:47 - [Rank 1] Memory-Usage after wake_up model: {'gpu': '1', 'total_GB': 94.97, 'free_GB': 72.79, 'used_GB': 22.18, 'allocated_GB': 16.01, 'reserved_GB': 18.15, 'host_total_GB': 1133.56, 'host_available_GB': 775.01, 'host_used_GB': 358.55, 'host_free_GB': 140.77}
[2026-08-15 12:58:00] memory_utils.py:47 - [Rank 1] Memory-Usage before offload model: {'gpu': '1', 'total_GB': 94.97, 'free_GB': 71.99, 'used_GB': 22.98, 'allocated_GB': 16.01, 'reserved_GB': 18.15, 'host_total_GB': 1133.56, 'host_available_GB': 774.39, 'host_used_GB': 359.16, 'host_free_GB': 140.16}
[2026-08-15 12:58:01] reloadable_process_group.py:100 - Destroyed default nccl WORLD process group and initialized a temporary Gloo WORLD (generation 707)
[2026-08-15 12:58:07] memory_utils.py:47 - [Rank 1] Memory-Usage after offload model: {'gpu': '1', 'total_GB': 94.97, 'free_GB': 90.93, 'used_GB': 4.04, 'allocated_GB': 16.01, 'reserved_GB': 18.15, 'host_total_GB': 1133.56, 'host_available_GB': 742.0, 'host_used_GB': 391.56, 'host_free_GB': 107.76}
[2026-08-15 12:58:07] reloadable_process_group.py:121 - Reloaded default WORLD process group with backend nccl (generation 708)
[2026-08-15 12:58:07] reloadable_process_group.py:331 - Reloading 57 process groups in pid 31657: {'nccl': 50, 'gloo': 7}
[2026-08-15 12:58:07] memory_utils.py:47 - [Rank 1] Memory-Usage before update_weights: {'gpu': '1', 'total_GB': 94.97, 'free_GB': 87.65, 'used_GB': 7.32, 'allocated_GB': 16.01, 'reserved_GB': 18.15, 'host_total_GB': 1133.56, 'host_available_GB': 740.92, 'host_used_GB': 392.64, 'host_free_GB': 106.69}
[2026-08-15 12:58:08] memory_utils.py:47 - [Rank 1] Memory-Usage after update_weights: {'gpu': '1', 'total_GB': 94.97, 'free_GB': 87.67, 'used_GB': 7.3, 'allocated_GB': 16.01, 'reserved_GB': 18.15, 'host_total_GB': 1133.56, 'host_available_GB': 740.92, 'host_used_GB': 392.63, 'host_free_GB': 106.69}
[2026-08-15 12:58:08] reloadable_process_group.py:100 - Destroyed default nccl WORLD process group and initialized a temporary Gloo WORLD (generation 709)
[2026-08-15 12:59:26] memory_utils.py:47 - [Rank 1] Memory-Usage before wake_up model: {'gpu': '1', 'total_GB': 94.97, 'free_GB': 90.93, 'used_GB': 4.04, 'allocated_GB': 16.01, 'reserved_GB': 18.15, 'host_total_GB': 1133.56, 'host_available_GB': 741.0, 'host_used_GB': 392.55, 'host_free_GB': 106.76}
[2026-08-15 12:59:29] reloadable_process_group.py:121 - Reloaded default WORLD process group with backend nccl (generation 710)
[2026-08-15 12:59:29] reloadable_process_group.py:331 - Reloading 57 process groups in pid 31657: {'nccl': 50, 'gloo': 7}
[2026-08-15 12:59:30] memory_utils.py:47 - [Rank 1] Memory-Usage after wake_up model: {'gpu': '1', 'total_GB': 94.97, 'free_GB': 72.79, 'used_GB': 22.18, 'allocated_GB': 16.01, 'reserved_GB': 18.15, 'host_total_GB': 1133.56, 'host_available_GB': 774.96, 'host_used_GB': 358.59, 'host_free_GB': 140.72}
[2026-08-15 12:59:40] memory_utils.py:47 - [Rank 1] Memory-Usage before offload model: {'gpu': '1', 'total_GB': 94.97, 'free_GB': 71.99, 'used_GB': 22.98, 'allocated_GB': 16.01, 'reserved_GB': 18.15, 'host_total_GB': 1133.56, 'host_available_GB': 774.47, 'host_used_GB': 359.08, 'host_free_GB': 140.23}
[2026-08-15 12:59:42] reloadable_process_group.py:100 - Destroyed default nccl WORLD process group and initialized a temporary Gloo WORLD (generation 711)
[2026-08-15 12:59:47] memory_utils.py:47 - [Rank 1] Memory-Usage after offload model: {'gpu': '1', 'total_GB': 94.97, 'free_GB': 90.93, 'used_GB': 4.04, 'allocated_GB': 16.01, 'reserved_GB': 18.15, 'host_total_GB': 1133.56, 'host_available_GB': 742.07, 'host_used_GB': 391.49, 'host_free_GB': 107.83}
[2026-08-15 12:59:48] reloadable_process_group.py:121 - Reloaded default WORLD process group with backend nccl (generation 712)
[2026-08-15 12:59:48] reloadable_process_group.py:331 - Reloading 57 process groups in pid 31657: {'nccl': 50, 'gloo': 7}
[2026-08-15 12:59:48] memory_utils.py:47 - [Rank 1] Memory-Usage before update_weights: {'gpu': '1', 'total_GB': 94.97, 'free_GB': 87.65, 'used_GB': 7.32, 'allocated_GB': 16.01, 'reserved_GB': 18.15, 'host_total_GB': 1133.56, 'host_available_GB': 740.96, 'host_used_GB': 392.6, 'host_free_GB': 106.71}
[2026-08-15 12:59:48] memory_utils.py:47 - [Rank 1] Memory-Usage after update_weights: {'gpu': '1', 'total_GB': 94.97, 'free_GB': 87.67, 'used_GB': 7.3, 'allocated_GB': 16.01, 'reserved_GB': 18.15, 'host_total_GB': 1133.56, 'host_available_GB': 740.97, 'host_used_GB': 392.59, 'host_free_GB': 106.73}
[2026-08-15 12:59:48] reloadable_process_group.py:100 - Destroyed default nccl WORLD process group and initialized a temporary Gloo WORLD (generation 713)
[2026-08-15 13:01:07] memory_utils.py:47 - [Rank 1] Memory-Usage before wake_up model: {'gpu': '1', 'total_GB': 94.97, 'free_GB': 90.93, 'used_GB': 4.04, 'allocated_GB': 16.01, 'reserved_GB': 18.15, 'host_total_GB': 1133.56, 'host_available_GB': 741.02, 'host_used_GB': 392.54, 'host_free_GB': 106.76}
[2026-08-15 13:01:10] reloadable_process_group.py:121 - Reloaded default WORLD process group with backend nccl (generation 714)
[2026-08-15 13:01:10] reloadable_process_group.py:331 - Reloading 57 process groups in pid 31657: {'nccl': 50, 'gloo': 7}
[2026-08-15 13:01:10] memory_utils.py:47 - [Rank 1] Memory-Usage after wake_up model: {'gpu': '1', 'total_GB': 94.97, 'free_GB': 72.79, 'used_GB': 22.18, 'allocated_GB': 16.01, 'reserved_GB': 18.15, 'host_total_GB': 1133.56, 'host_available_GB': 774.93, 'host_used_GB': 358.63, 'host_free_GB': 140.67}
[2026-08-15 13:01:17] memory_utils.py:47 - [Rank 1] Memory-Usage before offload model: {'gpu': '1', 'total_GB': 94.97, 'free_GB': 71.99, 'used_GB': 22.98, 'allocated_GB': 16.01, 'reserved_GB': 18.15, 'host_total_GB': 1133.56, 'host_available_GB': 774.39, 'host_used_GB': 359.17, 'host_free_GB': 140.13}
[2026-08-15 13:01:18] reloadable_process_group.py:100 - Destroyed default nccl WORLD process group and initialized a temporary Gloo WORLD (generation 715)
[2026-08-15 13:01:24] memory_utils.py:47 - [Rank 1] Memory-Usage after offload model: {'gpu': '1', 'total_GB': 94.97, 'free_GB': 90.93, 'used_GB': 4.04, 'allocated_GB': 16.01, 'reserved_GB': 18.15, 'host_total_GB': 1133.56, 'host_available_GB': 741.84, 'host_used_GB': 391.71, 'host_free_GB': 107.59}
[2026-08-15 13:01:24] reloadable_process_group.py:121 - Reloaded default WORLD process group with backend nccl (generation 716)
[2026-08-15 13:01:24] reloadable_process_group.py:331 - Reloading 57 process groups in pid 31657: {'nccl': 50, 'gloo': 7}
[2026-08-15 13:01:25] memory_utils.py:47 - [Rank 1] Memory-Usage before update_weights: {'gpu': '1', 'total_GB': 94.97, 'free_GB': 87.65, 'used_GB': 7.32, 'allocated_GB': 16.01, 'reserved_GB': 18.15, 'host_total_GB': 1133.56, 'host_available_GB': 740.89, 'host_used_GB': 392.67, 'host_free_GB': 106.63}
[2026-08-15 13:01:25] memory_utils.py:47 - [Rank 1] Memory-Usage after update_weights: {'gpu': '1', 'total_GB': 94.97, 'free_GB': 87.67, 'used_GB': 7.3, 'allocated_GB': 16.01, 'reserved_GB': 18.15, 'host_total_GB': 1133.56, 'host_available_GB': 740.91, 'host_used_GB': 392.65, 'host_free_GB': 106.65}
[2026-08-15 13:01:25] reloadable_process_group.py:100 - Destroyed default nccl WORLD process group and initialized a temporary Gloo WORLD (generation 717)
[2026-08-15 13:02:44] memory_utils.py:47 - [Rank 1] Memory-Usage before wake_up model: {'gpu': '1', 'total_GB': 94.97, 'free_GB': 90.93, 'used_GB': 4.04, 'allocated_GB': 16.01, 'reserved_GB': 18.15, 'host_total_GB': 1133.56, 'host_available_GB': 740.93, 'host_used_GB': 392.62, 'host_free_GB': 106.67}
[2026-08-15 13:02:47] reloadable_process_group.py:121 - Reloaded default WORLD process group with backend nccl (generation 718)
[2026-08-15 13:02:47] reloadable_process_group.py:331 - Reloading 57 process groups in pid 31657: {'nccl': 50, 'gloo': 7}
[2026-08-15 13:02:47] memory_utils.py:47 - [Rank 1] Memory-Usage after wake_up model: {'gpu': '1', 'total_GB': 94.97, 'free_GB': 72.79, 'used_GB': 22.18, 'allocated_GB': 16.01, 'reserved_GB': 18.15, 'host_total_GB': 1133.56, 'host_available_GB': 774.82, 'host_used_GB': 358.74, 'host_free_GB': 140.55}
[2026-08-15 13:02:54] memory_utils.py:47 - [Rank 1] Memory-Usage before offload model: {'gpu': '1', 'total_GB': 94.97, 'free_GB': 71.99, 'used_GB': 22.98, 'allocated_GB': 16.0, 'reserved_GB': 18.15, 'host_total_GB': 1133.56, 'host_available_GB': 774.33, 'host_used_GB': 359.23, 'host_free_GB': 140.06}
[2026-08-15 13:02:56] reloadable_process_group.py:100 - Destroyed default nccl WORLD process group and initialized a temporary Gloo WORLD (generation 719)
[2026-08-15 13:03:01] memory_utils.py:47 - [Rank 1] Memory-Usage after offload model: {'gpu': '1', 'total_GB': 94.97, 'free_GB': 90.93, 'used_GB': 4.04, 'allocated_GB': 16.0, 'reserved_GB': 18.15, 'host_total_GB': 1133.56, 'host_available_GB': 741.83, 'host_used_GB': 391.73, 'host_free_GB': 107.56}
[2026-08-15 13:03:02] reloadable_process_group.py:121 - Reloaded default WORLD process group with backend nccl (generation 720)
[2026-08-15 13:03:02] reloadable_process_group.py:331 - Reloading 57 process groups in pid 31657: {'nccl': 50, 'gloo': 7}
[2026-08-15 13:03:02] memory_utils.py:47 - [Rank 1] Memory-Usage before update_weights: {'gpu': '1', 'total_GB': 94.97, 'free_GB': 87.65, 'used_GB': 7.32, 'allocated_GB': 16.0, 'reserved_GB': 18.15, 'host_total_GB': 1133.56, 'host_available_GB': 740.88, 'host_used_GB': 392.68, 'host_free_GB': 106.61}
[2026-08-15 13:03:02] memory_utils.py:47 - [Rank 1] Memory-Usage after update_weights: {'gpu': '1', 'total_GB': 94.97, 'free_GB': 87.67, 'used_GB': 7.3, 'allocated_GB': 16.0, 'reserved_GB': 18.15, 'host_total_GB': 1133.56, 'host_available_GB': 740.88, 'host_used_GB': 392.68, 'host_free_GB': 106.61}
[2026-08-15 13:03:03] reloadable_process_group.py:100 - Destroyed default nccl WORLD process group and initialized a temporary Gloo WORLD (generation 721)
[2026-08-15 13:04:21] memory_utils.py:47 - [Rank 1] Memory-Usage before wake_up model: {'gpu': '1', 'total_GB': 94.97, 'free_GB': 90.93, 'used_GB': 4.04, 'allocated_GB': 16.0, 'reserved_GB': 18.15, 'host_total_GB': 1133.56, 'host_available_GB': 741.02, 'host_used_GB': 392.53, 'host_free_GB': 106.75}
[2026-08-15 13:04:24] reloadable_process_group.py:121 - Reloaded default WORLD process group with backend nccl (generation 722)
[2026-08-15 13:04:24] reloadable_process_group.py:331 - Reloading 57 process groups in pid 31657: {'nccl': 50, 'gloo': 7}
[2026-08-15 13:04:24] memory_utils.py:47 - [Rank 1] Memory-Usage after wake_up model: {'gpu': '1', 'total_GB': 94.97, 'free_GB': 72.79, 'used_GB': 22.18, 'allocated_GB': 16.0, 'reserved_GB': 18.15, 'host_total_GB': 1133.56, 'host_available_GB': 775.01, 'host_used_GB': 358.55, 'host_free_GB': 140.74}
[2026-08-15 13:04:31] memory_utils.py:47 - [Rank 1] Memory-Usage before offload model: {'gpu': '1', 'total_GB': 94.97, 'free_GB': 71.99, 'used_GB': 22.98, 'allocated_GB': 16.01, 'reserved_GB': 18.15, 'host_total_GB': 1133.56, 'host_available_GB': 774.49, 'host_used_GB': 359.07, 'host_free_GB': 140.21}
[2026-08-15 13:04:32] reloadable_process_group.py:100 - Destroyed default nccl WORLD process group and initialized a temporary Gloo WORLD (generation 723)
[2026-08-15 13:04:38] memory_utils.py:47 - [Rank 1] Memory-Usage after offload model: {'gpu': '1', 'total_GB': 94.97, 'free_GB': 90.93, 'used_GB': 4.04, 'allocated_GB': 16.01, 'reserved_GB': 18.15, 'host_total_GB': 1133.56, 'host_available_GB': 742.12, 'host_used_GB': 391.44, 'host_free_GB': 107.85}
[2026-08-15 13:04:38] reloadable_process_group.py:121 - Reloaded default WORLD process group with backend nccl (generation 724)
[2026-08-15 13:04:38] reloadable_process_group.py:331 - Reloading 57 process groups in pid 31657: {'nccl': 50, 'gloo': 7}
[2026-08-15 13:04:38] memory_utils.py:47 - [Rank 1] Memory-Usage before update_weights: {'gpu': '1', 'total_GB': 94.97, 'free_GB': 87.65, 'used_GB': 7.32, 'allocated_GB': 16.01, 'reserved_GB': 18.15, 'host_total_GB': 1133.56, 'host_available_GB': 740.96, 'host_used_GB': 392.6, 'host_free_GB': 106.68}
[2026-08-15 13:04:39] memory_utils.py:47 - [Rank 1] Memory-Usage after update_weights: {'gpu': '1', 'total_GB': 94.97, 'free_GB': 87.67, 'used_GB': 7.3, 'allocated_GB': 16.01, 'reserved_GB': 18.15, 'host_total_GB': 1133.56, 'host_available_GB': 740.98, 'host_used_GB': 392.58, 'host_free_GB': 106.7}
[2026-08-15 13:04:39] reloadable_process_group.py:100 - Destroyed default nccl WORLD process group and initialized a temporary Gloo WORLD (generation 725)
[2026-08-15 13:05:58] memory_utils.py:47 - [Rank 1] Memory-Usage before wake_up model: {'gpu': '1', 'total_GB': 94.97, 'free_GB': 90.93, 'used_GB': 4.04, 'allocated_GB': 16.01, 'reserved_GB': 18.15, 'host_total_GB': 1133.56, 'host_available_GB': 741.03, 'host_used_GB': 392.53, 'host_free_GB': 106.74}
[2026-08-15 13:06:01] reloadable_process_group.py:121 - Reloaded default WORLD process group with backend nccl (generation 726)
[2026-08-15 13:06:01] reloadable_process_group.py:331 - Reloading 57 process groups in pid 31657: {'nccl': 50, 'gloo': 7}
[2026-08-15 13:06:01] memory_utils.py:47 - [Rank 1] Memory-Usage after wake_up model: {'gpu': '1', 'total_GB': 94.97, 'free_GB': 72.79, 'used_GB': 22.18, 'allocated_GB': 16.01, 'reserved_GB': 18.15, 'host_total_GB': 1133.56, 'host_available_GB': 774.73, 'host_used_GB': 358.83, 'host_free_GB': 140.44}
[2026-08-15 13:06:14] memory_utils.py:47 - [Rank 1] Memory-Usage before offload model: {'gpu': '1', 'total_GB': 94.97, 'free_GB': 71.99, 'used_GB': 22.98, 'allocated_GB': 16.01, 'reserved_GB': 18.15, 'host_total_GB': 1133.56, 'host_available_GB': 774.44, 'host_used_GB': 359.12, 'host_free_GB': 140.15}
[2026-08-15 13:06:15] reloadable_process_group.py:100 - Destroyed default nccl WORLD process group and initialized a temporary Gloo WORLD (generation 727)
[2026-08-15 13:06:20] memory_utils.py:47 - [Rank 1] Memory-Usage after offload model: {'gpu': '1', 'total_GB': 94.97, 'free_GB': 90.93, 'used_GB': 4.04, 'allocated_GB': 16.01, 'reserved_GB': 18.15, 'host_total_GB': 1133.56, 'host_available_GB': 742.02, 'host_used_GB': 391.54, 'host_free_GB': 107.73}
[2026-08-15 13:06:21] reloadable_process_group.py:121 - Reloaded default WORLD process group with backend nccl (generation 728)
[2026-08-15 13:06:21] reloadable_process_group.py:331 - Reloading 57 process groups in pid 31657: {'nccl': 50, 'gloo': 7}
[2026-08-15 13:06:21] memory_utils.py:47 - [Rank 1] Memory-Usage before update_weights: {'gpu': '1', 'total_GB': 94.97, 'free_GB': 87.65, 'used_GB': 7.32, 'allocated_GB': 16.01, 'reserved_GB': 18.15, 'host_total_GB': 1133.56, 'host_available_GB': 740.94, 'host_used_GB': 392.61, 'host_free_GB': 106.66}
[2026-08-15 13:06:21] memory_utils.py:47 - [Rank 1] Memory-Usage after update_weights: {'gpu': '1', 'total_GB': 94.97, 'free_GB': 87.67, 'used_GB': 7.3, 'allocated_GB': 16.01, 'reserved_GB': 18.15, 'host_total_GB': 1133.56, 'host_available_GB': 740.95, 'host_used_GB': 392.61, 'host_free_GB': 106.66}
[2026-08-15 13:06:22] reloadable_process_group.py:100 - Destroyed default nccl WORLD process group and initialized a temporary Gloo WORLD (generation 729)
[2026-08-15 13:07:40] memory_utils.py:47 - [Rank 1] Memory-Usage before wake_up model: {'gpu': '1', 'total_GB': 94.97, 'free_GB': 90.93, 'used_GB': 4.04, 'allocated_GB': 16.01, 'reserved_GB': 18.15, 'host_total_GB': 1133.56, 'host_available_GB': 741.12, 'host_used_GB': 392.43, 'host_free_GB': 106.83}
[2026-08-15 13:07:43] reloadable_process_group.py:121 - Reloaded default WORLD process group with backend nccl (generation 730)
[2026-08-15 13:07:43] reloadable_process_group.py:331 - Reloading 57 process groups in pid 31657: {'nccl': 50, 'gloo': 7}
[2026-08-15 13:07:44] memory_utils.py:47 - [Rank 1] Memory-Usage after wake_up model: {'gpu': '1', 'total_GB': 94.97, 'free_GB': 72.79, 'used_GB': 22.18, 'allocated_GB': 16.01, 'reserved_GB': 18.15, 'host_total_GB': 1133.56, 'host_available_GB': 774.99, 'host_used_GB': 358.57, 'host_free_GB': 140.69}
[2026-08-15 13:07:51] memory_utils.py:47 - [Rank 1] Memory-Usage before offload model: {'gpu': '1', 'total_GB': 94.97, 'free_GB': 71.98, 'used_GB': 22.99, 'allocated_GB': 16.0, 'reserved_GB': 18.15, 'host_total_GB': 1133.56, 'host_available_GB': 774.45, 'host_used_GB': 359.11, 'host_free_GB': 140.15}
[2026-08-15 13:07:52] reloadable_process_group.py:100 - Destroyed default nccl WORLD process group and initialized a temporary Gloo WORLD (generation 731)
[2026-08-15 13:07:57] memory_utils.py:47 - [Rank 1] Memory-Usage after offload model: {'gpu': '1', 'total_GB': 94.97, 'free_GB': 90.93, 'used_GB': 4.04, 'allocated_GB': 16.0, 'reserved_GB': 18.15, 'host_total_GB': 1133.56, 'host_available_GB': 741.95, 'host_used_GB': 391.6, 'host_free_GB': 107.65}
[2026-08-15 13:07:58] reloadable_process_group.py:121 - Reloaded default WORLD process group with backend nccl (generation 732)
[2026-08-15 13:07:58] reloadable_process_group.py:331 - Reloading 57 process groups in pid 31657: {'nccl': 50, 'gloo': 7}
[2026-08-15 13:07:58] memory_utils.py:47 - [Rank 1] Memory-Usage before update_weights: {'gpu': '1', 'total_GB': 94.97, 'free_GB': 87.65, 'used_GB': 7.32, 'allocated_GB': 16.0, 'reserved_GB': 18.15, 'host_total_GB': 1133.56, 'host_available_GB': 740.92, 'host_used_GB': 392.64, 'host_free_GB': 106.62}
[2026-08-15 13:07:58] memory_utils.py:47 - [Rank 1] Memory-Usage after update_weights: {'gpu': '1', 'total_GB': 94.97, 'free_GB': 87.67, 'used_GB': 7.3, 'allocated_GB': 16.0, 'reserved_GB': 18.15, 'host_total_GB': 1133.56, 'host_available_GB': 740.93, 'host_used_GB': 392.63, 'host_free_GB': 106.63}
[2026-08-15 13:07:58] reloadable_process_group.py:100 - Destroyed default nccl WORLD process group and initialized a temporary Gloo WORLD (generation 733)
[2026-08-15 13:09:18] memory_utils.py:47 - [Rank 1] Memory-Usage before wake_up model: {'gpu': '1', 'total_GB': 94.97, 'free_GB': 90.93, 'used_GB': 4.04, 'allocated_GB': 16.0, 'reserved_GB': 18.15, 'host_total_GB': 1133.56, 'host_available_GB': 739.96, 'host_used_GB': 393.59, 'host_free_GB': 102.96}
[2026-08-15 13:09:21] reloadable_process_group.py:121 - Reloaded default WORLD process group with backend nccl (generation 734)
[2026-08-15 13:09:21] reloadable_process_group.py:331 - Reloading 57 process groups in pid 31657: {'nccl': 50, 'gloo': 7}
[2026-08-15 13:09:21] memory_utils.py:47 - [Rank 1] Memory-Usage after wake_up model: {'gpu': '1', 'total_GB': 94.97, 'free_GB': 72.79, 'used_GB': 22.18, 'allocated_GB': 16.0, 'reserved_GB': 18.15, 'host_total_GB': 1133.56, 'host_available_GB': 774.07, 'host_used_GB': 359.48, 'host_free_GB': 137.05}
[2026-08-15 13:09:28] memory_utils.py:47 - [Rank 1] Memory-Usage before offload model: {'gpu': '1', 'total_GB': 94.97, 'free_GB': 71.99, 'used_GB': 22.98, 'allocated_GB': 16.0, 'reserved_GB': 18.15, 'host_total_GB': 1133.56, 'host_available_GB': 773.72, 'host_used_GB': 359.84, 'host_free_GB': 136.7}
[2026-08-15 13:09:29] reloadable_process_group.py:100 - Destroyed default nccl WORLD process group and initialized a temporary Gloo WORLD (generation 735)
[2026-08-15 13:09:35] memory_utils.py:47 - [Rank 1] Memory-Usage after offload model: {'gpu': '1', 'total_GB': 94.97, 'free_GB': 90.93, 'used_GB': 4.04, 'allocated_GB': 16.0, 'reserved_GB': 18.15, 'host_total_GB': 1133.56, 'host_available_GB': 741.43, 'host_used_GB': 392.13, 'host_free_GB': 104.41}
[2026-08-15 13:09:35] reloadable_process_group.py:121 - Reloaded default WORLD process group with backend nccl (generation 736)
[2026-08-15 13:09:35] reloadable_process_group.py:331 - Reloading 57 process groups in pid 31657: {'nccl': 50, 'gloo': 7}
[2026-08-15 13:09:35] memory_utils.py:47 - [Rank 1] Memory-Usage before update_weights: {'gpu': '1', 'total_GB': 94.97, 'free_GB': 87.65, 'used_GB': 7.32, 'allocated_GB': 16.0, 'reserved_GB': 18.15, 'host_total_GB': 1133.56, 'host_available_GB': 740.41, 'host_used_GB': 393.14, 'host_free_GB': 104.4}
[2026-08-15 13:09:36] memory_utils.py:47 - [Rank 1] Memory-Usage after update_weights: {'gpu': '1', 'total_GB': 94.97, 'free_GB': 87.67, 'used_GB': 7.3, 'allocated_GB': 16.0, 'reserved_GB': 18.15, 'host_total_GB': 1133.56, 'host_available_GB': 740.43, 'host_used_GB': 393.13, 'host_free_GB': 104.68}
[2026-08-15 13:09:36] reloadable_process_group.py:100 - Destroyed default nccl WORLD process group and initialized a temporary Gloo WORLD (generation 737)
[2026-08-15 13:10:55] memory_utils.py:47 - [Rank 1] Memory-Usage before wake_up model: {'gpu': '1', 'total_GB': 94.97, 'free_GB': 90.93, 'used_GB': 4.04, 'allocated_GB': 16.0, 'reserved_GB': 18.15, 'host_total_GB': 1133.56, 'host_available_GB': 740.88, 'host_used_GB': 392.68, 'host_free_GB': 106.56}
[2026-08-15 13:10:58] reloadable_process_group.py:121 - Reloaded default WORLD process group with backend nccl (generation 738)
[2026-08-15 13:10:58] reloadable_process_group.py:331 - Reloading 57 process groups in pid 31657: {'nccl': 50, 'gloo': 7}
[2026-08-15 13:10:58] memory_utils.py:47 - [Rank 1] Memory-Usage after wake_up model: {'gpu': '1', 'total_GB': 94.97, 'free_GB': 72.79, 'used_GB': 22.18, 'allocated_GB': 16.0, 'reserved_GB': 18.15, 'host_total_GB': 1133.56, 'host_available_GB': 774.87, 'host_used_GB': 358.68, 'host_free_GB': 140.56}
[2026-08-15 13:11:05] memory_utils.py:47 - [Rank 1] Memory-Usage before offload model: {'gpu': '1', 'total_GB': 94.97, 'free_GB': 71.99, 'used_GB': 22.98, 'allocated_GB': 16.01, 'reserved_GB': 18.15, 'host_total_GB': 1133.56, 'host_available_GB': 774.36, 'host_used_GB': 359.2, 'host_free_GB': 140.04}
[2026-08-15 13:11:07] reloadable_process_group.py:100 - Destroyed default nccl WORLD process group and initialized a temporary Gloo WORLD (generation 739)
[2026-08-15 13:11:12] memory_utils.py:47 - [Rank 1] Memory-Usage after offload model: {'gpu': '1', 'total_GB': 94.97, 'free_GB': 90.93, 'used_GB': 4.04, 'allocated_GB': 16.01, 'reserved_GB': 18.15, 'host_total_GB': 1133.56, 'host_available_GB': 741.62, 'host_used_GB': 391.94, 'host_free_GB': 107.3}
[2026-08-15 13:11:13] reloadable_process_group.py:121 - Reloaded default WORLD process group with backend nccl (generation 740)
[2026-08-15 13:11:13] reloadable_process_group.py:331 - Reloading 57 process groups in pid 31657: {'nccl': 50, 'gloo': 7}
[2026-08-15 13:11:13] memory_utils.py:47 - [Rank 1] Memory-Usage before update_weights: {'gpu': '1', 'total_GB': 94.97, 'free_GB': 87.65, 'used_GB': 7.32, 'allocated_GB': 16.01, 'reserved_GB': 18.15, 'host_total_GB': 1133.56, 'host_available_GB': 740.71, 'host_used_GB': 392.85, 'host_free_GB': 106.39}
[2026-08-15 13:11:13] memory_utils.py:47 - [Rank 1] Memory-Usage after update_weights: {'gpu': '1', 'total_GB': 94.97, 'free_GB': 87.67, 'used_GB': 7.3, 'allocated_GB': 16.01, 'reserved_GB': 18.15, 'host_total_GB': 1133.56, 'host_available_GB': 740.73, 'host_used_GB': 392.83, 'host_free_GB': 106.41}
[2026-08-15 13:11:13] reloadable_process_group.py:100 - Destroyed default nccl WORLD process group and initialized a temporary Gloo WORLD (generation 741)
[2026-08-15 13:12:32] memory_utils.py:47 - [Rank 1] Memory-Usage before wake_up model: {'gpu': '1', 'total_GB': 94.97, 'free_GB': 90.93, 'used_GB': 4.04, 'allocated_GB': 16.01, 'reserved_GB': 18.15, 'host_total_GB': 1133.56, 'host_available_GB': 740.94, 'host_used_GB': 392.62, 'host_free_GB': 106.62}
[2026-08-15 13:12:35] reloadable_process_group.py:121 - Reloaded default WORLD process group with backend nccl (generation 742)
[2026-08-15 13:12:35] reloadable_process_group.py:331 - Reloading 57 process groups in pid 31657: {'nccl': 50, 'gloo': 7}
[2026-08-15 13:12:36] memory_utils.py:47 - [Rank 1] Memory-Usage after wake_up model: {'gpu': '1', 'total_GB': 94.97, 'free_GB': 72.79, 'used_GB': 22.18, 'allocated_GB': 16.01, 'reserved_GB': 18.15, 'host_total_GB': 1133.56, 'host_available_GB': 774.92, 'host_used_GB': 358.64, 'host_free_GB': 140.6}
[2026-08-15 13:12:47] memory_utils.py:47 - [Rank 1] Memory-Usage before offload model: {'gpu': '1', 'total_GB': 94.97, 'free_GB': 71.99, 'used_GB': 22.98, 'allocated_GB': 16.0, 'reserved_GB': 18.15, 'host_total_GB': 1133.56, 'host_available_GB': 774.47, 'host_used_GB': 359.09, 'host_free_GB': 140.14}
[2026-08-15 13:12:48] reloadable_process_group.py:100 - Destroyed default nccl WORLD process group and initialized a temporary Gloo WORLD (generation 743)
[2026-08-15 13:12:53] memory_utils.py:47 - [Rank 1] Memory-Usage after offload model: {'gpu': '1', 'total_GB': 94.97, 'free_GB': 90.93, 'used_GB': 4.04, 'allocated_GB': 16.0, 'reserved_GB': 18.15, 'host_total_GB': 1133.56, 'host_available_GB': 741.96, 'host_used_GB': 391.59, 'host_free_GB': 107.64}
[2026-08-15 13:12:54] reloadable_process_group.py:121 - Reloaded default WORLD process group with backend nccl (generation 744)
[2026-08-15 13:12:54] reloadable_process_group.py:331 - Reloading 57 process groups in pid 31657: {'nccl': 50, 'gloo': 7}
[2026-08-15 13:12:54] memory_utils.py:47 - [Rank 1] Memory-Usage before update_weights: {'gpu': '1', 'total_GB': 94.97, 'free_GB': 87.65, 'used_GB': 7.32, 'allocated_GB': 16.0, 'reserved_GB': 18.15, 'host_total_GB': 1133.56, 'host_available_GB': 740.93, 'host_used_GB': 392.62, 'host_free_GB': 106.61}
[2026-08-15 13:12:54] memory_utils.py:47 - [Rank 1] Memory-Usage after update_weights: {'gpu': '1', 'total_GB': 94.97, 'free_GB': 87.67, 'used_GB': 7.3, 'allocated_GB': 16.0, 'reserved_GB': 18.15, 'host_total_GB': 1133.56, 'host_available_GB': 740.97, 'host_used_GB': 392.59, 'host_free_GB': 106.64}
[2026-08-15 13:12:54] reloadable_process_group.py:100 - Destroyed default nccl WORLD process group and initialized a temporary Gloo WORLD (generation 745)
[2026-08-15 13:14:13] memory_utils.py:47 - [Rank 1] Memory-Usage before wake_up model: {'gpu': '1', 'total_GB': 94.97, 'free_GB': 90.93, 'used_GB': 4.04, 'allocated_GB': 16.0, 'reserved_GB': 18.15, 'host_total_GB': 1133.56, 'host_available_GB': 740.97, 'host_used_GB': 392.58, 'host_free_GB': 106.64}
[2026-08-15 13:14:17] reloadable_process_group.py:121 - Reloaded default WORLD process group with backend nccl (generation 746)
[2026-08-15 13:14:17] reloadable_process_group.py:331 - Reloading 57 process groups in pid 31657: {'nccl': 50, 'gloo': 7}
[2026-08-15 13:14:17] memory_utils.py:47 - [Rank 1] Memory-Usage after wake_up model: {'gpu': '1', 'total_GB': 94.97, 'free_GB': 72.79, 'used_GB': 22.18, 'allocated_GB': 16.0, 'reserved_GB': 18.15, 'host_total_GB': 1133.56, 'host_available_GB': 775.05, 'host_used_GB': 358.51, 'host_free_GB': 140.71}
[2026-08-15 13:14:24] memory_utils.py:47 - [Rank 1] Memory-Usage before offload model: {'gpu': '1', 'total_GB': 94.97, 'free_GB': 71.99, 'used_GB': 22.98, 'allocated_GB': 16.01, 'reserved_GB': 18.15, 'host_total_GB': 1133.56, 'host_available_GB': 774.45, 'host_used_GB': 359.1, 'host_free_GB': 140.12}
[2026-08-15 13:14:25] reloadable_process_group.py:100 - Destroyed default nccl WORLD process group and initialized a temporary Gloo WORLD (generation 747)
[2026-08-15 13:14:30] memory_utils.py:47 - [Rank 1] Memory-Usage after offload model: {'gpu': '1', 'total_GB': 94.97, 'free_GB': 90.93, 'used_GB': 4.04, 'allocated_GB': 16.01, 'reserved_GB': 18.15, 'host_total_GB': 1133.56, 'host_available_GB': 741.88, 'host_used_GB': 391.68, 'host_free_GB': 107.54}
[2026-08-15 13:14:31] reloadable_process_group.py:121 - Reloaded default WORLD process group with backend nccl (generation 748)
[2026-08-15 13:14:31] reloadable_process_group.py:331 - Reloading 57 process groups in pid 31657: {'nccl': 50, 'gloo': 7}
[2026-08-15 13:14:31] memory_utils.py:47 - [Rank 1] Memory-Usage before update_weights: {'gpu': '1', 'total_GB': 94.97, 'free_GB': 87.65, 'used_GB': 7.32, 'allocated_GB': 16.01, 'reserved_GB': 18.15, 'host_total_GB': 1133.56, 'host_available_GB': 740.92, 'host_used_GB': 392.64, 'host_free_GB': 106.58}
[2026-08-15 13:14:32] memory_utils.py:47 - [Rank 1] Memory-Usage after update_weights: {'gpu': '1', 'total_GB': 94.97, 'free_GB': 87.67, 'used_GB': 7.3, 'allocated_GB': 16.01, 'reserved_GB': 18.15, 'host_total_GB': 1133.56, 'host_available_GB': 740.91, 'host_used_GB': 392.65, 'host_free_GB': 106.57}
[2026-08-15 13:14:32] reloadable_process_group.py:100 - Destroyed default nccl WORLD process group and initialized a temporary Gloo WORLD (generation 749)
[2026-08-15 13:15:50] memory_utils.py:47 - [Rank 1] Memory-Usage before wake_up model: {'gpu': '1', 'total_GB': 94.97, 'free_GB': 90.93, 'used_GB': 4.04, 'allocated_GB': 16.01, 'reserved_GB': 18.15, 'host_total_GB': 1133.56, 'host_available_GB': 741.01, 'host_used_GB': 392.55, 'host_free_GB': 106.66}
[2026-08-15 13:15:53] reloadable_process_group.py:121 - Reloaded default WORLD process group with backend nccl (generation 750)
[2026-08-15 13:15:53] reloadable_process_group.py:331 - Reloading 57 process groups in pid 31657: {'nccl': 50, 'gloo': 7}
[2026-08-15 13:15:53] memory_utils.py:47 - [Rank 1] Memory-Usage after wake_up model: {'gpu': '1', 'total_GB': 94.97, 'free_GB': 72.79, 'used_GB': 22.18, 'allocated_GB': 16.01, 'reserved_GB': 18.15, 'host_total_GB': 1133.56, 'host_available_GB': 775.05, 'host_used_GB': 358.51, 'host_free_GB': 140.7}
[2026-08-15 13:16:00] memory_utils.py:47 - [Rank 1] Memory-Usage before offload model: {'gpu': '1', 'total_GB': 94.97, 'free_GB': 71.99, 'used_GB': 22.98, 'allocated_GB': 16.01, 'reserved_GB': 18.15, 'host_total_GB': 1133.56, 'host_available_GB': 774.48, 'host_used_GB': 359.08, 'host_free_GB': 140.12}
[2026-08-15 13:16:01] reloadable_process_group.py:100 - Destroyed default nccl WORLD process group and initialized a temporary Gloo WORLD (generation 751)
[2026-08-15 13:16:07] memory_utils.py:47 - [Rank 1] Memory-Usage after offload model: {'gpu': '1', 'total_GB': 94.97, 'free_GB': 90.93, 'used_GB': 4.04, 'allocated_GB': 16.01, 'reserved_GB': 18.15, 'host_total_GB': 1133.56, 'host_available_GB': 741.96, 'host_used_GB': 391.6, 'host_free_GB': 107.6}
[2026-08-15 13:16:07] reloadable_process_group.py:121 - Reloaded default WORLD process group with backend nccl (generation 752)
[2026-08-15 13:16:07] reloadable_process_group.py:331 - Reloading 57 process groups in pid 31657: {'nccl': 50, 'gloo': 7}
[2026-08-15 13:16:07] memory_utils.py:47 - [Rank 1] Memory-Usage before update_weights: {'gpu': '1', 'total_GB': 94.97, 'free_GB': 87.65, 'used_GB': 7.32, 'allocated_GB': 16.01, 'reserved_GB': 18.15, 'host_total_GB': 1133.56, 'host_available_GB': 740.87, 'host_used_GB': 392.69, 'host_free_GB': 106.52}
[2026-08-15 13:16:08] memory_utils.py:47 - [Rank 1] Memory-Usage after update_weights: {'gpu': '1', 'total_GB': 94.97, 'free_GB': 87.67, 'used_GB': 7.3, 'allocated_GB': 16.01, 'reserved_GB': 18.15, 'host_total_GB': 1133.56, 'host_available_GB': 740.88, 'host_used_GB': 392.68, 'host_free_GB': 106.52}
[2026-08-15 13:16:08] reloadable_process_group.py:100 - Destroyed default nccl WORLD process group and initialized a temporary Gloo WORLD (generation 753)
[2026-08-15 13:17:28] memory_utils.py:47 - [Rank 1] Memory-Usage before wake_up model: {'gpu': '1', 'total_GB': 94.97, 'free_GB': 90.93, 'used_GB': 4.04, 'allocated_GB': 16.01, 'reserved_GB': 18.15, 'host_total_GB': 1133.56, 'host_available_GB': 741.06, 'host_used_GB': 392.5, 'host_free_GB': 106.7}
[2026-08-15 13:17:31] reloadable_process_group.py:121 - Reloaded default WORLD process group with backend nccl (generation 754)
[2026-08-15 13:17:31] reloadable_process_group.py:331 - Reloading 57 process groups in pid 31657: {'nccl': 50, 'gloo': 7}
[2026-08-15 13:17:31] memory_utils.py:47 - [Rank 1] Memory-Usage after wake_up model: {'gpu': '1', 'total_GB': 94.97, 'free_GB': 72.79, 'used_GB': 22.18, 'allocated_GB': 16.01, 'reserved_GB': 18.15, 'host_total_GB': 1133.56, 'host_available_GB': 775.03, 'host_used_GB': 358.52, 'host_free_GB': 140.67}
[2026-08-15 13:17:38] memory_utils.py:47 - [Rank 1] Memory-Usage before offload model: {'gpu': '1', 'total_GB': 94.97, 'free_GB': 71.99, 'used_GB': 22.98, 'allocated_GB': 16.01, 'reserved_GB': 18.15, 'host_total_GB': 1133.56, 'host_available_GB': 774.48, 'host_used_GB': 359.08, 'host_free_GB': 140.12}
[2026-08-15 13:17:40] reloadable_process_group.py:100 - Destroyed default nccl WORLD process group and initialized a temporary Gloo WORLD (generation 755)
[2026-08-15 13:17:45] memory_utils.py:47 - [Rank 1] Memory-Usage after offload model: {'gpu': '1', 'total_GB': 94.97, 'free_GB': 90.93, 'used_GB': 4.04, 'allocated_GB': 16.01, 'reserved_GB': 18.15, 'host_total_GB': 1133.56, 'host_available_GB': 741.78, 'host_used_GB': 391.78, 'host_free_GB': 107.42}
[2026-08-15 13:17:46] reloadable_process_group.py:121 - Reloaded default WORLD process group with backend nccl (generation 756)
[2026-08-15 13:17:46] reloadable_process_group.py:331 - Reloading 57 process groups in pid 31657: {'nccl': 50, 'gloo': 7}
[2026-08-15 13:17:46] memory_utils.py:47 - [Rank 1] Memory-Usage before update_weights: {'gpu': '1', 'total_GB': 94.97, 'free_GB': 87.65, 'used_GB': 7.32, 'allocated_GB': 16.01, 'reserved_GB': 18.15, 'host_total_GB': 1133.56, 'host_available_GB': 740.88, 'host_used_GB': 392.68, 'host_free_GB': 106.52}
[2026-08-15 13:17:46] memory_utils.py:47 - [Rank 1] Memory-Usage after update_weights: {'gpu': '1', 'total_GB': 94.97, 'free_GB': 87.67, 'used_GB': 7.3, 'allocated_GB': 16.01, 'reserved_GB': 18.15, 'host_total_GB': 1133.56, 'host_available_GB': 740.87, 'host_used_GB': 392.69, 'host_free_GB': 106.51}
[2026-08-15 13:17:46] reloadable_process_group.py:100 - Destroyed default nccl WORLD process group and initialized a temporary Gloo WORLD (generation 757)
[2026-08-15 13:19:05] memory_utils.py:47 - [Rank 1] Memory-Usage before wake_up model: {'gpu': '1', 'total_GB': 94.97, 'free_GB': 90.93, 'used_GB': 4.04, 'allocated_GB': 16.01, 'reserved_GB': 18.15, 'host_total_GB': 1133.56, 'host_available_GB': 740.91, 'host_used_GB': 392.64, 'host_free_GB': 106.54}
[2026-08-15 13:19:08] reloadable_process_group.py:121 - Reloaded default WORLD process group with backend nccl (generation 758)
[2026-08-15 13:19:08] reloadable_process_group.py:331 - Reloading 57 process groups in pid 31657: {'nccl': 50, 'gloo': 7}
[2026-08-15 13:19:09] memory_utils.py:47 - [Rank 1] Memory-Usage after wake_up model: {'gpu': '1', 'total_GB': 94.97, 'free_GB': 72.79, 'used_GB': 22.18, 'allocated_GB': 16.01, 'reserved_GB': 18.15, 'host_total_GB': 1133.56, 'host_available_GB': 774.93, 'host_used_GB': 358.62, 'host_free_GB': 140.56}
[2026-08-15 13:19:20] memory_utils.py:47 - [Rank 1] Memory-Usage before offload model: {'gpu': '1', 'total_GB': 94.97, 'free_GB': 71.99, 'used_GB': 22.98, 'allocated_GB': 16.01, 'reserved_GB': 18.15, 'host_total_GB': 1133.56, 'host_available_GB': 774.42, 'host_used_GB': 359.14, 'host_free_GB': 140.05}
[2026-08-15 13:19:21] reloadable_process_group.py:100 - Destroyed default nccl WORLD process group and initialized a temporary Gloo WORLD (generation 759)
[2026-08-15 13:19:27] memory_utils.py:47 - [Rank 1] Memory-Usage after offload model: {'gpu': '1', 'total_GB': 94.97, 'free_GB': 90.93, 'used_GB': 4.04, 'allocated_GB': 16.01, 'reserved_GB': 18.15, 'host_total_GB': 1133.56, 'host_available_GB': 741.95, 'host_used_GB': 391.61, 'host_free_GB': 107.58}
[2026-08-15 13:19:28] reloadable_process_group.py:121 - Reloaded default WORLD process group with backend nccl (generation 760)
[2026-08-15 13:19:28] reloadable_process_group.py:331 - Reloading 57 process groups in pid 31657: {'nccl': 50, 'gloo': 7}
[2026-08-15 13:19:28] memory_utils.py:47 - [Rank 1] Memory-Usage before update_weights: {'gpu': '1', 'total_GB': 94.97, 'free_GB': 87.65, 'used_GB': 7.32, 'allocated_GB': 16.01, 'reserved_GB': 18.15, 'host_total_GB': 1133.56, 'host_available_GB': 740.85, 'host_used_GB': 392.71, 'host_free_GB': 106.47}
[2026-08-15 13:19:28] memory_utils.py:47 - [Rank 1] Memory-Usage after update_weights: {'gpu': '1', 'total_GB': 94.97, 'free_GB': 87.67, 'used_GB': 7.3, 'allocated_GB': 16.01, 'reserved_GB': 18.15, 'host_total_GB': 1133.56, 'host_available_GB': 740.85, 'host_used_GB': 392.71, 'host_free_GB': 106.48}
[2026-08-15 13:19:28] reloadable_process_group.py:100 - Destroyed default nccl WORLD process group and initialized a temporary Gloo WORLD (generation 761)
[2026-08-15 13:20:47] memory_utils.py:47 - [Rank 1] Memory-Usage before wake_up model: {'gpu': '1', 'total_GB': 94.97, 'free_GB': 90.93, 'used_GB': 4.04, 'allocated_GB': 16.01, 'reserved_GB': 18.15, 'host_total_GB': 1133.56, 'host_available_GB': 740.93, 'host_used_GB': 392.63, 'host_free_GB': 106.55}
[2026-08-15 13:20:50] reloadable_process_group.py:121 - Reloaded default WORLD process group with backend nccl (generation 762)
[2026-08-15 13:20:50] reloadable_process_group.py:331 - Reloading 57 process groups in pid 31657: {'nccl': 50, 'gloo': 7}
[2026-08-15 13:20:51] memory_utils.py:47 - [Rank 1] Memory-Usage after wake_up model: {'gpu': '1', 'total_GB': 94.97, 'free_GB': 72.79, 'used_GB': 22.18, 'allocated_GB': 16.01, 'reserved_GB': 18.15, 'host_total_GB': 1133.56, 'host_available_GB': 774.97, 'host_used_GB': 358.59, 'host_free_GB': 140.59}
[2026-08-15 13:20:58] memory_utils.py:47 - [Rank 1] Memory-Usage before offload model: {'gpu': '1', 'total_GB': 94.97, 'free_GB': 71.99, 'used_GB': 22.98, 'allocated_GB': 16.01, 'reserved_GB': 18.15, 'host_total_GB': 1133.56, 'host_available_GB': 774.48, 'host_used_GB': 359.07, 'host_free_GB': 140.1}
[2026-08-15 13:20:59] reloadable_process_group.py:100 - Destroyed default nccl WORLD process group and initialized a temporary Gloo WORLD (generation 763)
[2026-08-15 13:21:04] memory_utils.py:47 - [Rank 1] Memory-Usage after offload model: {'gpu': '1', 'total_GB': 94.97, 'free_GB': 90.93, 'used_GB': 4.04, 'allocated_GB': 16.01, 'reserved_GB': 18.15, 'host_total_GB': 1133.56, 'host_available_GB': 741.8, 'host_used_GB': 391.75, 'host_free_GB': 107.42}
[2026-08-15 13:21:05] reloadable_process_group.py:121 - Reloaded default WORLD process group with backend nccl (generation 764)
[2026-08-15 13:21:05] reloadable_process_group.py:331 - Reloading 57 process groups in pid 31657: {'nccl': 50, 'gloo': 7}
[2026-08-15 13:21:05] memory_utils.py:47 - [Rank 1] Memory-Usage before update_weights: {'gpu': '1', 'total_GB': 94.97, 'free_GB': 87.65, 'used_GB': 7.32, 'allocated_GB': 16.01, 'reserved_GB': 18.15, 'host_total_GB': 1133.56, 'host_available_GB': 740.81, 'host_used_GB': 392.75, 'host_free_GB': 106.42}
[2026-08-15 13:21:06] memory_utils.py:47 - [Rank 1] Memory-Usage after update_weights: {'gpu': '1', 'total_GB': 94.97, 'free_GB': 87.67, 'used_GB': 7.3, 'allocated_GB': 16.01, 'reserved_GB': 18.15, 'host_total_GB': 1133.56, 'host_available_GB': 740.82, 'host_used_GB': 392.74, 'host_free_GB': 106.44}
[2026-08-15 13:21:06] reloadable_process_group.py:100 - Destroyed default nccl WORLD process group and initialized a temporary Gloo WORLD (generation 765)
[2026-08-15 13:22:24] memory_utils.py:47 - [Rank 1] Memory-Usage before wake_up model: {'gpu': '1', 'total_GB': 94.97, 'free_GB': 90.93, 'used_GB': 4.04, 'allocated_GB': 16.01, 'reserved_GB': 18.15, 'host_total_GB': 1133.56, 'host_available_GB': 741.09, 'host_used_GB': 392.47, 'host_free_GB': 106.7}
[2026-08-15 13:22:27] reloadable_process_group.py:121 - Reloaded default WORLD process group with backend nccl (generation 766)
[2026-08-15 13:22:27] reloadable_process_group.py:331 - Reloading 57 process groups in pid 31657: {'nccl': 50, 'gloo': 7}
[2026-08-15 13:22:27] memory_utils.py:47 - [Rank 1] Memory-Usage after wake_up model: {'gpu': '1', 'total_GB': 94.97, 'free_GB': 72.79, 'used_GB': 22.18, 'allocated_GB': 16.01, 'reserved_GB': 18.15, 'host_total_GB': 1133.56, 'host_available_GB': 775.02, 'host_used_GB': 358.54, 'host_free_GB': 140.63}
[2026-08-15 13:22:34] memory_utils.py:47 - [Rank 1] Memory-Usage before offload model: {'gpu': '1', 'total_GB': 94.97, 'free_GB': 71.99, 'used_GB': 22.98, 'allocated_GB': 16.01, 'reserved_GB': 18.15, 'host_total_GB': 1133.56, 'host_available_GB': 774.54, 'host_used_GB': 359.02, 'host_free_GB': 140.15}
[2026-08-15 13:22:35] reloadable_process_group.py:100 - Destroyed default nccl WORLD process group and initialized a temporary Gloo WORLD (generation 767)
[2026-08-15 13:22:41] memory_utils.py:47 - [Rank 1] Memory-Usage after offload model: {'gpu': '1', 'total_GB': 94.97, 'free_GB': 90.93, 'used_GB': 4.04, 'allocated_GB': 16.01, 'reserved_GB': 18.15, 'host_total_GB': 1133.56, 'host_available_GB': 741.93, 'host_used_GB': 391.63, 'host_free_GB': 107.54}
[2026-08-15 13:22:41] reloadable_process_group.py:121 - Reloaded default WORLD process group with backend nccl (generation 768)
[2026-08-15 13:22:41] reloadable_process_group.py:331 - Reloading 57 process groups in pid 31657: {'nccl': 50, 'gloo': 7}
[2026-08-15 13:22:41] memory_utils.py:47 - [Rank 1] Memory-Usage before update_weights: {'gpu': '1', 'total_GB': 94.97, 'free_GB': 87.65, 'used_GB': 7.32, 'allocated_GB': 16.01, 'reserved_GB': 18.15, 'host_total_GB': 1133.56, 'host_available_GB': 740.89, 'host_used_GB': 392.66, 'host_free_GB': 106.5}
[2026-08-15 13:22:42] memory_utils.py:47 - [Rank 1] Memory-Usage after update_weights: {'gpu': '1', 'total_GB': 94.97, 'free_GB': 87.67, 'used_GB': 7.3, 'allocated_GB': 16.01, 'reserved_GB': 18.15, 'host_total_GB': 1133.56, 'host_available_GB': 740.92, 'host_used_GB': 392.64, 'host_free_GB': 106.53}
[2026-08-15 13:22:42] reloadable_process_group.py:100 - Destroyed default nccl WORLD process group and initialized a temporary Gloo WORLD (generation 769)
[2026-08-15 13:24:00] memory_utils.py:47 - [Rank 1] Memory-Usage before wake_up model: {'gpu': '1', 'total_GB': 94.97, 'free_GB': 90.93, 'used_GB': 4.04, 'allocated_GB': 16.01, 'reserved_GB': 18.15, 'host_total_GB': 1133.56, 'host_available_GB': 741.0, 'host_used_GB': 392.56, 'host_free_GB': 106.6}
[2026-08-15 13:24:03] reloadable_process_group.py:121 - Reloaded default WORLD process group with backend nccl (generation 770)
[2026-08-15 13:24:03] reloadable_process_group.py:331 - Reloading 57 process groups in pid 31657: {'nccl': 50, 'gloo': 7}
[2026-08-15 13:24:04] memory_utils.py:47 - [Rank 1] Memory-Usage after wake_up model: {'gpu': '1', 'total_GB': 94.97, 'free_GB': 72.79, 'used_GB': 22.18, 'allocated_GB': 16.01, 'reserved_GB': 18.15, 'host_total_GB': 1133.56, 'host_available_GB': 774.97, 'host_used_GB': 358.58, 'host_free_GB': 140.57}
[2026-08-15 13:24:11] memory_utils.py:47 - [Rank 1] Memory-Usage before offload model: {'gpu': '1', 'total_GB': 94.97, 'free_GB': 71.99, 'used_GB': 22.98, 'allocated_GB': 16.01, 'reserved_GB': 18.15, 'host_total_GB': 1133.56, 'host_available_GB': 774.47, 'host_used_GB': 359.09, 'host_free_GB': 140.06}
[2026-08-15 13:24:12] reloadable_process_group.py:100 - Destroyed default nccl WORLD process group and initialized a temporary Gloo WORLD (generation 771)
[2026-08-15 13:24:17] memory_utils.py:47 - [Rank 1] Memory-Usage after offload model: {'gpu': '1', 'total_GB': 94.97, 'free_GB': 90.93, 'used_GB': 4.04, 'allocated_GB': 16.01, 'reserved_GB': 18.15, 'host_total_GB': 1133.56, 'host_available_GB': 741.89, 'host_used_GB': 391.67, 'host_free_GB': 107.49}
[2026-08-15 13:24:18] reloadable_process_group.py:121 - Reloaded default WORLD process group with backend nccl (generation 772)
[2026-08-15 13:24:18] reloadable_process_group.py:331 - Reloading 57 process groups in pid 31657: {'nccl': 50, 'gloo': 7}
[2026-08-15 13:24:18] memory_utils.py:47 - [Rank 1] Memory-Usage before update_weights: {'gpu': '1', 'total_GB': 94.97, 'free_GB': 87.65, 'used_GB': 7.32, 'allocated_GB': 16.01, 'reserved_GB': 18.15, 'host_total_GB': 1133.56, 'host_available_GB': 740.87, 'host_used_GB': 392.69, 'host_free_GB': 106.47}
[2026-08-15 13:24:18] memory_utils.py:47 - [Rank 1] Memory-Usage after update_weights: {'gpu': '1', 'total_GB': 94.97, 'free_GB': 87.67, 'used_GB': 7.3, 'allocated_GB': 16.01, 'reserved_GB': 18.15, 'host_total_GB': 1133.56, 'host_available_GB': 740.88, 'host_used_GB': 392.67, 'host_free_GB': 106.48}
[2026-08-15 13:24:19] reloadable_process_group.py:100 - Destroyed default nccl WORLD process group and initialized a temporary Gloo WORLD (generation 773)
[2026-08-15 13:25:38] memory_utils.py:47 - [Rank 1] Memory-Usage before wake_up model: {'gpu': '1', 'total_GB': 94.97, 'free_GB': 90.93, 'used_GB': 4.04, 'allocated_GB': 16.01, 'reserved_GB': 18.15, 'host_total_GB': 1133.56, 'host_available_GB': 741.02, 'host_used_GB': 392.54, 'host_free_GB': 106.61}
[2026-08-15 13:25:41] reloadable_process_group.py:121 - Reloaded default WORLD process group with backend nccl (generation 774)
[2026-08-15 13:25:41] reloadable_process_group.py:331 - Reloading 57 process groups in pid 31657: {'nccl': 50, 'gloo': 7}
[2026-08-15 13:25:42] memory_utils.py:47 - [Rank 1] Memory-Usage after wake_up model: {'gpu': '1', 'total_GB': 94.97, 'free_GB': 72.79, 'used_GB': 22.18, 'allocated_GB': 16.01, 'reserved_GB': 18.15, 'host_total_GB': 1133.56, 'host_available_GB': 774.99, 'host_used_GB': 358.57, 'host_free_GB': 140.58}
[2026-08-15 13:25:53] memory_utils.py:47 - [Rank 1] Memory-Usage before offload model: {'gpu': '1', 'total_GB': 94.97, 'free_GB': 71.99, 'used_GB': 22.98, 'allocated_GB': 16.01, 'reserved_GB': 18.15, 'host_total_GB': 1133.56, 'host_available_GB': 774.51, 'host_used_GB': 359.04, 'host_free_GB': 140.1}
[2026-08-15 13:25:55] reloadable_process_group.py:100 - Destroyed default nccl WORLD process group and initialized a temporary Gloo WORLD (generation 775)
[2026-08-15 13:26:00] memory_utils.py:47 - [Rank 1] Memory-Usage after offload model: {'gpu': '1', 'total_GB': 94.97, 'free_GB': 90.93, 'used_GB': 4.04, 'allocated_GB': 16.01, 'reserved_GB': 18.15, 'host_total_GB': 1133.56, 'host_available_GB': 742.02, 'host_used_GB': 391.54, 'host_free_GB': 107.61}
[2026-08-15 13:26:01] reloadable_process_group.py:121 - Reloaded default WORLD process group with backend nccl (generation 776)
[2026-08-15 13:26:01] reloadable_process_group.py:331 - Reloading 57 process groups in pid 31657: {'nccl': 50, 'gloo': 7}
[2026-08-15 13:26:01] memory_utils.py:47 - [Rank 1] Memory-Usage before update_weights: {'gpu': '1', 'total_GB': 94.97, 'free_GB': 87.65, 'used_GB': 7.32, 'allocated_GB': 16.01, 'reserved_GB': 18.15, 'host_total_GB': 1133.56, 'host_available_GB': 740.8, 'host_used_GB': 392.76, 'host_free_GB': 106.39}
[2026-08-15 13:26:01] memory_utils.py:47 - [Rank 1] Memory-Usage after update_weights: {'gpu': '1', 'total_GB': 94.97, 'free_GB': 87.67, 'used_GB': 7.3, 'allocated_GB': 16.01, 'reserved_GB': 18.15, 'host_total_GB': 1133.56, 'host_available_GB': 740.89, 'host_used_GB': 392.67, 'host_free_GB': 106.48}
[2026-08-15 13:26:01] reloadable_process_group.py:100 - Destroyed default nccl WORLD process group and initialized a temporary Gloo WORLD (generation 777)
[2026-08-15 13:27:21] memory_utils.py:47 - [Rank 1] Memory-Usage before wake_up model: {'gpu': '1', 'total_GB': 94.97, 'free_GB': 90.93, 'used_GB': 4.04, 'allocated_GB': 16.01, 'reserved_GB': 18.15, 'host_total_GB': 1133.56, 'host_available_GB': 741.0, 'host_used_GB': 392.56, 'host_free_GB': 106.58}
[2026-08-15 13:27:24] reloadable_process_group.py:121 - Reloaded default WORLD process group with backend nccl (generation 778)
[2026-08-15 13:27:24] reloadable_process_group.py:331 - Reloading 57 process groups in pid 31657: {'nccl': 50, 'gloo': 7}
[2026-08-15 13:27:25] memory_utils.py:47 - [Rank 1] Memory-Usage after wake_up model: {'gpu': '1', 'total_GB': 94.97, 'free_GB': 72.79, 'used_GB': 22.18, 'allocated_GB': 16.01, 'reserved_GB': 18.15, 'host_total_GB': 1133.56, 'host_available_GB': 775.01, 'host_used_GB': 358.55, 'host_free_GB': 140.59}
[2026-08-15 13:27:31] memory_utils.py:47 - [Rank 1] Memory-Usage before offload model: {'gpu': '1', 'total_GB': 94.97, 'free_GB': 71.99, 'used_GB': 22.98, 'allocated_GB': 16.01, 'reserved_GB': 18.15, 'host_total_GB': 1133.56, 'host_available_GB': 774.53, 'host_used_GB': 359.03, 'host_free_GB': 140.11}
[2026-08-15 13:27:33] reloadable_process_group.py:100 - Destroyed default nccl WORLD process group and initialized a temporary Gloo WORLD (generation 779)
[2026-08-15 13:27:38] memory_utils.py:47 - [Rank 1] Memory-Usage after offload model: {'gpu': '1', 'total_GB': 94.97, 'free_GB': 90.93, 'used_GB': 4.04, 'allocated_GB': 16.01, 'reserved_GB': 18.15, 'host_total_GB': 1133.56, 'host_available_GB': 741.95, 'host_used_GB': 391.61, 'host_free_GB': 107.53}
[2026-08-15 13:27:39] reloadable_process_group.py:121 - Reloaded default WORLD process group with backend nccl (generation 780)
[2026-08-15 13:27:39] reloadable_process_group.py:331 - Reloading 57 process groups in pid 31657: {'nccl': 50, 'gloo': 7}
[2026-08-15 13:27:39] memory_utils.py:47 - [Rank 1] Memory-Usage before update_weights: {'gpu': '1', 'total_GB': 94.97, 'free_GB': 87.65, 'used_GB': 7.32, 'allocated_GB': 16.01, 'reserved_GB': 18.15, 'host_total_GB': 1133.56, 'host_available_GB': 740.96, 'host_used_GB': 392.59, 'host_free_GB': 106.54}
[2026-08-15 13:27:39] memory_utils.py:47 - [Rank 1] Memory-Usage after update_weights: {'gpu': '1', 'total_GB': 94.97, 'free_GB': 87.67, 'used_GB': 7.3, 'allocated_GB': 16.01, 'reserved_GB': 18.15, 'host_total_GB': 1133.56, 'host_available_GB': 740.98, 'host_used_GB': 392.58, 'host_free_GB': 106.56}
[2026-08-15 13:27:39] reloadable_process_group.py:100 - Destroyed default nccl WORLD process group and initialized a temporary Gloo WORLD (generation 781)
[2026-08-15 13:28:58] memory_utils.py:47 - [Rank 1] Memory-Usage before wake_up model: {'gpu': '1', 'total_GB': 94.97, 'free_GB': 90.93, 'used_GB': 4.04, 'allocated_GB': 16.01, 'reserved_GB': 18.15, 'host_total_GB': 1133.56, 'host_available_GB': 741.05, 'host_used_GB': 392.5, 'host_free_GB': 106.63}
[2026-08-15 13:29:01] reloadable_process_group.py:121 - Reloaded default WORLD process group with backend nccl (generation 782)
[2026-08-15 13:29:01] reloadable_process_group.py:331 - Reloading 57 process groups in pid 31657: {'nccl': 50, 'gloo': 7}
[2026-08-15 13:29:02] memory_utils.py:47 - [Rank 1] Memory-Usage after wake_up model: {'gpu': '1', 'total_GB': 94.97, 'free_GB': 72.79, 'used_GB': 22.18, 'allocated_GB': 16.01, 'reserved_GB': 18.15, 'host_total_GB': 1133.56, 'host_available_GB': 774.96, 'host_used_GB': 358.6, 'host_free_GB': 140.53}
[2026-08-15 13:29:09] memory_utils.py:47 - [Rank 1] Memory-Usage before offload model: {'gpu': '1', 'total_GB': 94.97, 'free_GB': 71.99, 'used_GB': 22.98, 'allocated_GB': 16.01, 'reserved_GB': 18.15, 'host_total_GB': 1133.56, 'host_available_GB': 774.47, 'host_used_GB': 359.08, 'host_free_GB': 140.04}
[2026-08-15 13:29:11] reloadable_process_group.py:100 - Destroyed default nccl WORLD process group and initialized a temporary Gloo WORLD (generation 783)
[2026-08-15 13:29:16] memory_utils.py:47 - [Rank 1] Memory-Usage after offload model: {'gpu': '1', 'total_GB': 94.97, 'free_GB': 90.93, 'used_GB': 4.04, 'allocated_GB': 16.01, 'reserved_GB': 18.15, 'host_total_GB': 1133.56, 'host_available_GB': 742.01, 'host_used_GB': 391.54, 'host_free_GB': 107.58}
[2026-08-15 13:29:17] reloadable_process_group.py:121 - Reloaded default WORLD process group with backend nccl (generation 784)
[2026-08-15 13:29:17] reloadable_process_group.py:331 - Reloading 57 process groups in pid 31657: {'nccl': 50, 'gloo': 7}
[2026-08-15 13:29:17] memory_utils.py:47 - [Rank 1] Memory-Usage before update_weights: {'gpu': '1', 'total_GB': 94.97, 'free_GB': 87.65, 'used_GB': 7.32, 'allocated_GB': 16.01, 'reserved_GB': 18.15, 'host_total_GB': 1133.56, 'host_available_GB': 740.97, 'host_used_GB': 392.59, 'host_free_GB': 106.54}
[2026-08-15 13:29:17] memory_utils.py:47 - [Rank 1] Memory-Usage after update_weights: {'gpu': '1', 'total_GB': 94.97, 'free_GB': 87.67, 'used_GB': 7.3, 'allocated_GB': 16.01, 'reserved_GB': 18.15, 'host_total_GB': 1133.56, 'host_available_GB': 741.0, 'host_used_GB': 392.56, 'host_free_GB': 106.57}
[2026-08-15 13:29:17] reloadable_process_group.py:100 - Destroyed default nccl WORLD process group and initialized a temporary Gloo WORLD (generation 785)
[2026-08-15 13:30:38] memory_utils.py:47 - [Rank 1] Memory-Usage before wake_up model: {'gpu': '1', 'total_GB': 94.97, 'free_GB': 90.93, 'used_GB': 4.04, 'allocated_GB': 16.01, 'reserved_GB': 18.15, 'host_total_GB': 1133.56, 'host_available_GB': 741.1, 'host_used_GB': 392.46, 'host_free_GB': 106.65}
[2026-08-15 13:30:41] reloadable_process_group.py:121 - Reloaded default WORLD process group with backend nccl (generation 786)
[2026-08-15 13:30:41] reloadable_process_group.py:331 - Reloading 57 process groups in pid 31657: {'nccl': 50, 'gloo': 7}
[2026-08-15 13:30:42] memory_utils.py:47 - [Rank 1] Memory-Usage after wake_up model: {'gpu': '1', 'total_GB': 94.97, 'free_GB': 72.79, 'used_GB': 22.18, 'allocated_GB': 16.01, 'reserved_GB': 18.15, 'host_total_GB': 1133.56, 'host_available_GB': 775.07, 'host_used_GB': 358.48, 'host_free_GB': 140.63}
[2026-08-15 13:30:49] memory_utils.py:47 - [Rank 1] Memory-Usage before offload model: {'gpu': '1', 'total_GB': 94.97, 'free_GB': 71.99, 'used_GB': 22.98, 'allocated_GB': 16.01, 'reserved_GB': 18.15, 'host_total_GB': 1133.56, 'host_available_GB': 774.54, 'host_used_GB': 359.02, 'host_free_GB': 140.09}
[2026-08-15 13:30:50] reloadable_process_group.py:100 - Destroyed default nccl WORLD process group and initialized a temporary Gloo WORLD (generation 787)
[2026-08-15 13:30:55] memory_utils.py:47 - [Rank 1] Memory-Usage after offload model: {'gpu': '1', 'total_GB': 94.97, 'free_GB': 90.93, 'used_GB': 4.04, 'allocated_GB': 16.01, 'reserved_GB': 18.15, 'host_total_GB': 1133.56, 'host_available_GB': 741.76, 'host_used_GB': 391.8, 'host_free_GB': 107.31}
[2026-08-15 13:30:56] reloadable_process_group.py:121 - Reloaded default WORLD process group with backend nccl (generation 788)
[2026-08-15 13:30:56] reloadable_process_group.py:331 - Reloading 57 process groups in pid 31657: {'nccl': 50, 'gloo': 7}
[2026-08-15 13:30:56] memory_utils.py:47 - [Rank 1] Memory-Usage before update_weights: {'gpu': '1', 'total_GB': 94.97, 'free_GB': 87.65, 'used_GB': 7.32, 'allocated_GB': 16.01, 'reserved_GB': 18.15, 'host_total_GB': 1133.56, 'host_available_GB': 740.98, 'host_used_GB': 392.58, 'host_free_GB': 106.53}
[2026-08-15 13:30:56] memory_utils.py:47 - [Rank 1] Memory-Usage after update_weights: {'gpu': '1', 'total_GB': 94.97, 'free_GB': 87.67, 'used_GB': 7.3, 'allocated_GB': 16.01, 'reserved_GB': 18.15, 'host_total_GB': 1133.56, 'host_available_GB': 740.97, 'host_used_GB': 392.58, 'host_free_GB': 106.53}
[2026-08-15 13:30:57] reloadable_process_group.py:100 - Destroyed default nccl WORLD process group and initialized a temporary Gloo WORLD (generation 789)
[2026-08-15 13:32:15] memory_utils.py:47 - [Rank 1] Memory-Usage before wake_up model: {'gpu': '1', 'total_GB': 94.97, 'free_GB': 90.93, 'used_GB': 4.04, 'allocated_GB': 16.01, 'reserved_GB': 18.15, 'host_total_GB': 1133.56, 'host_available_GB': 741.01, 'host_used_GB': 392.55, 'host_free_GB': 106.56}
[2026-08-15 13:32:19] reloadable_process_group.py:121 - Reloaded default WORLD process group with backend nccl (generation 790)
[2026-08-15 13:32:19] reloadable_process_group.py:331 - Reloading 57 process groups in pid 31657: {'nccl': 50, 'gloo': 7}
[2026-08-15 13:32:19] memory_utils.py:47 - [Rank 1] Memory-Usage after wake_up model: {'gpu': '1', 'total_GB': 94.97, 'free_GB': 72.79, 'used_GB': 22.18, 'allocated_GB': 16.01, 'reserved_GB': 18.15, 'host_total_GB': 1133.56, 'host_available_GB': 775.01, 'host_used_GB': 358.55, 'host_free_GB': 140.56}
[2026-08-15 13:32:30] memory_utils.py:47 - [Rank 1] Memory-Usage before offload model: {'gpu': '1', 'total_GB': 94.97, 'free_GB': 71.99, 'used_GB': 22.98, 'allocated_GB': 16.01, 'reserved_GB': 18.15, 'host_total_GB': 1133.56, 'host_available_GB': 774.53, 'host_used_GB': 359.03, 'host_free_GB': 140.08}
[2026-08-15 13:32:31] reloadable_process_group.py:100 - Destroyed default nccl WORLD process group and initialized a temporary Gloo WORLD (generation 791)
[2026-08-15 13:32:37] memory_utils.py:47 - [Rank 1] Memory-Usage after offload model: {'gpu': '1', 'total_GB': 94.97, 'free_GB': 90.93, 'used_GB': 4.04, 'allocated_GB': 16.01, 'reserved_GB': 18.15, 'host_total_GB': 1133.56, 'host_available_GB': 741.94, 'host_used_GB': 391.62, 'host_free_GB': 107.48}
[2026-08-15 13:32:38] reloadable_process_group.py:121 - Reloaded default WORLD process group with backend nccl (generation 792)
[2026-08-15 13:32:38] reloadable_process_group.py:331 - Reloading 57 process groups in pid 31657: {'nccl': 50, 'gloo': 7}
[2026-08-15 13:32:38] memory_utils.py:47 - [Rank 1] Memory-Usage before update_weights: {'gpu': '1', 'total_GB': 94.97, 'free_GB': 87.65, 'used_GB': 7.32, 'allocated_GB': 16.01, 'reserved_GB': 18.15, 'host_total_GB': 1133.56, 'host_available_GB': 740.98, 'host_used_GB': 392.58, 'host_free_GB': 106.52}
[2026-08-15 13:32:38] memory_utils.py:47 - [Rank 1] Memory-Usage after update_weights: {'gpu': '1', 'total_GB': 94.97, 'free_GB': 87.67, 'used_GB': 7.3, 'allocated_GB': 16.01, 'reserved_GB': 18.15, 'host_total_GB': 1133.56, 'host_available_GB': 740.98, 'host_used_GB': 392.57, 'host_free_GB': 106.53}
[2026-08-15 13:32:38] reloadable_process_group.py:100 - Destroyed default nccl WORLD process group and initialized a temporary Gloo WORLD (generation 793)
[2026-08-15 13:33:57] memory_utils.py:47 - [Rank 1] Memory-Usage before wake_up model: {'gpu': '1', 'total_GB': 94.97, 'free_GB': 90.93, 'used_GB': 4.04, 'allocated_GB': 16.01, 'reserved_GB': 18.15, 'host_total_GB': 1133.56, 'host_available_GB': 741.01, 'host_used_GB': 392.55, 'host_free_GB': 106.54}
[2026-08-15 13:34:00] reloadable_process_group.py:121 - Reloaded default WORLD process group with backend nccl (generation 794)
[2026-08-15 13:34:00] reloadable_process_group.py:331 - Reloading 57 process groups in pid 31657: {'nccl': 50, 'gloo': 7}
[2026-08-15 13:34:00] memory_utils.py:47 - [Rank 1] Memory-Usage after wake_up model: {'gpu': '1', 'total_GB': 94.97, 'free_GB': 72.79, 'used_GB': 22.18, 'allocated_GB': 16.01, 'reserved_GB': 18.15, 'host_total_GB': 1133.56, 'host_available_GB': 774.93, 'host_used_GB': 358.63, 'host_free_GB': 140.47}
[2026-08-15 13:34:08] memory_utils.py:47 - [Rank 1] Memory-Usage before offload model: {'gpu': '1', 'total_GB': 94.97, 'free_GB': 71.99, 'used_GB': 22.98, 'allocated_GB': 16.01, 'reserved_GB': 18.15, 'host_total_GB': 1133.56, 'host_available_GB': 774.54, 'host_used_GB': 359.02, 'host_free_GB': 140.07}
[2026-08-15 13:34:09] reloadable_process_group.py:100 - Destroyed default nccl WORLD process group and initialized a temporary Gloo WORLD (generation 795)
[2026-08-15 13:34:14] memory_utils.py:47 - [Rank 1] Memory-Usage after offload model: {'gpu': '1', 'total_GB': 94.97, 'free_GB': 90.93, 'used_GB': 4.04, 'allocated_GB': 16.01, 'reserved_GB': 18.15, 'host_total_GB': 1133.56, 'host_available_GB': 742.16, 'host_used_GB': 391.4, 'host_free_GB': 107.69}
[2026-08-15 13:34:15] reloadable_process_group.py:121 - Reloaded default WORLD process group with backend nccl (generation 796)
[2026-08-15 13:34:15] reloadable_process_group.py:331 - Reloading 57 process groups in pid 31657: {'nccl': 50, 'gloo': 7}
[2026-08-15 13:34:15] memory_utils.py:47 - [Rank 1] Memory-Usage before update_weights: {'gpu': '1', 'total_GB': 94.97, 'free_GB': 87.65, 'used_GB': 7.32, 'allocated_GB': 16.01, 'reserved_GB': 18.15, 'host_total_GB': 1133.56, 'host_available_GB': 740.97, 'host_used_GB': 392.59, 'host_free_GB': 106.51}
[2026-08-15 13:34:16] memory_utils.py:47 - [Rank 1] Memory-Usage after update_weights: {'gpu': '1', 'total_GB': 94.97, 'free_GB': 87.67, 'used_GB': 7.3, 'allocated_GB': 16.01, 'reserved_GB': 18.15, 'host_total_GB': 1133.56, 'host_available_GB': 740.99, 'host_used_GB': 392.56, 'host_free_GB': 106.53}
[2026-08-15 13:34:16] reloadable_process_group.py:100 - Destroyed default nccl WORLD process group and initialized a temporary Gloo WORLD (generation 797)
[2026-08-15 13:35:36] memory_utils.py:47 - [Rank 1] Memory-Usage before wake_up model: {'gpu': '1', 'total_GB': 94.97, 'free_GB': 90.93, 'used_GB': 4.04, 'allocated_GB': 16.01, 'reserved_GB': 18.15, 'host_total_GB': 1133.56, 'host_available_GB': 740.72, 'host_used_GB': 392.84, 'host_free_GB': 103.58}
[2026-08-15 13:35:39] reloadable_process_group.py:121 - Reloaded default WORLD process group with backend nccl (generation 798)
[2026-08-15 13:35:39] reloadable_process_group.py:331 - Reloading 57 process groups in pid 31657: {'nccl': 50, 'gloo': 7}
[2026-08-15 13:35:40] memory_utils.py:47 - [Rank 1] Memory-Usage after wake_up model: {'gpu': '1', 'total_GB': 94.97, 'free_GB': 72.79, 'used_GB': 22.18, 'allocated_GB': 16.01, 'reserved_GB': 18.15, 'host_total_GB': 1133.56, 'host_available_GB': 774.67, 'host_used_GB': 358.89, 'host_free_GB': 137.46}
[2026-08-15 13:35:47] memory_utils.py:47 - [Rank 1] Memory-Usage before offload model: {'gpu': '1', 'total_GB': 94.97, 'free_GB': 71.99, 'used_GB': 22.98, 'allocated_GB': 16.01, 'reserved_GB': 18.15, 'host_total_GB': 1133.56, 'host_available_GB': 774.12, 'host_used_GB': 359.44, 'host_free_GB': 136.88}
[2026-08-15 13:35:48] reloadable_process_group.py:100 - Destroyed default nccl WORLD process group and initialized a temporary Gloo WORLD (generation 799)
[2026-08-15 13:35:54] memory_utils.py:47 - [Rank 1] Memory-Usage after offload model: {'gpu': '1', 'total_GB': 94.97, 'free_GB': 90.93, 'used_GB': 4.04, 'allocated_GB': 16.01, 'reserved_GB': 18.15, 'host_total_GB': 1133.56, 'host_available_GB': 741.49, 'host_used_GB': 392.07, 'host_free_GB': 104.23}
[2026-08-15 13:35:54] reloadable_process_group.py:121 - Reloaded default WORLD process group with backend nccl (generation 800)
[2026-08-15 13:35:54] reloadable_process_group.py:331 - Reloading 57 process groups in pid 31657: {'nccl': 50, 'gloo': 7}
[2026-08-15 13:35:54] memory_utils.py:47 - [Rank 1] Memory-Usage before update_weights: {'gpu': '1', 'total_GB': 94.97, 'free_GB': 87.65, 'used_GB': 7.32, 'allocated_GB': 16.01, 'reserved_GB': 18.15, 'host_total_GB': 1133.56, 'host_available_GB': 740.4, 'host_used_GB': 393.16, 'host_free_GB': 103.14}
[2026-08-15 13:35:55] memory_utils.py:47 - [Rank 1] Memory-Usage after update_weights: {'gpu': '1', 'total_GB': 94.97, 'free_GB': 87.67, 'used_GB': 7.3, 'allocated_GB': 16.01, 'reserved_GB': 18.15, 'host_total_GB': 1133.56, 'host_available_GB': 740.39, 'host_used_GB': 393.16, 'host_free_GB': 103.14}
[2026-08-15 13:35:55] reloadable_process_group.py:100 - Destroyed default nccl WORLD process group and initialized a temporary Gloo WORLD (generation 801)
[2026-08-15 13:37:14] memory_utils.py:47 - [Rank 1] Memory-Usage before wake_up model: {'gpu': '1', 'total_GB': 94.97, 'free_GB': 90.93, 'used_GB': 4.04, 'allocated_GB': 16.01, 'reserved_GB': 18.15, 'host_total_GB': 1133.56, 'host_available_GB': 740.82, 'host_used_GB': 392.74, 'host_free_GB': 106.34}
[2026-08-15 13:37:17] reloadable_process_group.py:121 - Reloaded default WORLD process group with backend nccl (generation 802)
[2026-08-15 13:37:17] reloadable_process_group.py:331 - Reloading 57 process groups in pid 31657: {'nccl': 50, 'gloo': 7}
[2026-08-15 13:37:17] memory_utils.py:47 - [Rank 1] Memory-Usage after wake_up model: {'gpu': '1', 'total_GB': 94.97, 'free_GB': 72.79, 'used_GB': 22.18, 'allocated_GB': 16.01, 'reserved_GB': 18.15, 'host_total_GB': 1133.56, 'host_available_GB': 774.84, 'host_used_GB': 358.72, 'host_free_GB': 140.36}
[2026-08-15 13:37:24] memory_utils.py:47 - [Rank 1] Memory-Usage before offload model: {'gpu': '1', 'total_GB': 94.97, 'free_GB': 71.99, 'used_GB': 22.98, 'allocated_GB': 16.01, 'reserved_GB': 18.15, 'host_total_GB': 1133.56, 'host_available_GB': 774.33, 'host_used_GB': 359.23, 'host_free_GB': 139.84}
[2026-08-15 13:37:25] reloadable_process_group.py:100 - Destroyed default nccl WORLD process group and initialized a temporary Gloo WORLD (generation 803)
[2026-08-15 13:37:31] memory_utils.py:47 - [Rank 1] Memory-Usage after offload model: {'gpu': '1', 'total_GB': 94.97, 'free_GB': 90.93, 'used_GB': 4.04, 'allocated_GB': 16.01, 'reserved_GB': 18.15, 'host_total_GB': 1133.56, 'host_available_GB': 741.78, 'host_used_GB': 391.78, 'host_free_GB': 107.3}
[2026-08-15 13:37:31] memory_utils.py:47 - [Rank 1] Memory-Usage before wake_up model: {'gpu': '1', 'total_GB': 94.97, 'free_GB': 90.93, 'used_GB': 4.04, 'allocated_GB': 16.01, 'reserved_GB': 18.15, 'host_total_GB': 1133.56, 'host_available_GB': 740.77, 'host_used_GB': 392.79, 'host_free_GB': 106.28}
[2026-08-15 13:37:34] reloadable_process_group.py:121 - Reloaded default WORLD process group with backend nccl (generation 804)
[2026-08-15 13:37:34] reloadable_process_group.py:331 - Reloading 57 process groups in pid 31657: {'nccl': 50, 'gloo': 7}
[2026-08-15 13:37:35] memory_utils.py:47 - [Rank 1] Memory-Usage after wake_up model: {'gpu': '1', 'total_GB': 94.97, 'free_GB': 72.79, 'used_GB': 22.18, 'allocated_GB': 16.01, 'reserved_GB': 18.15, 'host_total_GB': 1133.56, 'host_available_GB': 770.34, 'host_used_GB': 363.22, 'host_free_GB': 135.86}
[2026-08-15 13:37:35] utils.py:972 - make_tp_sharded_tensor_for_checkpoint received extra kwargs: ['allow_shape_mismatch']
[2026-08-15 13:37:35] validation.py:397 - Rank 1 common state dict differs from rank 0 common state dict. Keys only on rank 0: [], Keys only on 1: [], Mismatched keys: [(('args',), <class 'argparse.Namespace'>, <class 'argparse.Namespace'>)]
[2026-08-15 13:42:25] memory_utils.py:47 - [Rank 1] Memory-Usage before offload model: {'gpu': '1', 'total_GB': 94.97, 'free_GB': 72.58, 'used_GB': 22.39, 'allocated_GB': 16.01, 'reserved_GB': 18.15, 'host_total_GB': 1133.56, 'host_available_GB': 772.41, 'host_used_GB': 361.15, 'host_free_GB': 114.96}
[2026-08-15 13:42:25] reloadable_process_group.py:100 - Destroyed default nccl WORLD process group and initialized a temporary Gloo WORLD (generation 805)
[2026-08-15 13:42:31] memory_utils.py:47 - [Rank 1] Memory-Usage after offload model: {'gpu': '1', 'total_GB': 94.97, 'free_GB': 90.93, 'used_GB': 4.04, 'allocated_GB': 16.01, 'reserved_GB': 18.15, 'host_total_GB': 1133.56, 'host_available_GB': 741.67, 'host_used_GB': 391.89, 'host_free_GB': 84.22}
[2026-08-15 13:42:31] reloadable_process_group.py:121 - Reloaded default WORLD process group with backend nccl (generation 806)
[2026-08-15 13:42:31] reloadable_process_group.py:331 - Reloading 57 process groups in pid 31657: {'nccl': 50, 'gloo': 7}
[2026-08-15 13:42:31] memory_utils.py:47 - [Rank 1] Memory-Usage before update_weights: {'gpu': '1', 'total_GB': 94.97, 'free_GB': 87.65, 'used_GB': 7.32, 'allocated_GB': 16.01, 'reserved_GB': 18.15, 'host_total_GB': 1133.56, 'host_available_GB': 740.76, 'host_used_GB': 392.8, 'host_free_GB': 83.31}
[2026-08-15 13:42:32] memory_utils.py:47 - [Rank 1] Memory-Usage after update_weights: {'gpu': '1', 'total_GB': 94.97, 'free_GB': 87.67, 'used_GB': 7.3, 'allocated_GB': 16.01, 'reserved_GB': 18.15, 'host_total_GB': 1133.56, 'host_available_GB': 740.76, 'host_used_GB': 392.8, 'host_free_GB': 83.31}
[2026-08-15 13:42:32] reloadable_process_group.py:100 - Destroyed default nccl WORLD process group and initialized a temporary Gloo WORLD (generation 807)
[2026-08-15 14:34:41] memory_utils.py:47 - [Rank 1] Memory-Usage before wake_up model: {'gpu': '1', 'total_GB': 94.97, 'free_GB': 90.93, 'used_GB': 4.04, 'allocated_GB': 16.01, 'reserved_GB': 18.15, 'host_total_GB': 1133.56, 'host_available_GB': 739.91, 'host_used_GB': 393.65, 'host_free_GB': 81.85}
[2026-08-15 14:34:44] reloadable_process_group.py:121 - Reloaded default WORLD process group with backend nccl (generation 808)
[2026-08-15 14:34:44] reloadable_process_group.py:331 - Reloading 57 process groups in pid 31657: {'nccl': 50, 'gloo': 7}
[2026-08-15 14:34:44] memory_utils.py:47 - [Rank 1] Memory-Usage after wake_up model: {'gpu': '1', 'total_GB': 94.97, 'free_GB': 72.79, 'used_GB': 22.18, 'allocated_GB': 16.01, 'reserved_GB': 18.15, 'host_total_GB': 1133.56, 'host_available_GB': 773.94, 'host_used_GB': 359.62, 'host_free_GB': 115.88}
[2026-08-15 14:34:55] memory_utils.py:47 - [Rank 1] Memory-Usage before offload model: {'gpu': '1', 'total_GB': 94.97, 'free_GB': 71.99, 'used_GB': 22.98, 'allocated_GB': 16.01, 'reserved_GB': 18.15, 'host_total_GB': 1133.56, 'host_available_GB': 773.21, 'host_used_GB': 360.35, 'host_free_GB': 115.15}
[2026-08-15 14:34:57] reloadable_process_group.py:100 - Destroyed default nccl WORLD process group and initialized a temporary Gloo WORLD (generation 809)
[2026-08-15 14:35:02] memory_utils.py:47 - [Rank 1] Memory-Usage after offload model: {'gpu': '1', 'total_GB': 94.97, 'free_GB': 90.93, 'used_GB': 4.04, 'allocated_GB': 16.01, 'reserved_GB': 18.15, 'host_total_GB': 1133.56, 'host_available_GB': 740.96, 'host_used_GB': 392.6, 'host_free_GB': 82.9}
[2026-08-15 14:35:03] reloadable_process_group.py:121 - Reloaded default WORLD process group with backend nccl (generation 810)
[2026-08-15 14:35:03] reloadable_process_group.py:331 - Reloading 57 process groups in pid 31657: {'nccl': 50, 'gloo': 7}
[2026-08-15 14:35:03] memory_utils.py:47 - [Rank 1] Memory-Usage before update_weights: {'gpu': '1', 'total_GB': 94.97, 'free_GB': 87.65, 'used_GB': 7.32, 'allocated_GB': 16.01, 'reserved_GB': 18.15, 'host_total_GB': 1133.56, 'host_available_GB': 739.53, 'host_used_GB': 394.03, 'host_free_GB': 81.47}
[2026-08-15 14:35:04] memory_utils.py:47 - [Rank 1] Memory-Usage after update_weights: {'gpu': '1', 'total_GB': 94.97, 'free_GB': 87.67, 'used_GB': 7.3, 'allocated_GB': 16.01, 'reserved_GB': 18.15, 'host_total_GB': 1133.56, 'host_available_GB': 739.54, 'host_used_GB': 394.02, 'host_free_GB': 81.48}
[2026-08-15 14:35:04] reloadable_process_group.py:100 - Destroyed default nccl WORLD process group and initialized a temporary Gloo WORLD (generation 811)
[2026-08-15 14:36:23] memory_utils.py:47 - [Rank 1] Memory-Usage before wake_up model: {'gpu': '1', 'total_GB': 94.97, 'free_GB': 90.93, 'used_GB': 4.04, 'allocated_GB': 16.01, 'reserved_GB': 18.15, 'host_total_GB': 1133.56, 'host_available_GB': 739.68, 'host_used_GB': 393.87, 'host_free_GB': 81.62}
[2026-08-15 14:36:26] reloadable_process_group.py:121 - Reloaded default WORLD process group with backend nccl (generation 812)
[2026-08-15 14:36:26] reloadable_process_group.py:331 - Reloading 57 process groups in pid 31657: {'nccl': 50, 'gloo': 7}
[2026-08-15 14:36:27] memory_utils.py:47 - [Rank 1] Memory-Usage after wake_up model: {'gpu': '1', 'total_GB': 94.97, 'free_GB': 72.79, 'used_GB': 22.18, 'allocated_GB': 16.01, 'reserved_GB': 18.15, 'host_total_GB': 1133.56, 'host_available_GB': 773.67, 'host_used_GB': 359.89, 'host_free_GB': 115.6}
[2026-08-15 14:36:33] memory_utils.py:47 - [Rank 1] Memory-Usage before offload model: {'gpu': '1', 'total_GB': 94.97, 'free_GB': 71.99, 'used_GB': 22.98, 'allocated_GB': 16.01, 'reserved_GB': 18.15, 'host_total_GB': 1133.56, 'host_available_GB': 773.15, 'host_used_GB': 360.41, 'host_free_GB': 115.08}
[2026-08-15 14:36:34] reloadable_process_group.py:100 - Destroyed default nccl WORLD process group and initialized a temporary Gloo WORLD (generation 813)
[2026-08-15 14:36:39] memory_utils.py:47 - [Rank 1] Memory-Usage after offload model: {'gpu': '1', 'total_GB': 94.97, 'free_GB': 90.93, 'used_GB': 4.04, 'allocated_GB': 16.01, 'reserved_GB': 18.15, 'host_total_GB': 1133.56, 'host_available_GB': 740.76, 'host_used_GB': 392.8, 'host_free_GB': 82.69}
[2026-08-15 14:36:40] reloadable_process_group.py:121 - Reloaded default WORLD process group with backend nccl (generation 814)
[2026-08-15 14:36:40] reloadable_process_group.py:331 - Reloading 57 process groups in pid 31657: {'nccl': 50, 'gloo': 7}
[2026-08-15 14:36:40] memory_utils.py:47 - [Rank 1] Memory-Usage before update_weights: {'gpu': '1', 'total_GB': 94.97, 'free_GB': 87.65, 'used_GB': 7.32, 'allocated_GB': 16.01, 'reserved_GB': 18.15, 'host_total_GB': 1133.56, 'host_available_GB': 739.57, 'host_used_GB': 393.99, 'host_free_GB': 81.5}
[2026-08-15 14:36:40] memory_utils.py:47 - [Rank 1] Memory-Usage after update_weights: {'gpu': '1', 'total_GB': 94.97, 'free_GB': 87.67, 'used_GB': 7.3, 'allocated_GB': 16.01, 'reserved_GB': 18.15, 'host_total_GB': 1133.56, 'host_available_GB': 739.57, 'host_used_GB': 393.99, 'host_free_GB': 81.5}
[2026-08-15 14:36:41] reloadable_process_group.py:100 - Destroyed default nccl WORLD process group and initialized a temporary Gloo WORLD (generation 815)
[2026-08-15 14:38:00] memory_utils.py:47 - [Rank 1] Memory-Usage before wake_up model: {'gpu': '1', 'total_GB': 94.97, 'free_GB': 90.93, 'used_GB': 4.04, 'allocated_GB': 16.01, 'reserved_GB': 18.15, 'host_total_GB': 1133.56, 'host_available_GB': 739.6, 'host_used_GB': 393.96, 'host_free_GB': 81.52}
[2026-08-15 14:38:03] reloadable_process_group.py:121 - Reloaded default WORLD process group with backend nccl (generation 816)
[2026-08-15 14:38:03] reloadable_process_group.py:331 - Reloading 57 process groups in pid 31657: {'nccl': 50, 'gloo': 7}
[2026-08-15 14:38:04] memory_utils.py:47 - [Rank 1] Memory-Usage after wake_up model: {'gpu': '1', 'total_GB': 94.97, 'free_GB': 72.79, 'used_GB': 22.18, 'allocated_GB': 16.01, 'reserved_GB': 18.15, 'host_total_GB': 1133.56, 'host_available_GB': 773.59, 'host_used_GB': 359.96, 'host_free_GB': 115.52}
[2026-08-15 14:38:11] memory_utils.py:47 - [Rank 1] Memory-Usage before offload model: {'gpu': '1', 'total_GB': 94.97, 'free_GB': 71.99, 'used_GB': 22.98, 'allocated_GB': 16.01, 'reserved_GB': 18.15, 'host_total_GB': 1133.56, 'host_available_GB': 773.05, 'host_used_GB': 360.51, 'host_free_GB': 114.97}
[2026-08-15 14:38:13] reloadable_process_group.py:100 - Destroyed default nccl WORLD process group and initialized a temporary Gloo WORLD (generation 817)
[2026-08-15 14:38:18] memory_utils.py:47 - [Rank 1] Memory-Usage after offload model: {'gpu': '1', 'total_GB': 94.97, 'free_GB': 90.93, 'used_GB': 4.04, 'allocated_GB': 16.01, 'reserved_GB': 18.15, 'host_total_GB': 1133.56, 'host_available_GB': 740.61, 'host_used_GB': 392.95, 'host_free_GB': 82.53}
[2026-08-15 14:38:19] reloadable_process_group.py:121 - Reloaded default WORLD process group with backend nccl (generation 818)
[2026-08-15 14:38:19] reloadable_process_group.py:331 - Reloading 57 process groups in pid 31657: {'nccl': 50, 'gloo': 7}
[2026-08-15 14:38:19] memory_utils.py:47 - [Rank 1] Memory-Usage before update_weights: {'gpu': '1', 'total_GB': 94.97, 'free_GB': 87.65, 'used_GB': 7.32, 'allocated_GB': 16.01, 'reserved_GB': 18.15, 'host_total_GB': 1133.56, 'host_available_GB': 739.51, 'host_used_GB': 394.04, 'host_free_GB': 81.44}
[2026-08-15 14:38:19] memory_utils.py:47 - [Rank 1] Memory-Usage after update_weights: {'gpu': '1', 'total_GB': 94.97, 'free_GB': 87.67, 'used_GB': 7.3, 'allocated_GB': 16.01, 'reserved_GB': 18.15, 'host_total_GB': 1133.56, 'host_available_GB': 739.53, 'host_used_GB': 394.03, 'host_free_GB': 81.45}
[2026-08-15 14:38:20] reloadable_process_group.py:100 - Destroyed default nccl WORLD process group and initialized a temporary Gloo WORLD (generation 819)
[2026-08-15 14:39:37] memory_utils.py:47 - [Rank 1] Memory-Usage before wake_up model: {'gpu': '1', 'total_GB': 94.97, 'free_GB': 90.93, 'used_GB': 4.04, 'allocated_GB': 16.01, 'reserved_GB': 18.15, 'host_total_GB': 1133.56, 'host_available_GB': 739.58, 'host_used_GB': 393.97, 'host_free_GB': 81.5}
[2026-08-15 14:39:40] reloadable_process_group.py:121 - Reloaded default WORLD process group with backend nccl (generation 820)
[2026-08-15 14:39:40] reloadable_process_group.py:331 - Reloading 57 process groups in pid 31657: {'nccl': 50, 'gloo': 7}
[2026-08-15 14:39:41] memory_utils.py:47 - [Rank 1] Memory-Usage after wake_up model: {'gpu': '1', 'total_GB': 94.97, 'free_GB': 72.79, 'used_GB': 22.18, 'allocated_GB': 16.01, 'reserved_GB': 18.15, 'host_total_GB': 1133.56, 'host_available_GB': 773.57, 'host_used_GB': 359.99, 'host_free_GB': 115.49}
[2026-08-15 14:39:47] memory_utils.py:47 - [Rank 1] Memory-Usage before offload model: {'gpu': '1', 'total_GB': 94.97, 'free_GB': 71.98, 'used_GB': 22.99, 'allocated_GB': 16.01, 'reserved_GB': 18.15, 'host_total_GB': 1133.56, 'host_available_GB': 773.14, 'host_used_GB': 360.41, 'host_free_GB': 115.06}
[2026-08-15 14:39:49] reloadable_process_group.py:100 - Destroyed default nccl WORLD process group and initialized a temporary Gloo WORLD (generation 821)
[2026-08-15 14:39:54] memory_utils.py:47 - [Rank 1] Memory-Usage after offload model: {'gpu': '1', 'total_GB': 94.97, 'free_GB': 90.93, 'used_GB': 4.04, 'allocated_GB': 16.01, 'reserved_GB': 18.15, 'host_total_GB': 1133.56, 'host_available_GB': 740.73, 'host_used_GB': 392.83, 'host_free_GB': 82.64}
[2026-08-15 14:39:55] reloadable_process_group.py:121 - Reloaded default WORLD process group with backend nccl (generation 822)
[2026-08-15 14:39:55] reloadable_process_group.py:331 - Reloading 57 process groups in pid 31657: {'nccl': 50, 'gloo': 7}
[2026-08-15 14:39:55] memory_utils.py:47 - [Rank 1] Memory-Usage before update_weights: {'gpu': '1', 'total_GB': 94.97, 'free_GB': 87.65, 'used_GB': 7.32, 'allocated_GB': 16.01, 'reserved_GB': 18.15, 'host_total_GB': 1133.56, 'host_available_GB': 739.65, 'host_used_GB': 393.9, 'host_free_GB': 81.57}
[2026-08-15 14:39:55] memory_utils.py:47 - [Rank 1] Memory-Usage after update_weights: {'gpu': '1', 'total_GB': 94.97, 'free_GB': 87.67, 'used_GB': 7.3, 'allocated_GB': 16.01, 'reserved_GB': 18.15, 'host_total_GB': 1133.56, 'host_available_GB': 739.66, 'host_used_GB': 393.9, 'host_free_GB': 81.57}
[2026-08-15 14:39:55] reloadable_process_group.py:100 - Destroyed default nccl WORLD process group and initialized a temporary Gloo WORLD (generation 823)
[2026-08-15 14:41:14] memory_utils.py:47 - [Rank 1] Memory-Usage before wake_up model: {'gpu': '1', 'total_GB': 94.97, 'free_GB': 90.93, 'used_GB': 4.04, 'allocated_GB': 16.01, 'reserved_GB': 18.15, 'host_total_GB': 1133.56, 'host_available_GB': 739.26, 'host_used_GB': 394.3, 'host_free_GB': 78.24}
[2026-08-15 14:41:17] reloadable_process_group.py:121 - Reloaded default WORLD process group with backend nccl (generation 824)
[2026-08-15 14:41:17] reloadable_process_group.py:331 - Reloading 57 process groups in pid 31657: {'nccl': 50, 'gloo': 7}
[2026-08-15 14:41:17] memory_utils.py:47 - [Rank 1] Memory-Usage after wake_up model: {'gpu': '1', 'total_GB': 94.97, 'free_GB': 72.79, 'used_GB': 22.18, 'allocated_GB': 16.01, 'reserved_GB': 18.15, 'host_total_GB': 1133.56, 'host_available_GB': 773.29, 'host_used_GB': 360.27, 'host_free_GB': 112.27}
[2026-08-15 14:41:28] memory_utils.py:47 - [Rank 1] Memory-Usage before offload model: {'gpu': '1', 'total_GB': 94.97, 'free_GB': 71.98, 'used_GB': 22.99, 'allocated_GB': 16.01, 'reserved_GB': 18.15, 'host_total_GB': 1133.56, 'host_available_GB': 772.88, 'host_used_GB': 360.68, 'host_free_GB': 112.24}
[2026-08-15 14:41:30] reloadable_process_group.py:100 - Destroyed default nccl WORLD process group and initialized a temporary Gloo WORLD (generation 825)
[2026-08-15 14:41:35] memory_utils.py:47 - [Rank 1] Memory-Usage after offload model: {'gpu': '1', 'total_GB': 94.97, 'free_GB': 90.93, 'used_GB': 4.04, 'allocated_GB': 16.01, 'reserved_GB': 18.15, 'host_total_GB': 1133.56, 'host_available_GB': 740.46, 'host_used_GB': 393.09, 'host_free_GB': 82.36}
[2026-08-15 14:41:36] reloadable_process_group.py:121 - Reloaded default WORLD process group with backend nccl (generation 826)
[2026-08-15 14:41:36] reloadable_process_group.py:331 - Reloading 57 process groups in pid 31657: {'nccl': 50, 'gloo': 7}
[2026-08-15 14:41:36] memory_utils.py:47 - [Rank 1] Memory-Usage before update_weights: {'gpu': '1', 'total_GB': 94.97, 'free_GB': 87.65, 'used_GB': 7.32, 'allocated_GB': 16.01, 'reserved_GB': 18.15, 'host_total_GB': 1133.56, 'host_available_GB': 739.47, 'host_used_GB': 394.09, 'host_free_GB': 81.37}
[2026-08-15 14:41:36] memory_utils.py:47 - [Rank 1] Memory-Usage after update_weights: {'gpu': '1', 'total_GB': 94.97, 'free_GB': 87.67, 'used_GB': 7.3, 'allocated_GB': 16.01, 'reserved_GB': 18.15, 'host_total_GB': 1133.56, 'host_available_GB': 739.49, 'host_used_GB': 394.07, 'host_free_GB': 81.39}
[2026-08-15 14:41:37] reloadable_process_group.py:100 - Destroyed default nccl WORLD process group and initialized a temporary Gloo WORLD (generation 827)
[2026-08-15 14:42:55] memory_utils.py:47 - [Rank 1] Memory-Usage before wake_up model: {'gpu': '1', 'total_GB': 94.97, 'free_GB': 90.93, 'used_GB': 4.04, 'allocated_GB': 16.01, 'reserved_GB': 18.15, 'host_total_GB': 1133.56, 'host_available_GB': 739.67, 'host_used_GB': 393.89, 'host_free_GB': 81.56}
[2026-08-15 14:42:58] reloadable_process_group.py:121 - Reloaded default WORLD process group with backend nccl (generation 828)
[2026-08-15 14:42:58] reloadable_process_group.py:331 - Reloading 57 process groups in pid 31657: {'nccl': 50, 'gloo': 7}
[2026-08-15 14:42:59] memory_utils.py:47 - [Rank 1] Memory-Usage after wake_up model: {'gpu': '1', 'total_GB': 94.97, 'free_GB': 72.79, 'used_GB': 22.18, 'allocated_GB': 16.01, 'reserved_GB': 18.15, 'host_total_GB': 1133.56, 'host_available_GB': 773.68, 'host_used_GB': 359.88, 'host_free_GB': 115.57}
[2026-08-15 14:43:06] memory_utils.py:47 - [Rank 1] Memory-Usage before offload model: {'gpu': '1', 'total_GB': 94.97, 'free_GB': 71.98, 'used_GB': 22.99, 'allocated_GB': 16.01, 'reserved_GB': 18.15, 'host_total_GB': 1133.56, 'host_available_GB': 773.23, 'host_used_GB': 360.33, 'host_free_GB': 115.12}
[2026-08-15 14:43:07] reloadable_process_group.py:100 - Destroyed default nccl WORLD process group and initialized a temporary Gloo WORLD (generation 829)
[2026-08-15 14:43:12] memory_utils.py:47 - [Rank 1] Memory-Usage after offload model: {'gpu': '1', 'total_GB': 94.97, 'free_GB': 90.93, 'used_GB': 4.04, 'allocated_GB': 16.01, 'reserved_GB': 18.15, 'host_total_GB': 1133.56, 'host_available_GB': 740.67, 'host_used_GB': 392.89, 'host_free_GB': 82.57}
[2026-08-15 14:43:13] reloadable_process_group.py:121 - Reloaded default WORLD process group with backend nccl (generation 830)
[2026-08-15 14:43:13] reloadable_process_group.py:331 - Reloading 57 process groups in pid 31657: {'nccl': 50, 'gloo': 7}
[2026-08-15 14:43:13] memory_utils.py:47 - [Rank 1] Memory-Usage before update_weights: {'gpu': '1', 'total_GB': 94.97, 'free_GB': 87.65, 'used_GB': 7.32, 'allocated_GB': 16.01, 'reserved_GB': 18.15, 'host_total_GB': 1133.56, 'host_available_GB': 739.61, 'host_used_GB': 393.95, 'host_free_GB': 81.5}
[2026-08-15 14:43:13] memory_utils.py:47 - [Rank 1] Memory-Usage after update_weights: {'gpu': '1', 'total_GB': 94.97, 'free_GB': 87.67, 'used_GB': 7.3, 'allocated_GB': 16.01, 'reserved_GB': 18.15, 'host_total_GB': 1133.56, 'host_available_GB': 739.61, 'host_used_GB': 393.95, 'host_free_GB': 81.51}
[2026-08-15 14:43:13] reloadable_process_group.py:100 - Destroyed default nccl WORLD process group and initialized a temporary Gloo WORLD (generation 831)
[2026-08-15 14:44:31] memory_utils.py:47 - [Rank 1] Memory-Usage before wake_up model: {'gpu': '1', 'total_GB': 94.97, 'free_GB': 90.93, 'used_GB': 4.04, 'allocated_GB': 16.01, 'reserved_GB': 18.15, 'host_total_GB': 1133.56, 'host_available_GB': 739.72, 'host_used_GB': 393.84, 'host_free_GB': 81.6}
[2026-08-15 14:44:34] reloadable_process_group.py:121 - Reloaded default WORLD process group with backend nccl (generation 832)
[2026-08-15 14:44:34] reloadable_process_group.py:331 - Reloading 57 process groups in pid 31657: {'nccl': 50, 'gloo': 7}
[2026-08-15 14:44:34] memory_utils.py:47 - [Rank 1] Memory-Usage after wake_up model: {'gpu': '1', 'total_GB': 94.97, 'free_GB': 72.79, 'used_GB': 22.18, 'allocated_GB': 16.01, 'reserved_GB': 18.15, 'host_total_GB': 1133.56, 'host_available_GB': 773.72, 'host_used_GB': 359.83, 'host_free_GB': 115.61}
[2026-08-15 14:44:41] memory_utils.py:47 - [Rank 1] Memory-Usage before offload model: {'gpu': '1', 'total_GB': 94.97, 'free_GB': 71.98, 'used_GB': 22.99, 'allocated_GB': 16.01, 'reserved_GB': 18.15, 'host_total_GB': 1133.56, 'host_available_GB': 773.2, 'host_used_GB': 360.36, 'host_free_GB': 115.08}
[2026-08-15 14:44:43] reloadable_process_group.py:100 - Destroyed default nccl WORLD process group and initialized a temporary Gloo WORLD (generation 833)
[2026-08-15 14:44:48] memory_utils.py:47 - [Rank 1] Memory-Usage after offload model: {'gpu': '1', 'total_GB': 94.97, 'free_GB': 90.93, 'used_GB': 4.04, 'allocated_GB': 16.01, 'reserved_GB': 18.15, 'host_total_GB': 1133.56, 'host_available_GB': 740.7, 'host_used_GB': 392.86, 'host_free_GB': 82.58}
[2026-08-15 14:44:49] reloadable_process_group.py:121 - Reloaded default WORLD process group with backend nccl (generation 834)
[2026-08-15 14:44:49] reloadable_process_group.py:331 - Reloading 57 process groups in pid 31657: {'nccl': 50, 'gloo': 7}
[2026-08-15 14:44:49] memory_utils.py:47 - [Rank 1] Memory-Usage before update_weights: {'gpu': '1', 'total_GB': 94.97, 'free_GB': 87.65, 'used_GB': 7.32, 'allocated_GB': 16.01, 'reserved_GB': 18.15, 'host_total_GB': 1133.56, 'host_available_GB': 739.67, 'host_used_GB': 393.89, 'host_free_GB': 81.55}
[2026-08-15 14:44:50] memory_utils.py:47 - [Rank 1] Memory-Usage after update_weights: {'gpu': '1', 'total_GB': 94.97, 'free_GB': 87.67, 'used_GB': 7.3, 'allocated_GB': 16.01, 'reserved_GB': 18.15, 'host_total_GB': 1133.56, 'host_available_GB': 739.69, 'host_used_GB': 393.87, 'host_free_GB': 81.57}
[2026-08-15 14:44:50] reloadable_process_group.py:100 - Destroyed default nccl WORLD process group and initialized a temporary Gloo WORLD (generation 835)
[2026-08-15 14:46:08] memory_utils.py:47 - [Rank 1] Memory-Usage before wake_up model: {'gpu': '1', 'total_GB': 94.97, 'free_GB': 90.93, 'used_GB': 4.04, 'allocated_GB': 16.01, 'reserved_GB': 18.15, 'host_total_GB': 1133.56, 'host_available_GB': 739.67, 'host_used_GB': 393.88, 'host_free_GB': 81.55}
[2026-08-15 14:46:12] reloadable_process_group.py:121 - Reloaded default WORLD process group with backend nccl (generation 836)
[2026-08-15 14:46:12] reloadable_process_group.py:331 - Reloading 57 process groups in pid 31657: {'nccl': 50, 'gloo': 7}
[2026-08-15 14:46:12] memory_utils.py:47 - [Rank 1] Memory-Usage after wake_up model: {'gpu': '1', 'total_GB': 94.97, 'free_GB': 72.79, 'used_GB': 22.18, 'allocated_GB': 16.01, 'reserved_GB': 18.15, 'host_total_GB': 1133.56, 'host_available_GB': 773.65, 'host_used_GB': 359.91, 'host_free_GB': 115.52}
[2026-08-15 14:46:19] memory_utils.py:47 - [Rank 1] Memory-Usage before offload model: {'gpu': '1', 'total_GB': 94.97, 'free_GB': 71.98, 'used_GB': 22.99, 'allocated_GB': 16.01, 'reserved_GB': 18.15, 'host_total_GB': 1133.56, 'host_available_GB': 773.14, 'host_used_GB': 360.42, 'host_free_GB': 115.01}
[2026-08-15 14:46:21] reloadable_process_group.py:100 - Destroyed default nccl WORLD process group and initialized a temporary Gloo WORLD (generation 837)
[2026-08-15 14:46:26] memory_utils.py:47 - [Rank 1] Memory-Usage after offload model: {'gpu': '1', 'total_GB': 94.97, 'free_GB': 90.93, 'used_GB': 4.04, 'allocated_GB': 16.01, 'reserved_GB': 18.15, 'host_total_GB': 1133.56, 'host_available_GB': 740.47, 'host_used_GB': 393.09, 'host_free_GB': 82.34}
[2026-08-15 14:46:27] reloadable_process_group.py:121 - Reloaded default WORLD process group with backend nccl (generation 838)
[2026-08-15 14:46:27] reloadable_process_group.py:331 - Reloading 57 process groups in pid 31657: {'nccl': 50, 'gloo': 7}
[2026-08-15 14:46:27] memory_utils.py:47 - [Rank 1] Memory-Usage before update_weights: {'gpu': '1', 'total_GB': 94.97, 'free_GB': 87.65, 'used_GB': 7.32, 'allocated_GB': 16.01, 'reserved_GB': 18.15, 'host_total_GB': 1133.56, 'host_available_GB': 739.6, 'host_used_GB': 393.96, 'host_free_GB': 81.47}
[2026-08-15 14:46:27] memory_utils.py:47 - [Rank 1] Memory-Usage after update_weights: {'gpu': '1', 'total_GB': 94.97, 'free_GB': 87.67, 'used_GB': 7.3, 'allocated_GB': 16.01, 'reserved_GB': 18.15, 'host_total_GB': 1133.56, 'host_available_GB': 739.61, 'host_used_GB': 393.94, 'host_free_GB': 81.49}
[2026-08-15 14:46:28] reloadable_process_group.py:100 - Destroyed default nccl WORLD process group and initialized a temporary Gloo WORLD (generation 839)
[2026-08-15 14:47:46] memory_utils.py:47 - [Rank 1] Memory-Usage before wake_up model: {'gpu': '1', 'total_GB': 94.97, 'free_GB': 90.93, 'used_GB': 4.04, 'allocated_GB': 16.01, 'reserved_GB': 18.15, 'host_total_GB': 1133.56, 'host_available_GB': 739.7, 'host_used_GB': 393.86, 'host_free_GB': 81.56}
[2026-08-15 14:47:49] reloadable_process_group.py:121 - Reloaded default WORLD process group with backend nccl (generation 840)
[2026-08-15 14:47:49] reloadable_process_group.py:331 - Reloading 57 process groups in pid 31657: {'nccl': 50, 'gloo': 7}
[2026-08-15 14:47:49] memory_utils.py:47 - [Rank 1] Memory-Usage after wake_up model: {'gpu': '1', 'total_GB': 94.97, 'free_GB': 72.79, 'used_GB': 22.19, 'allocated_GB': 16.01, 'reserved_GB': 18.15, 'host_total_GB': 1133.56, 'host_available_GB': 773.71, 'host_used_GB': 359.85, 'host_free_GB': 115.57}
[2026-08-15 14:48:00] memory_utils.py:47 - [Rank 1] Memory-Usage before offload model: {'gpu': '1', 'total_GB': 94.97, 'free_GB': 71.98, 'used_GB': 22.99, 'allocated_GB': 16.01, 'reserved_GB': 18.15, 'host_total_GB': 1133.56, 'host_available_GB': 773.06, 'host_used_GB': 360.5, 'host_free_GB': 114.92}
[2026-08-15 14:48:01] reloadable_process_group.py:100 - Destroyed default nccl WORLD process group and initialized a temporary Gloo WORLD (generation 841)
[2026-08-15 14:48:07] memory_utils.py:47 - [Rank 1] Memory-Usage after offload model: {'gpu': '1', 'total_GB': 94.97, 'free_GB': 90.93, 'used_GB': 4.04, 'allocated_GB': 16.01, 'reserved_GB': 18.15, 'host_total_GB': 1133.56, 'host_available_GB': 740.51, 'host_used_GB': 393.04, 'host_free_GB': 82.37}
[2026-08-15 14:48:07] reloadable_process_group.py:121 - Reloaded default WORLD process group with backend nccl (generation 842)
[2026-08-15 14:48:07] reloadable_process_group.py:331 - Reloading 57 process groups in pid 31657: {'nccl': 50, 'gloo': 7}
[2026-08-15 14:48:07] memory_utils.py:47 - [Rank 1] Memory-Usage before update_weights: {'gpu': '1', 'total_GB': 94.97, 'free_GB': 87.65, 'used_GB': 7.32, 'allocated_GB': 16.01, 'reserved_GB': 18.15, 'host_total_GB': 1133.56, 'host_available_GB': 739.6, 'host_used_GB': 393.96, 'host_free_GB': 81.46}
[2026-08-15 14:48:08] memory_utils.py:47 - [Rank 1] Memory-Usage after update_weights: {'gpu': '1', 'total_GB': 94.97, 'free_GB': 87.67, 'used_GB': 7.3, 'allocated_GB': 16.01, 'reserved_GB': 18.15, 'host_total_GB': 1133.56, 'host_available_GB': 739.6, 'host_used_GB': 393.96, 'host_free_GB': 81.46}
[2026-08-15 14:48:08] reloadable_process_group.py:100 - Destroyed default nccl WORLD process group and initialized a temporary Gloo WORLD (generation 843)
[2026-08-15 14:49:27] memory_utils.py:47 - [Rank 1] Memory-Usage before wake_up model: {'gpu': '1', 'total_GB': 94.97, 'free_GB': 90.93, 'used_GB': 4.04, 'allocated_GB': 16.01, 'reserved_GB': 18.15, 'host_total_GB': 1133.56, 'host_available_GB': 739.81, 'host_used_GB': 393.75, 'host_free_GB': 81.66}
[2026-08-15 14:49:30] reloadable_process_group.py:121 - Reloaded default WORLD process group with backend nccl (generation 844)
[2026-08-15 14:49:30] reloadable_process_group.py:331 - Reloading 57 process groups in pid 31657: {'nccl': 50, 'gloo': 7}
[2026-08-15 14:49:31] memory_utils.py:47 - [Rank 1] Memory-Usage after wake_up model: {'gpu': '1', 'total_GB': 94.97, 'free_GB': 72.79, 'used_GB': 22.18, 'allocated_GB': 16.01, 'reserved_GB': 18.15, 'host_total_GB': 1133.56, 'host_available_GB': 773.77, 'host_used_GB': 359.79, 'host_free_GB': 115.62}
[2026-08-15 14:49:37] memory_utils.py:47 - [Rank 1] Memory-Usage before offload model: {'gpu': '1', 'total_GB': 94.97, 'free_GB': 71.98, 'used_GB': 22.99, 'allocated_GB': 16.01, 'reserved_GB': 18.15, 'host_total_GB': 1133.56, 'host_available_GB': 773.21, 'host_used_GB': 360.35, 'host_free_GB': 115.06}
[2026-08-15 14:49:38] reloadable_process_group.py:100 - Destroyed default nccl WORLD process group and initialized a temporary Gloo WORLD (generation 845)
[2026-08-15 14:49:43] memory_utils.py:47 - [Rank 1] Memory-Usage after offload model: {'gpu': '1', 'total_GB': 94.97, 'free_GB': 90.93, 'used_GB': 4.04, 'allocated_GB': 16.01, 'reserved_GB': 18.15, 'host_total_GB': 1133.56, 'host_available_GB': 740.66, 'host_used_GB': 392.89, 'host_free_GB': 82.51}
[2026-08-15 14:49:44] reloadable_process_group.py:121 - Reloaded default WORLD process group with backend nccl (generation 846)
[2026-08-15 14:49:44] reloadable_process_group.py:331 - Reloading 57 process groups in pid 31657: {'nccl': 50, 'gloo': 7}
[2026-08-15 14:49:44] memory_utils.py:47 - [Rank 1] Memory-Usage before update_weights: {'gpu': '1', 'total_GB': 94.97, 'free_GB': 87.65, 'used_GB': 7.32, 'allocated_GB': 16.01, 'reserved_GB': 18.15, 'host_total_GB': 1133.56, 'host_available_GB': 739.64, 'host_used_GB': 393.92, 'host_free_GB': 81.48}
[2026-08-15 14:49:45] memory_utils.py:47 - [Rank 1] Memory-Usage after update_weights: {'gpu': '1', 'total_GB': 94.97, 'free_GB': 87.67, 'used_GB': 7.3, 'allocated_GB': 16.01, 'reserved_GB': 18.15, 'host_total_GB': 1133.56, 'host_available_GB': 739.66, 'host_used_GB': 393.9, 'host_free_GB': 81.51}
[2026-08-15 14:49:45] reloadable_process_group.py:100 - Destroyed default nccl WORLD process group and initialized a temporary Gloo WORLD (generation 847)
[2026-08-15 14:51:05] memory_utils.py:47 - [Rank 1] Memory-Usage before wake_up model: {'gpu': '1', 'total_GB': 94.97, 'free_GB': 90.93, 'used_GB': 4.04, 'allocated_GB': 16.01, 'reserved_GB': 18.15, 'host_total_GB': 1133.56, 'host_available_GB': 739.82, 'host_used_GB': 393.74, 'host_free_GB': 81.66}
[2026-08-15 14:51:08] reloadable_process_group.py:121 - Reloaded default WORLD process group with backend nccl (generation 848)
[2026-08-15 14:51:08] reloadable_process_group.py:331 - Reloading 57 process groups in pid 31657: {'nccl': 50, 'gloo': 7}
[2026-08-15 14:51:08] memory_utils.py:47 - [Rank 1] Memory-Usage after wake_up model: {'gpu': '1', 'total_GB': 94.97, 'free_GB': 72.79, 'used_GB': 22.18, 'allocated_GB': 16.01, 'reserved_GB': 18.15, 'host_total_GB': 1133.56, 'host_available_GB': 773.82, 'host_used_GB': 359.73, 'host_free_GB': 115.66}
[2026-08-15 14:51:16] memory_utils.py:47 - [Rank 1] Memory-Usage before offload model: {'gpu': '1', 'total_GB': 94.97, 'free_GB': 71.98, 'used_GB': 22.99, 'allocated_GB': 16.01, 'reserved_GB': 18.15, 'host_total_GB': 1133.56, 'host_available_GB': 773.25, 'host_used_GB': 360.31, 'host_free_GB': 115.09}
[2026-08-15 14:51:17] reloadable_process_group.py:100 - Destroyed default nccl WORLD process group and initialized a temporary Gloo WORLD (generation 849)
[2026-08-15 14:51:23] memory_utils.py:47 - [Rank 1] Memory-Usage after offload model: {'gpu': '1', 'total_GB': 94.97, 'free_GB': 90.93, 'used_GB': 4.04, 'allocated_GB': 16.01, 'reserved_GB': 18.15, 'host_total_GB': 1133.56, 'host_available_GB': 740.83, 'host_used_GB': 392.72, 'host_free_GB': 82.67}
[2026-08-15 14:51:23] reloadable_process_group.py:121 - Reloaded default WORLD process group with backend nccl (generation 850)
[2026-08-15 14:51:23] reloadable_process_group.py:331 - Reloading 57 process groups in pid 31657: {'nccl': 50, 'gloo': 7}
[2026-08-15 14:51:23] memory_utils.py:47 - [Rank 1] Memory-Usage before update_weights: {'gpu': '1', 'total_GB': 94.97, 'free_GB': 87.65, 'used_GB': 7.32, 'allocated_GB': 16.01, 'reserved_GB': 18.15, 'host_total_GB': 1133.56, 'host_available_GB': 739.72, 'host_used_GB': 393.84, 'host_free_GB': 81.56}
[2026-08-15 14:51:24] memory_utils.py:47 - [Rank 1] Memory-Usage after update_weights: {'gpu': '1', 'total_GB': 94.97, 'free_GB': 87.67, 'used_GB': 7.3, 'allocated_GB': 16.01, 'reserved_GB': 18.15, 'host_total_GB': 1133.56, 'host_available_GB': 739.74, 'host_used_GB': 393.82, 'host_free_GB': 81.58}
[2026-08-15 14:51:24] reloadable_process_group.py:100 - Destroyed default nccl WORLD process group and initialized a temporary Gloo WORLD (generation 851)
[2026-08-15 14:52:43] memory_utils.py:47 - [Rank 1] Memory-Usage before wake_up model: {'gpu': '1', 'total_GB': 94.97, 'free_GB': 90.93, 'used_GB': 4.04, 'allocated_GB': 16.01, 'reserved_GB': 18.15, 'host_total_GB': 1133.56, 'host_available_GB': 739.81, 'host_used_GB': 393.75, 'host_free_GB': 81.64}
[2026-08-15 14:52:46] reloadable_process_group.py:121 - Reloaded default WORLD process group with backend nccl (generation 852)
[2026-08-15 14:52:46] reloadable_process_group.py:331 - Reloading 57 process groups in pid 31657: {'nccl': 50, 'gloo': 7}
[2026-08-15 14:52:46] memory_utils.py:47 - [Rank 1] Memory-Usage after wake_up model: {'gpu': '1', 'total_GB': 94.97, 'free_GB': 72.79, 'used_GB': 22.18, 'allocated_GB': 16.01, 'reserved_GB': 18.15, 'host_total_GB': 1133.56, 'host_available_GB': 773.81, 'host_used_GB': 359.74, 'host_free_GB': 115.64}
[2026-08-15 14:52:53] memory_utils.py:47 - [Rank 1] Memory-Usage before offload model: {'gpu': '1', 'total_GB': 94.97, 'free_GB': 71.98, 'used_GB': 22.99, 'allocated_GB': 16.01, 'reserved_GB': 18.15, 'host_total_GB': 1133.56, 'host_available_GB': 773.3, 'host_used_GB': 360.26, 'host_free_GB': 115.13}
[2026-08-15 14:52:54] reloadable_process_group.py:100 - Destroyed default nccl WORLD process group and initialized a temporary Gloo WORLD (generation 853)
[2026-08-15 14:52:59] memory_utils.py:47 - [Rank 1] Memory-Usage after offload model: {'gpu': '1', 'total_GB': 94.97, 'free_GB': 90.93, 'used_GB': 4.04, 'allocated_GB': 16.01, 'reserved_GB': 18.15, 'host_total_GB': 1133.56, 'host_available_GB': 740.7, 'host_used_GB': 392.85, 'host_free_GB': 82.53}
[2026-08-15 14:53:00] reloadable_process_group.py:121 - Reloaded default WORLD process group with backend nccl (generation 854)
[2026-08-15 14:53:00] reloadable_process_group.py:331 - Reloading 57 process groups in pid 31657: {'nccl': 50, 'gloo': 7}
[2026-08-15 14:53:00] memory_utils.py:47 - [Rank 1] Memory-Usage before update_weights: {'gpu': '1', 'total_GB': 94.97, 'free_GB': 87.65, 'used_GB': 7.32, 'allocated_GB': 16.01, 'reserved_GB': 18.15, 'host_total_GB': 1133.56, 'host_available_GB': 739.63, 'host_used_GB': 393.93, 'host_free_GB': 81.46}
[2026-08-15 14:53:00] memory_utils.py:47 - [Rank 1] Memory-Usage after update_weights: {'gpu': '1', 'total_GB': 94.97, 'free_GB': 87.67, 'used_GB': 7.3, 'allocated_GB': 16.01, 'reserved_GB': 18.15, 'host_total_GB': 1133.56, 'host_available_GB': 739.6, 'host_used_GB': 393.96, 'host_free_GB': 81.43}
[2026-08-15 14:53:00] reloadable_process_group.py:100 - Destroyed default nccl WORLD process group and initialized a temporary Gloo WORLD (generation 855)
[2026-08-15 14:54:20] memory_utils.py:47 - [Rank 1] Memory-Usage before wake_up model: {'gpu': '1', 'total_GB': 94.97, 'free_GB': 90.93, 'used_GB': 4.04, 'allocated_GB': 16.01, 'reserved_GB': 18.15, 'host_total_GB': 1133.56, 'host_available_GB': 739.87, 'host_used_GB': 393.69, 'host_free_GB': 81.69}
[2026-08-15 14:54:23] reloadable_process_group.py:121 - Reloaded default WORLD process group with backend nccl (generation 856)
[2026-08-15 14:54:23] reloadable_process_group.py:331 - Reloading 57 process groups in pid 31657: {'nccl': 50, 'gloo': 7}
[2026-08-15 14:54:23] memory_utils.py:47 - [Rank 1] Memory-Usage after wake_up model: {'gpu': '1', 'total_GB': 94.97, 'free_GB': 72.79, 'used_GB': 22.18, 'allocated_GB': 16.01, 'reserved_GB': 18.15, 'host_total_GB': 1133.56, 'host_available_GB': 773.93, 'host_used_GB': 359.63, 'host_free_GB': 115.75}
[2026-08-15 14:54:34] memory_utils.py:47 - [Rank 1] Memory-Usage before offload model: {'gpu': '1', 'total_GB': 94.97, 'free_GB': 71.98, 'used_GB': 22.99, 'allocated_GB': 16.01, 'reserved_GB': 18.15, 'host_total_GB': 1133.56, 'host_available_GB': 773.46, 'host_used_GB': 360.1, 'host_free_GB': 115.28}
[2026-08-15 14:54:36] reloadable_process_group.py:100 - Destroyed default nccl WORLD process group and initialized a temporary Gloo WORLD (generation 857)
[2026-08-15 14:54:41] memory_utils.py:47 - [Rank 1] Memory-Usage after offload model: {'gpu': '1', 'total_GB': 94.97, 'free_GB': 90.93, 'used_GB': 4.04, 'allocated_GB': 16.01, 'reserved_GB': 18.15, 'host_total_GB': 1133.56, 'host_available_GB': 741.08, 'host_used_GB': 392.48, 'host_free_GB': 82.9}
[2026-08-15 14:54:42] reloadable_process_group.py:121 - Reloaded default WORLD process group with backend nccl (generation 858)
[2026-08-15 14:54:42] reloadable_process_group.py:331 - Reloading 57 process groups in pid 31657: {'nccl': 50, 'gloo': 7}
[2026-08-15 14:54:42] memory_utils.py:47 - [Rank 1] Memory-Usage before update_weights: {'gpu': '1', 'total_GB': 94.97, 'free_GB': 87.65, 'used_GB': 7.32, 'allocated_GB': 16.01, 'reserved_GB': 18.15, 'host_total_GB': 1133.56, 'host_available_GB': 739.86, 'host_used_GB': 393.7, 'host_free_GB': 81.68}
[2026-08-15 14:54:43] memory_utils.py:47 - [Rank 1] Memory-Usage after update_weights: {'gpu': '1', 'total_GB': 94.97, 'free_GB': 87.67, 'used_GB': 7.3, 'allocated_GB': 16.01, 'reserved_GB': 18.15, 'host_total_GB': 1133.56, 'host_available_GB': 739.87, 'host_used_GB': 393.69, 'host_free_GB': 81.68}
[2026-08-15 14:54:43] reloadable_process_group.py:100 - Destroyed default nccl WORLD process group and initialized a temporary Gloo WORLD (generation 859)
[2026-08-15 14:56:03] memory_utils.py:47 - [Rank 1] Memory-Usage before wake_up model: {'gpu': '1', 'total_GB': 94.97, 'free_GB': 90.93, 'used_GB': 4.04, 'allocated_GB': 16.01, 'reserved_GB': 18.15, 'host_total_GB': 1133.56, 'host_available_GB': 739.67, 'host_used_GB': 393.88, 'host_free_GB': 81.48}
[2026-08-15 14:56:06] reloadable_process_group.py:121 - Reloaded default WORLD process group with backend nccl (generation 860)
[2026-08-15 14:56:06] reloadable_process_group.py:331 - Reloading 57 process groups in pid 31657: {'nccl': 50, 'gloo': 7}
[2026-08-15 14:56:06] memory_utils.py:47 - [Rank 1] Memory-Usage after wake_up model: {'gpu': '1', 'total_GB': 94.97, 'free_GB': 72.79, 'used_GB': 22.18, 'allocated_GB': 16.01, 'reserved_GB': 18.15, 'host_total_GB': 1133.56, 'host_available_GB': 773.7, 'host_used_GB': 359.85, 'host_free_GB': 115.51}
[2026-08-15 14:56:14] memory_utils.py:47 - [Rank 1] Memory-Usage before offload model: {'gpu': '1', 'total_GB': 94.97, 'free_GB': 71.98, 'used_GB': 22.99, 'allocated_GB': 16.01, 'reserved_GB': 18.15, 'host_total_GB': 1133.56, 'host_available_GB': 773.23, 'host_used_GB': 360.32, 'host_free_GB': 115.04}
[2026-08-15 14:56:15] reloadable_process_group.py:100 - Destroyed default nccl WORLD process group and initialized a temporary Gloo WORLD (generation 861)
[2026-08-15 14:56:20] memory_utils.py:47 - [Rank 1] Memory-Usage after offload model: {'gpu': '1', 'total_GB': 94.97, 'free_GB': 90.93, 'used_GB': 4.04, 'allocated_GB': 16.01, 'reserved_GB': 18.15, 'host_total_GB': 1133.56, 'host_available_GB': 740.89, 'host_used_GB': 392.67, 'host_free_GB': 82.7}
[2026-08-15 14:56:21] reloadable_process_group.py:121 - Reloaded default WORLD process group with backend nccl (generation 862)
[2026-08-15 14:56:21] reloadable_process_group.py:331 - Reloading 57 process groups in pid 31657: {'nccl': 50, 'gloo': 7}
[2026-08-15 14:56:21] memory_utils.py:47 - [Rank 1] Memory-Usage before update_weights: {'gpu': '1', 'total_GB': 94.97, 'free_GB': 87.65, 'used_GB': 7.32, 'allocated_GB': 16.01, 'reserved_GB': 18.15, 'host_total_GB': 1133.56, 'host_available_GB': 739.66, 'host_used_GB': 393.9, 'host_free_GB': 81.47}
[2026-08-15 14:56:21] memory_utils.py:47 - [Rank 1] Memory-Usage after update_weights: {'gpu': '1', 'total_GB': 94.97, 'free_GB': 87.67, 'used_GB': 7.3, 'allocated_GB': 16.01, 'reserved_GB': 18.15, 'host_total_GB': 1133.56, 'host_available_GB': 739.67, 'host_used_GB': 393.88, 'host_free_GB': 81.48}
[2026-08-15 14:56:22] reloadable_process_group.py:100 - Destroyed default nccl WORLD process group and initialized a temporary Gloo WORLD (generation 863)
[2026-08-15 14:57:40] memory_utils.py:47 - [Rank 1] Memory-Usage before wake_up model: {'gpu': '1', 'total_GB': 94.97, 'free_GB': 90.93, 'used_GB': 4.04, 'allocated_GB': 16.01, 'reserved_GB': 18.15, 'host_total_GB': 1133.56, 'host_available_GB': 738.62, 'host_used_GB': 394.94, 'host_free_GB': 80.7}
[2026-08-15 14:57:43] reloadable_process_group.py:121 - Reloaded default WORLD process group with backend nccl (generation 864)
[2026-08-15 14:57:43] reloadable_process_group.py:331 - Reloading 57 process groups in pid 31657: {'nccl': 50, 'gloo': 7}
[2026-08-15 14:57:44] memory_utils.py:47 - [Rank 1] Memory-Usage after wake_up model: {'gpu': '1', 'total_GB': 94.97, 'free_GB': 72.79, 'used_GB': 22.18, 'allocated_GB': 16.01, 'reserved_GB': 18.15, 'host_total_GB': 1133.56, 'host_available_GB': 772.45, 'host_used_GB': 361.11, 'host_free_GB': 114.08}
[2026-08-15 14:57:50] memory_utils.py:47 - [Rank 1] Memory-Usage before offload model: {'gpu': '1', 'total_GB': 94.97, 'free_GB': 71.98, 'used_GB': 22.99, 'allocated_GB': 16.01, 'reserved_GB': 18.15, 'host_total_GB': 1133.56, 'host_available_GB': 772.1, 'host_used_GB': 361.46, 'host_free_GB': 113.25}
[2026-08-15 14:57:51] reloadable_process_group.py:100 - Destroyed default nccl WORLD process group and initialized a temporary Gloo WORLD (generation 865)
[2026-08-15 14:57:57] memory_utils.py:47 - [Rank 1] Memory-Usage after offload model: {'gpu': '1', 'total_GB': 94.97, 'free_GB': 90.93, 'used_GB': 4.04, 'allocated_GB': 16.01, 'reserved_GB': 18.15, 'host_total_GB': 1133.56, 'host_available_GB': 740.32, 'host_used_GB': 393.24, 'host_free_GB': 81.08}
[2026-08-15 14:57:58] reloadable_process_group.py:121 - Reloaded default WORLD process group with backend nccl (generation 866)
[2026-08-15 14:57:58] reloadable_process_group.py:331 - Reloading 57 process groups in pid 31657: {'nccl': 50, 'gloo': 7}
[2026-08-15 14:57:58] memory_utils.py:47 - [Rank 1] Memory-Usage before update_weights: {'gpu': '1', 'total_GB': 94.97, 'free_GB': 87.65, 'used_GB': 7.32, 'allocated_GB': 16.01, 'reserved_GB': 18.15, 'host_total_GB': 1133.56, 'host_available_GB': 738.95, 'host_used_GB': 394.6, 'host_free_GB': 79.72}
[2026-08-15 14:57:58] memory_utils.py:47 - [Rank 1] Memory-Usage after update_weights: {'gpu': '1', 'total_GB': 94.97, 'free_GB': 87.67, 'used_GB': 7.3, 'allocated_GB': 16.01, 'reserved_GB': 18.15, 'host_total_GB': 1133.56, 'host_available_GB': 738.97, 'host_used_GB': 394.59, 'host_free_GB': 79.74}
[2026-08-15 14:57:58] reloadable_process_group.py:100 - Destroyed default nccl WORLD process group and initialized a temporary Gloo WORLD (generation 867)
[2026-08-15 14:59:17] memory_utils.py:47 - [Rank 1] Memory-Usage before wake_up model: {'gpu': '1', 'total_GB': 94.97, 'free_GB': 90.93, 'used_GB': 4.04, 'allocated_GB': 16.01, 'reserved_GB': 18.15, 'host_total_GB': 1133.56, 'host_available_GB': 739.61, 'host_used_GB': 393.94, 'host_free_GB': 81.77}
[2026-08-15 14:59:20] reloadable_process_group.py:121 - Reloaded default WORLD process group with backend nccl (generation 868)
[2026-08-15 14:59:20] reloadable_process_group.py:331 - Reloading 57 process groups in pid 31657: {'nccl': 50, 'gloo': 7}
[2026-08-15 14:59:21] memory_utils.py:47 - [Rank 1] Memory-Usage after wake_up model: {'gpu': '1', 'total_GB': 94.97, 'free_GB': 72.79, 'used_GB': 22.18, 'allocated_GB': 16.01, 'reserved_GB': 18.15, 'host_total_GB': 1133.56, 'host_available_GB': 773.66, 'host_used_GB': 359.9, 'host_free_GB': 115.81}
[2026-08-15 14:59:28] memory_utils.py:47 - [Rank 1] Memory-Usage before offload model: {'gpu': '1', 'total_GB': 94.97, 'free_GB': 71.98, 'used_GB': 22.99, 'allocated_GB': 16.01, 'reserved_GB': 18.15, 'host_total_GB': 1133.56, 'host_available_GB': 773.16, 'host_used_GB': 360.4, 'host_free_GB': 115.31}
[2026-08-15 14:59:29] reloadable_process_group.py:100 - Destroyed default nccl WORLD process group and initialized a temporary Gloo WORLD (generation 869)
[2026-08-15 14:59:34] memory_utils.py:47 - [Rank 1] Memory-Usage after offload model: {'gpu': '1', 'total_GB': 94.97, 'free_GB': 90.93, 'used_GB': 4.04, 'allocated_GB': 16.01, 'reserved_GB': 18.15, 'host_total_GB': 1133.56, 'host_available_GB': 740.61, 'host_used_GB': 392.95, 'host_free_GB': 82.76}
[2026-08-15 14:59:35] reloadable_process_group.py:121 - Reloaded default WORLD process group with backend nccl (generation 870)
[2026-08-15 14:59:35] reloadable_process_group.py:331 - Reloading 57 process groups in pid 31657: {'nccl': 50, 'gloo': 7}
[2026-08-15 14:59:35] memory_utils.py:47 - [Rank 1] Memory-Usage before update_weights: {'gpu': '1', 'total_GB': 94.97, 'free_GB': 87.65, 'used_GB': 7.32, 'allocated_GB': 16.01, 'reserved_GB': 18.15, 'host_total_GB': 1133.56, 'host_available_GB': 739.59, 'host_used_GB': 393.96, 'host_free_GB': 81.75}
[2026-08-15 14:59:35] memory_utils.py:47 - [Rank 1] Memory-Usage after update_weights: {'gpu': '1', 'total_GB': 94.97, 'free_GB': 87.67, 'used_GB': 7.3, 'allocated_GB': 16.01, 'reserved_GB': 18.15, 'host_total_GB': 1133.56, 'host_available_GB': 739.6, 'host_used_GB': 393.96, 'host_free_GB': 81.75}
[2026-08-15 14:59:36] reloadable_process_group.py:100 - Destroyed default nccl WORLD process group and initialized a temporary Gloo WORLD (generation 871)
[2026-08-15 15:00:54] memory_utils.py:47 - [Rank 1] Memory-Usage before wake_up model: {'gpu': '1', 'total_GB': 94.97, 'free_GB': 90.93, 'used_GB': 4.04, 'allocated_GB': 16.01, 'reserved_GB': 18.15, 'host_total_GB': 1133.56, 'host_available_GB': 738.92, 'host_used_GB': 394.64, 'host_free_GB': 79.67}
[2026-08-15 15:00:57] reloadable_process_group.py:121 - Reloaded default WORLD process group with backend nccl (generation 872)
[2026-08-15 15:00:57] reloadable_process_group.py:331 - Reloading 57 process groups in pid 31657: {'nccl': 50, 'gloo': 7}
[2026-08-15 15:00:57] memory_utils.py:47 - [Rank 1] Memory-Usage after wake_up model: {'gpu': '1', 'total_GB': 94.97, 'free_GB': 72.79, 'used_GB': 22.18, 'allocated_GB': 16.01, 'reserved_GB': 18.15, 'host_total_GB': 1133.56, 'host_available_GB': 772.71, 'host_used_GB': 360.85, 'host_free_GB': 112.98}
[2026-08-15 15:01:09] memory_utils.py:47 - [Rank 1] Memory-Usage before offload model: {'gpu': '1', 'total_GB': 94.97, 'free_GB': 71.99, 'used_GB': 22.98, 'allocated_GB': 16.01, 'reserved_GB': 18.15, 'host_total_GB': 1133.56, 'host_available_GB': 771.99, 'host_used_GB': 361.57, 'host_free_GB': 111.34}
[2026-08-15 15:01:12] reloadable_process_group.py:100 - Destroyed default nccl WORLD process group and initialized a temporary Gloo WORLD (generation 873)
[2026-08-15 15:01:17] memory_utils.py:47 - [Rank 1] Memory-Usage after offload model: {'gpu': '1', 'total_GB': 94.97, 'free_GB': 90.93, 'used_GB': 4.04, 'allocated_GB': 16.01, 'reserved_GB': 18.15, 'host_total_GB': 1133.56, 'host_available_GB': 739.54, 'host_used_GB': 394.02, 'host_free_GB': 79.1}
[2026-08-15 15:01:18] reloadable_process_group.py:121 - Reloaded default WORLD process group with backend nccl (generation 874)
[2026-08-15 15:01:18] reloadable_process_group.py:331 - Reloading 57 process groups in pid 31657: {'nccl': 50, 'gloo': 7}
[2026-08-15 15:01:18] memory_utils.py:47 - [Rank 1] Memory-Usage before update_weights: {'gpu': '1', 'total_GB': 94.97, 'free_GB': 87.65, 'used_GB': 7.32, 'allocated_GB': 16.01, 'reserved_GB': 18.15, 'host_total_GB': 1133.56, 'host_available_GB': 738.54, 'host_used_GB': 395.01, 'host_free_GB': 78.11}
[2026-08-15 15:01:18] memory_utils.py:47 - [Rank 1] Memory-Usage after update_weights: {'gpu': '1', 'total_GB': 94.97, 'free_GB': 87.67, 'used_GB': 7.3, 'allocated_GB': 16.01, 'reserved_GB': 18.15, 'host_total_GB': 1133.56, 'host_available_GB': 738.55, 'host_used_GB': 395.01, 'host_free_GB': 78.11}
[2026-08-15 15:01:18] reloadable_process_group.py:100 - Destroyed default nccl WORLD process group and initialized a temporary Gloo WORLD (generation 875)
[2026-08-15 15:02:38] memory_utils.py:47 - [Rank 1] Memory-Usage before wake_up model: {'gpu': '1', 'total_GB': 94.97, 'free_GB': 90.93, 'used_GB': 4.04, 'allocated_GB': 16.01, 'reserved_GB': 18.15, 'host_total_GB': 1133.56, 'host_available_GB': 739.58, 'host_used_GB': 393.98, 'host_free_GB': 81.7}
[2026-08-15 15:02:41] reloadable_process_group.py:121 - Reloaded default WORLD process group with backend nccl (generation 876)
[2026-08-15 15:02:41] reloadable_process_group.py:331 - Reloading 57 process groups in pid 31657: {'nccl': 50, 'gloo': 7}
[2026-08-15 15:02:41] memory_utils.py:47 - [Rank 1] Memory-Usage after wake_up model: {'gpu': '1', 'total_GB': 94.97, 'free_GB': 72.79, 'used_GB': 22.18, 'allocated_GB': 16.01, 'reserved_GB': 18.15, 'host_total_GB': 1133.56, 'host_available_GB': 773.64, 'host_used_GB': 359.91, 'host_free_GB': 115.76}
[2026-08-15 15:02:48] memory_utils.py:47 - [Rank 1] Memory-Usage before offload model: {'gpu': '1', 'total_GB': 94.97, 'free_GB': 71.99, 'used_GB': 22.98, 'allocated_GB': 16.01, 'reserved_GB': 18.15, 'host_total_GB': 1133.56, 'host_available_GB': 773.15, 'host_used_GB': 360.41, 'host_free_GB': 115.27}
[2026-08-15 15:02:49] reloadable_process_group.py:100 - Destroyed default nccl WORLD process group and initialized a temporary Gloo WORLD (generation 877)
[2026-08-15 15:02:55] memory_utils.py:47 - [Rank 1] Memory-Usage after offload model: {'gpu': '1', 'total_GB': 94.97, 'free_GB': 90.93, 'used_GB': 4.04, 'allocated_GB': 16.01, 'reserved_GB': 18.15, 'host_total_GB': 1133.56, 'host_available_GB': 740.6, 'host_used_GB': 392.96, 'host_free_GB': 82.71}
[2026-08-15 15:02:55] reloadable_process_group.py:121 - Reloaded default WORLD process group with backend nccl (generation 878)
[2026-08-15 15:02:55] reloadable_process_group.py:331 - Reloading 57 process groups in pid 31657: {'nccl': 50, 'gloo': 7}
[2026-08-15 15:02:55] memory_utils.py:47 - [Rank 1] Memory-Usage before update_weights: {'gpu': '1', 'total_GB': 94.97, 'free_GB': 87.65, 'used_GB': 7.32, 'allocated_GB': 16.01, 'reserved_GB': 18.15, 'host_total_GB': 1133.56, 'host_available_GB': 739.53, 'host_used_GB': 394.03, 'host_free_GB': 81.65}
[2026-08-15 15:02:56] memory_utils.py:47 - [Rank 1] Memory-Usage after update_weights: {'gpu': '1', 'total_GB': 94.97, 'free_GB': 87.67, 'used_GB': 7.3, 'allocated_GB': 16.01, 'reserved_GB': 18.15, 'host_total_GB': 1133.56, 'host_available_GB': 739.55, 'host_used_GB': 394.01, 'host_free_GB': 81.67}
[2026-08-15 15:02:56] reloadable_process_group.py:100 - Destroyed default nccl WORLD process group and initialized a temporary Gloo WORLD (generation 879)
[2026-08-15 15:04:13] memory_utils.py:47 - [Rank 1] Memory-Usage before wake_up model: {'gpu': '1', 'total_GB': 94.97, 'free_GB': 90.93, 'used_GB': 4.04, 'allocated_GB': 16.01, 'reserved_GB': 18.15, 'host_total_GB': 1133.56, 'host_available_GB': 739.69, 'host_used_GB': 393.87, 'host_free_GB': 81.8}
[2026-08-15 15:04:16] reloadable_process_group.py:121 - Reloaded default WORLD process group with backend nccl (generation 880)
[2026-08-15 15:04:16] reloadable_process_group.py:331 - Reloading 57 process groups in pid 31657: {'nccl': 50, 'gloo': 7}
[2026-08-15 15:04:17] memory_utils.py:47 - [Rank 1] Memory-Usage after wake_up model: {'gpu': '1', 'total_GB': 94.97, 'free_GB': 72.79, 'used_GB': 22.18, 'allocated_GB': 16.01, 'reserved_GB': 18.15, 'host_total_GB': 1133.56, 'host_available_GB': 773.68, 'host_used_GB': 359.88, 'host_free_GB': 115.79}
[2026-08-15 15:04:23] memory_utils.py:47 - [Rank 1] Memory-Usage before offload model: {'gpu': '1', 'total_GB': 94.97, 'free_GB': 71.99, 'used_GB': 22.98, 'allocated_GB': 16.01, 'reserved_GB': 18.15, 'host_total_GB': 1133.56, 'host_available_GB': 773.21, 'host_used_GB': 360.35, 'host_free_GB': 115.32}
[2026-08-15 15:04:24] reloadable_process_group.py:100 - Destroyed default nccl WORLD process group and initialized a temporary Gloo WORLD (generation 881)
[2026-08-15 15:04:30] memory_utils.py:47 - [Rank 1] Memory-Usage after offload model: {'gpu': '1', 'total_GB': 94.97, 'free_GB': 90.93, 'used_GB': 4.04, 'allocated_GB': 16.01, 'reserved_GB': 18.15, 'host_total_GB': 1133.56, 'host_available_GB': 740.9, 'host_used_GB': 392.66, 'host_free_GB': 83.01}
[2026-08-15 15:04:31] reloadable_process_group.py:121 - Reloaded default WORLD process group with backend nccl (generation 882)
[2026-08-15 15:04:31] reloadable_process_group.py:331 - Reloading 57 process groups in pid 31657: {'nccl': 50, 'gloo': 7}
[2026-08-15 15:04:31] memory_utils.py:47 - [Rank 1] Memory-Usage before update_weights: {'gpu': '1', 'total_GB': 94.97, 'free_GB': 87.65, 'used_GB': 7.32, 'allocated_GB': 16.01, 'reserved_GB': 18.15, 'host_total_GB': 1133.56, 'host_available_GB': 739.62, 'host_used_GB': 393.93, 'host_free_GB': 81.73}
[2026-08-15 15:04:31] memory_utils.py:47 - [Rank 1] Memory-Usage after update_weights: {'gpu': '1', 'total_GB': 94.97, 'free_GB': 87.67, 'used_GB': 7.3, 'allocated_GB': 16.01, 'reserved_GB': 18.15, 'host_total_GB': 1133.56, 'host_available_GB': 739.63, 'host_used_GB': 393.92, 'host_free_GB': 81.74}
[2026-08-15 15:04:31] reloadable_process_group.py:100 - Destroyed default nccl WORLD process group and initialized a temporary Gloo WORLD (generation 883)
[2026-08-15 15:05:50] memory_utils.py:47 - [Rank 1] Memory-Usage before wake_up model: {'gpu': '1', 'total_GB': 94.97, 'free_GB': 90.93, 'used_GB': 4.04, 'allocated_GB': 16.01, 'reserved_GB': 18.15, 'host_total_GB': 1133.56, 'host_available_GB': 739.79, 'host_used_GB': 393.77, 'host_free_GB': 81.89}
[2026-08-15 15:05:53] reloadable_process_group.py:121 - Reloaded default WORLD process group with backend nccl (generation 884)
[2026-08-15 15:05:53] reloadable_process_group.py:331 - Reloading 57 process groups in pid 31657: {'nccl': 50, 'gloo': 7}
[2026-08-15 15:05:53] memory_utils.py:47 - [Rank 1] Memory-Usage after wake_up model: {'gpu': '1', 'total_GB': 94.97, 'free_GB': 72.79, 'used_GB': 22.18, 'allocated_GB': 16.01, 'reserved_GB': 18.15, 'host_total_GB': 1133.56, 'host_available_GB': 773.81, 'host_used_GB': 359.75, 'host_free_GB': 115.91}
[2026-08-15 15:06:00] memory_utils.py:47 - [Rank 1] Memory-Usage before offload model: {'gpu': '1', 'total_GB': 94.97, 'free_GB': 71.99, 'used_GB': 22.98, 'allocated_GB': 16.01, 'reserved_GB': 18.15, 'host_total_GB': 1133.56, 'host_available_GB': 773.29, 'host_used_GB': 360.27, 'host_free_GB': 115.39}
[2026-08-15 15:06:01] reloadable_process_group.py:100 - Destroyed default nccl WORLD process group and initialized a temporary Gloo WORLD (generation 885)
[2026-08-15 15:06:06] memory_utils.py:47 - [Rank 1] Memory-Usage after offload model: {'gpu': '1', 'total_GB': 94.97, 'free_GB': 90.93, 'used_GB': 4.04, 'allocated_GB': 16.01, 'reserved_GB': 18.15, 'host_total_GB': 1133.56, 'host_available_GB': 740.82, 'host_used_GB': 392.74, 'host_free_GB': 82.92}
[2026-08-15 15:06:07] reloadable_process_group.py:121 - Reloaded default WORLD process group with backend nccl (generation 886)
[2026-08-15 15:06:07] reloadable_process_group.py:331 - Reloading 57 process groups in pid 31657: {'nccl': 50, 'gloo': 7}
[2026-08-15 15:06:07] memory_utils.py:47 - [Rank 1] Memory-Usage before update_weights: {'gpu': '1', 'total_GB': 94.97, 'free_GB': 87.65, 'used_GB': 7.32, 'allocated_GB': 16.01, 'reserved_GB': 18.15, 'host_total_GB': 1133.56, 'host_available_GB': 739.73, 'host_used_GB': 393.83, 'host_free_GB': 81.83}
[2026-08-15 15:06:08] memory_utils.py:47 - [Rank 1] Memory-Usage after update_weights: {'gpu': '1', 'total_GB': 94.97, 'free_GB': 87.67, 'used_GB': 7.3, 'allocated_GB': 16.01, 'reserved_GB': 18.15, 'host_total_GB': 1133.56, 'host_available_GB': 739.74, 'host_used_GB': 393.82, 'host_free_GB': 81.84}
[2026-08-15 15:06:08] reloadable_process_group.py:100 - Destroyed default nccl WORLD process group and initialized a temporary Gloo WORLD (generation 887)
[2026-08-15 15:07:27] memory_utils.py:47 - [Rank 1] Memory-Usage before wake_up model: {'gpu': '1', 'total_GB': 94.97, 'free_GB': 90.93, 'used_GB': 4.04, 'allocated_GB': 16.01, 'reserved_GB': 18.15, 'host_total_GB': 1133.56, 'host_available_GB': 739.84, 'host_used_GB': 393.72, 'host_free_GB': 81.93}
[2026-08-15 15:07:30] reloadable_process_group.py:121 - Reloaded default WORLD process group with backend nccl (generation 888)
[2026-08-15 15:07:30] reloadable_process_group.py:331 - Reloading 57 process groups in pid 31657: {'nccl': 50, 'gloo': 7}
[2026-08-15 15:07:30] memory_utils.py:47 - [Rank 1] Memory-Usage after wake_up model: {'gpu': '1', 'total_GB': 94.97, 'free_GB': 72.79, 'used_GB': 22.18, 'allocated_GB': 16.01, 'reserved_GB': 18.15, 'host_total_GB': 1133.56, 'host_available_GB': 773.83, 'host_used_GB': 359.73, 'host_free_GB': 115.92}
[2026-08-15 15:07:41] memory_utils.py:47 - [Rank 1] Memory-Usage before offload model: {'gpu': '1', 'total_GB': 94.97, 'free_GB': 71.98, 'used_GB': 22.99, 'allocated_GB': 16.01, 'reserved_GB': 18.15, 'host_total_GB': 1133.56, 'host_available_GB': 773.34, 'host_used_GB': 360.22, 'host_free_GB': 115.43}
[2026-08-15 15:07:42] reloadable_process_group.py:100 - Destroyed default nccl WORLD process group and initialized a temporary Gloo WORLD (generation 889)
[2026-08-15 15:07:47] memory_utils.py:47 - [Rank 1] Memory-Usage after offload model: {'gpu': '1', 'total_GB': 94.97, 'free_GB': 90.93, 'used_GB': 4.04, 'allocated_GB': 16.01, 'reserved_GB': 18.15, 'host_total_GB': 1133.56, 'host_available_GB': 741.01, 'host_used_GB': 392.55, 'host_free_GB': 83.09}
[2026-08-15 15:07:48] reloadable_process_group.py:121 - Reloaded default WORLD process group with backend nccl (generation 890)
[2026-08-15 15:07:48] reloadable_process_group.py:331 - Reloading 57 process groups in pid 31657: {'nccl': 50, 'gloo': 7}
[2026-08-15 15:07:48] memory_utils.py:47 - [Rank 1] Memory-Usage before update_weights: {'gpu': '1', 'total_GB': 94.97, 'free_GB': 87.65, 'used_GB': 7.32, 'allocated_GB': 16.01, 'reserved_GB': 18.15, 'host_total_GB': 1133.56, 'host_available_GB': 739.79, 'host_used_GB': 393.76, 'host_free_GB': 81.88}
[2026-08-15 15:07:48] memory_utils.py:47 - [Rank 1] Memory-Usage after update_weights: {'gpu': '1', 'total_GB': 94.97, 'free_GB': 87.67, 'used_GB': 7.3, 'allocated_GB': 16.01, 'reserved_GB': 18.15, 'host_total_GB': 1133.56, 'host_available_GB': 739.79, 'host_used_GB': 393.77, 'host_free_GB': 81.88}
[2026-08-15 15:07:48] reloadable_process_group.py:100 - Destroyed default nccl WORLD process group and initialized a temporary Gloo WORLD (generation 891)
[2026-08-15 15:09:08] memory_utils.py:47 - [Rank 1] Memory-Usage before wake_up model: {'gpu': '1', 'total_GB': 94.97, 'free_GB': 90.93, 'used_GB': 4.04, 'allocated_GB': 16.01, 'reserved_GB': 18.15, 'host_total_GB': 1133.56, 'host_available_GB': 739.88, 'host_used_GB': 393.68, 'host_free_GB': 81.96}
[2026-08-15 15:09:11] reloadable_process_group.py:121 - Reloaded default WORLD process group with backend nccl (generation 892)
[2026-08-15 15:09:11] reloadable_process_group.py:331 - Reloading 57 process groups in pid 31657: {'nccl': 50, 'gloo': 7}
[2026-08-15 15:09:11] memory_utils.py:47 - [Rank 1] Memory-Usage after wake_up model: {'gpu': '1', 'total_GB': 94.97, 'free_GB': 72.79, 'used_GB': 22.18, 'allocated_GB': 16.01, 'reserved_GB': 18.15, 'host_total_GB': 1133.56, 'host_available_GB': 773.85, 'host_used_GB': 359.7, 'host_free_GB': 115.93}
[2026-08-15 15:09:18] memory_utils.py:47 - [Rank 1] Memory-Usage before offload model: {'gpu': '1', 'total_GB': 94.97, 'free_GB': 71.98, 'used_GB': 22.99, 'allocated_GB': 16.01, 'reserved_GB': 18.15, 'host_total_GB': 1133.56, 'host_available_GB': 773.33, 'host_used_GB': 360.23, 'host_free_GB': 115.41}
[2026-08-15 15:09:20] reloadable_process_group.py:100 - Destroyed default nccl WORLD process group and initialized a temporary Gloo WORLD (generation 893)
[2026-08-15 15:09:25] memory_utils.py:47 - [Rank 1] Memory-Usage after offload model: {'gpu': '1', 'total_GB': 94.97, 'free_GB': 90.93, 'used_GB': 4.04, 'allocated_GB': 16.01, 'reserved_GB': 18.15, 'host_total_GB': 1133.56, 'host_available_GB': 740.81, 'host_used_GB': 392.74, 'host_free_GB': 82.89}
[2026-08-15 15:09:26] reloadable_process_group.py:121 - Reloaded default WORLD process group with backend nccl (generation 894)
[2026-08-15 15:09:26] reloadable_process_group.py:331 - Reloading 57 process groups in pid 31657: {'nccl': 50, 'gloo': 7}
[2026-08-15 15:09:26] memory_utils.py:47 - [Rank 1] Memory-Usage before update_weights: {'gpu': '1', 'total_GB': 94.97, 'free_GB': 87.65, 'used_GB': 7.32, 'allocated_GB': 16.01, 'reserved_GB': 18.15, 'host_total_GB': 1133.56, 'host_available_GB': 739.74, 'host_used_GB': 393.82, 'host_free_GB': 81.81}
[2026-08-15 15:09:26] memory_utils.py:47 - [Rank 1] Memory-Usage after update_weights: {'gpu': '1', 'total_GB': 94.97, 'free_GB': 87.67, 'used_GB': 7.3, 'allocated_GB': 16.01, 'reserved_GB': 18.15, 'host_total_GB': 1133.56, 'host_available_GB': 739.73, 'host_used_GB': 393.83, 'host_free_GB': 81.81}
[2026-08-15 15:09:26] reloadable_process_group.py:100 - Destroyed default nccl WORLD process group and initialized a temporary Gloo WORLD (generation 895)
[2026-08-15 15:10:46] memory_utils.py:47 - [Rank 1] Memory-Usage before wake_up model: {'gpu': '1', 'total_GB': 94.97, 'free_GB': 90.93, 'used_GB': 4.04, 'allocated_GB': 16.01, 'reserved_GB': 18.15, 'host_total_GB': 1133.56, 'host_available_GB': 739.84, 'host_used_GB': 393.72, 'host_free_GB': 81.91}
[2026-08-15 15:10:49] reloadable_process_group.py:121 - Reloaded default WORLD process group with backend nccl (generation 896)
[2026-08-15 15:10:49] reloadable_process_group.py:331 - Reloading 57 process groups in pid 31657: {'nccl': 50, 'gloo': 7}
[2026-08-15 15:10:49] memory_utils.py:47 - [Rank 1] Memory-Usage after wake_up model: {'gpu': '1', 'total_GB': 94.97, 'free_GB': 72.79, 'used_GB': 22.18, 'allocated_GB': 16.01, 'reserved_GB': 18.15, 'host_total_GB': 1133.56, 'host_available_GB': 773.89, 'host_used_GB': 359.67, 'host_free_GB': 115.96}
[2026-08-15 15:10:56] memory_utils.py:47 - [Rank 1] Memory-Usage before offload model: {'gpu': '1', 'total_GB': 94.97, 'free_GB': 71.99, 'used_GB': 22.98, 'allocated_GB': 16.01, 'reserved_GB': 18.15, 'host_total_GB': 1133.56, 'host_available_GB': 773.33, 'host_used_GB': 360.23, 'host_free_GB': 115.4}
[2026-08-15 15:10:57] reloadable_process_group.py:100 - Destroyed default nccl WORLD process group and initialized a temporary Gloo WORLD (generation 897)
[2026-08-15 15:11:03] memory_utils.py:47 - [Rank 1] Memory-Usage after offload model: {'gpu': '1', 'total_GB': 94.97, 'free_GB': 90.93, 'used_GB': 4.04, 'allocated_GB': 16.01, 'reserved_GB': 18.15, 'host_total_GB': 1133.56, 'host_available_GB': 740.82, 'host_used_GB': 392.74, 'host_free_GB': 82.89}
[2026-08-15 15:11:03] reloadable_process_group.py:121 - Reloaded default WORLD process group with backend nccl (generation 898)
[2026-08-15 15:11:03] reloadable_process_group.py:331 - Reloading 57 process groups in pid 31657: {'nccl': 50, 'gloo': 7}
[2026-08-15 15:11:03] memory_utils.py:47 - [Rank 1] Memory-Usage before update_weights: {'gpu': '1', 'total_GB': 94.97, 'free_GB': 87.65, 'used_GB': 7.32, 'allocated_GB': 16.01, 'reserved_GB': 18.15, 'host_total_GB': 1133.56, 'host_available_GB': 739.74, 'host_used_GB': 393.81, 'host_free_GB': 81.81}
[2026-08-15 15:11:04] memory_utils.py:47 - [Rank 1] Memory-Usage after update_weights: {'gpu': '1', 'total_GB': 94.97, 'free_GB': 87.67, 'used_GB': 7.3, 'allocated_GB': 16.01, 'reserved_GB': 18.15, 'host_total_GB': 1133.56, 'host_available_GB': 739.75, 'host_used_GB': 393.81, 'host_free_GB': 81.82}
[2026-08-15 15:11:04] reloadable_process_group.py:100 - Destroyed default nccl WORLD process group and initialized a temporary Gloo WORLD (generation 899)
[2026-08-15 15:12:23] memory_utils.py:47 - [Rank 1] Memory-Usage before wake_up model: {'gpu': '1', 'total_GB': 94.97, 'free_GB': 90.93, 'used_GB': 4.04, 'allocated_GB': 16.01, 'reserved_GB': 18.15, 'host_total_GB': 1133.56, 'host_available_GB': 739.8, 'host_used_GB': 393.75, 'host_free_GB': 81.87}
[2026-08-15 15:12:26] reloadable_process_group.py:121 - Reloaded default WORLD process group with backend nccl (generation 900)
[2026-08-15 15:12:26] reloadable_process_group.py:331 - Reloading 57 process groups in pid 31657: {'nccl': 50, 'gloo': 7}
[2026-08-15 15:12:26] memory_utils.py:47 - [Rank 1] Memory-Usage after wake_up model: {'gpu': '1', 'total_GB': 94.97, 'free_GB': 72.8, 'used_GB': 22.18, 'allocated_GB': 16.01, 'reserved_GB': 18.15, 'host_total_GB': 1133.56, 'host_available_GB': 773.83, 'host_used_GB': 359.73, 'host_free_GB': 115.89}
[2026-08-15 15:12:33] memory_utils.py:47 - [Rank 1] Memory-Usage before offload model: {'gpu': '1', 'total_GB': 94.97, 'free_GB': 71.99, 'used_GB': 22.98, 'allocated_GB': 16.01, 'reserved_GB': 18.15, 'host_total_GB': 1133.56, 'host_available_GB': 773.42, 'host_used_GB': 360.14, 'host_free_GB': 115.48}
[2026-08-15 15:12:35] reloadable_process_group.py:100 - Destroyed default nccl WORLD process group and initialized a temporary Gloo WORLD (generation 901)
[2026-08-15 15:12:40] memory_utils.py:47 - [Rank 1] Memory-Usage after offload model: {'gpu': '1', 'total_GB': 94.97, 'free_GB': 90.93, 'used_GB': 4.04, 'allocated_GB': 16.01, 'reserved_GB': 18.15, 'host_total_GB': 1133.56, 'host_available_GB': 741.04, 'host_used_GB': 392.52, 'host_free_GB': 83.1}
[2026-08-15 15:12:41] reloadable_process_group.py:121 - Reloaded default WORLD process group with backend nccl (generation 902)
[2026-08-15 15:12:41] reloadable_process_group.py:331 - Reloading 57 process groups in pid 31657: {'nccl': 50, 'gloo': 7}
[2026-08-15 15:12:41] memory_utils.py:47 - [Rank 1] Memory-Usage before update_weights: {'gpu': '1', 'total_GB': 94.97, 'free_GB': 87.65, 'used_GB': 7.32, 'allocated_GB': 16.01, 'reserved_GB': 18.15, 'host_total_GB': 1133.56, 'host_available_GB': 739.85, 'host_used_GB': 393.71, 'host_free_GB': 81.91}
[2026-08-15 15:12:41] memory_utils.py:47 - [Rank 1] Memory-Usage after update_weights: {'gpu': '1', 'total_GB': 94.97, 'free_GB': 87.67, 'used_GB': 7.3, 'allocated_GB': 16.01, 'reserved_GB': 18.15, 'host_total_GB': 1133.56, 'host_available_GB': 739.86, 'host_used_GB': 393.7, 'host_free_GB': 81.92}
[2026-08-15 15:12:41] reloadable_process_group.py:100 - Destroyed default nccl WORLD process group and initialized a temporary Gloo WORLD (generation 903)
[2026-08-15 15:14:00] memory_utils.py:47 - [Rank 1] Memory-Usage before wake_up model: {'gpu': '1', 'total_GB': 94.97, 'free_GB': 90.93, 'used_GB': 4.04, 'allocated_GB': 16.01, 'reserved_GB': 18.15, 'host_total_GB': 1133.56, 'host_available_GB': 739.67, 'host_used_GB': 393.89, 'host_free_GB': 81.72}
[2026-08-15 15:14:03] reloadable_process_group.py:121 - Reloaded default WORLD process group with backend nccl (generation 904)
[2026-08-15 15:14:03] reloadable_process_group.py:331 - Reloading 57 process groups in pid 31657: {'nccl': 50, 'gloo': 7}
[2026-08-15 15:14:04] memory_utils.py:47 - [Rank 1] Memory-Usage after wake_up model: {'gpu': '1', 'total_GB': 94.97, 'free_GB': 72.8, 'used_GB': 22.18, 'allocated_GB': 16.01, 'reserved_GB': 18.15, 'host_total_GB': 1133.56, 'host_available_GB': 773.82, 'host_used_GB': 359.74, 'host_free_GB': 115.87}
[2026-08-15 15:14:15] memory_utils.py:47 - [Rank 1] Memory-Usage before offload model: {'gpu': '1', 'total_GB': 94.97, 'free_GB': 71.99, 'used_GB': 22.98, 'allocated_GB': 16.01, 'reserved_GB': 18.15, 'host_total_GB': 1133.56, 'host_available_GB': 773.35, 'host_used_GB': 360.21, 'host_free_GB': 115.4}
[2026-08-15 15:14:17] reloadable_process_group.py:100 - Destroyed default nccl WORLD process group and initialized a temporary Gloo WORLD (generation 905)
[2026-08-15 15:14:23] memory_utils.py:47 - [Rank 1] Memory-Usage after offload model: {'gpu': '1', 'total_GB': 94.97, 'free_GB': 90.93, 'used_GB': 4.04, 'allocated_GB': 16.01, 'reserved_GB': 18.15, 'host_total_GB': 1133.56, 'host_available_GB': 740.89, 'host_used_GB': 392.67, 'host_free_GB': 82.94}
[2026-08-15 15:14:23] reloadable_process_group.py:121 - Reloaded default WORLD process group with backend nccl (generation 906)
[2026-08-15 15:14:23] reloadable_process_group.py:331 - Reloading 57 process groups in pid 31657: {'nccl': 50, 'gloo': 7}
[2026-08-15 15:14:23] memory_utils.py:47 - [Rank 1] Memory-Usage before update_weights: {'gpu': '1', 'total_GB': 94.97, 'free_GB': 87.65, 'used_GB': 7.32, 'allocated_GB': 16.01, 'reserved_GB': 18.15, 'host_total_GB': 1133.56, 'host_available_GB': 739.77, 'host_used_GB': 393.79, 'host_free_GB': 81.82}
[2026-08-15 15:14:24] memory_utils.py:47 - [Rank 1] Memory-Usage after update_weights: {'gpu': '1', 'total_GB': 94.97, 'free_GB': 87.67, 'used_GB': 7.3, 'allocated_GB': 16.01, 'reserved_GB': 18.15, 'host_total_GB': 1133.56, 'host_available_GB': 739.76, 'host_used_GB': 393.8, 'host_free_GB': 81.81}
[2026-08-15 15:14:24] reloadable_process_group.py:100 - Destroyed default nccl WORLD process group and initialized a temporary Gloo WORLD (generation 907)
[2026-08-15 15:15:43] memory_utils.py:47 - [Rank 1] Memory-Usage before wake_up model: {'gpu': '1', 'total_GB': 94.97, 'free_GB': 90.93, 'used_GB': 4.04, 'allocated_GB': 16.01, 'reserved_GB': 18.15, 'host_total_GB': 1133.56, 'host_available_GB': 739.75, 'host_used_GB': 393.81, 'host_free_GB': 81.79}
[2026-08-15 15:15:46] reloadable_process_group.py:121 - Reloaded default WORLD process group with backend nccl (generation 908)
[2026-08-15 15:15:46] reloadable_process_group.py:331 - Reloading 57 process groups in pid 31657: {'nccl': 50, 'gloo': 7}
[2026-08-15 15:15:47] memory_utils.py:47 - [Rank 1] Memory-Usage after wake_up model: {'gpu': '1', 'total_GB': 94.97, 'free_GB': 72.8, 'used_GB': 22.18, 'allocated_GB': 16.01, 'reserved_GB': 18.15, 'host_total_GB': 1133.56, 'host_available_GB': 773.78, 'host_used_GB': 359.78, 'host_free_GB': 115.82}
[2026-08-15 15:15:54] memory_utils.py:47 - [Rank 1] Memory-Usage before offload model: {'gpu': '1', 'total_GB': 94.97, 'free_GB': 71.99, 'used_GB': 22.98, 'allocated_GB': 16.01, 'reserved_GB': 18.15, 'host_total_GB': 1133.56, 'host_available_GB': 773.34, 'host_used_GB': 360.22, 'host_free_GB': 115.38}
[2026-08-15 15:15:55] reloadable_process_group.py:100 - Destroyed default nccl WORLD process group and initialized a temporary Gloo WORLD (generation 909)
[2026-08-15 15:16:01] memory_utils.py:47 - [Rank 1] Memory-Usage after offload model: {'gpu': '1', 'total_GB': 94.97, 'free_GB': 90.93, 'used_GB': 4.04, 'allocated_GB': 16.01, 'reserved_GB': 18.15, 'host_total_GB': 1133.56, 'host_available_GB': 740.24, 'host_used_GB': 393.31, 'host_free_GB': 82.28}
[2026-08-15 15:16:01] reloadable_process_group.py:121 - Reloaded default WORLD process group with backend nccl (generation 910)
[2026-08-15 15:16:01] reloadable_process_group.py:331 - Reloading 57 process groups in pid 31657: {'nccl': 50, 'gloo': 7}
[2026-08-15 15:16:01] memory_utils.py:47 - [Rank 1] Memory-Usage before update_weights: {'gpu': '1', 'total_GB': 94.97, 'free_GB': 87.65, 'used_GB': 7.32, 'allocated_GB': 16.01, 'reserved_GB': 18.15, 'host_total_GB': 1133.56, 'host_available_GB': 739.53, 'host_used_GB': 394.03, 'host_free_GB': 81.57}
[2026-08-15 15:16:02] memory_utils.py:47 - [Rank 1] Memory-Usage after update_weights: {'gpu': '1', 'total_GB': 94.97, 'free_GB': 87.67, 'used_GB': 7.3, 'allocated_GB': 16.01, 'reserved_GB': 18.15, 'host_total_GB': 1133.56, 'host_available_GB': 739.53, 'host_used_GB': 394.02, 'host_free_GB': 81.57}
[2026-08-15 15:16:02] reloadable_process_group.py:100 - Destroyed default nccl WORLD process group and initialized a temporary Gloo WORLD (generation 911)
[2026-08-15 15:17:22] memory_utils.py:47 - [Rank 1] Memory-Usage before wake_up model: {'gpu': '1', 'total_GB': 94.97, 'free_GB': 90.93, 'used_GB': 4.04, 'allocated_GB': 16.01, 'reserved_GB': 18.15, 'host_total_GB': 1133.56, 'host_available_GB': 739.81, 'host_used_GB': 393.74, 'host_free_GB': 81.85}
[2026-08-15 15:17:25] reloadable_process_group.py:121 - Reloaded default WORLD process group with backend nccl (generation 912)
[2026-08-15 15:17:25] reloadable_process_group.py:331 - Reloading 57 process groups in pid 31657: {'nccl': 50, 'gloo': 7}
[2026-08-15 15:17:25] memory_utils.py:47 - [Rank 1] Memory-Usage after wake_up model: {'gpu': '1', 'total_GB': 94.97, 'free_GB': 72.8, 'used_GB': 22.18, 'allocated_GB': 16.01, 'reserved_GB': 18.15, 'host_total_GB': 1133.56, 'host_available_GB': 773.8, 'host_used_GB': 359.76, 'host_free_GB': 115.83}
[2026-08-15 15:17:32] memory_utils.py:47 - [Rank 1] Memory-Usage before offload model: {'gpu': '1', 'total_GB': 94.97, 'free_GB': 71.99, 'used_GB': 22.98, 'allocated_GB': 16.01, 'reserved_GB': 18.15, 'host_total_GB': 1133.56, 'host_available_GB': 773.26, 'host_used_GB': 360.3, 'host_free_GB': 115.29}
[2026-08-15 15:17:34] reloadable_process_group.py:100 - Destroyed default nccl WORLD process group and initialized a temporary Gloo WORLD (generation 913)
[2026-08-15 15:17:39] memory_utils.py:47 - [Rank 1] Memory-Usage after offload model: {'gpu': '1', 'total_GB': 94.97, 'free_GB': 90.93, 'used_GB': 4.04, 'allocated_GB': 16.01, 'reserved_GB': 18.15, 'host_total_GB': 1133.56, 'host_available_GB': 740.59, 'host_used_GB': 392.96, 'host_free_GB': 82.62}
[2026-08-15 15:17:40] reloadable_process_group.py:121 - Reloaded default WORLD process group with backend nccl (generation 914)
[2026-08-15 15:17:40] reloadable_process_group.py:331 - Reloading 57 process groups in pid 31657: {'nccl': 50, 'gloo': 7}
[2026-08-15 15:17:40] memory_utils.py:47 - [Rank 1] Memory-Usage before update_weights: {'gpu': '1', 'total_GB': 94.97, 'free_GB': 87.65, 'used_GB': 7.32, 'allocated_GB': 16.01, 'reserved_GB': 18.15, 'host_total_GB': 1133.56, 'host_available_GB': 739.66, 'host_used_GB': 393.9, 'host_free_GB': 81.68}
[2026-08-15 15:17:40] memory_utils.py:47 - [Rank 1] Memory-Usage after update_weights: {'gpu': '1', 'total_GB': 94.97, 'free_GB': 87.67, 'used_GB': 7.3, 'allocated_GB': 16.01, 'reserved_GB': 18.15, 'host_total_GB': 1133.56, 'host_available_GB': 739.67, 'host_used_GB': 393.89, 'host_free_GB': 81.7}
[2026-08-15 15:17:40] reloadable_process_group.py:100 - Destroyed default nccl WORLD process group and initialized a temporary Gloo WORLD (generation 915)
[2026-08-15 15:19:00] memory_utils.py:47 - [Rank 1] Memory-Usage before wake_up model: {'gpu': '1', 'total_GB': 94.97, 'free_GB': 90.93, 'used_GB': 4.04, 'allocated_GB': 16.01, 'reserved_GB': 18.15, 'host_total_GB': 1133.56, 'host_available_GB': 739.35, 'host_used_GB': 394.21, 'host_free_GB': 81.37}
[2026-08-15 15:19:03] reloadable_process_group.py:121 - Reloaded default WORLD process group with backend nccl (generation 916)
[2026-08-15 15:19:03] reloadable_process_group.py:331 - Reloading 57 process groups in pid 31657: {'nccl': 50, 'gloo': 7}
[2026-08-15 15:19:03] memory_utils.py:47 - [Rank 1] Memory-Usage after wake_up model: {'gpu': '1', 'total_GB': 94.97, 'free_GB': 72.8, 'used_GB': 22.18, 'allocated_GB': 16.01, 'reserved_GB': 18.15, 'host_total_GB': 1133.56, 'host_available_GB': 773.45, 'host_used_GB': 360.11, 'host_free_GB': 115.47}
[2026-08-15 15:19:11] memory_utils.py:47 - [Rank 1] Memory-Usage before offload model: {'gpu': '1', 'total_GB': 94.97, 'free_GB': 71.99, 'used_GB': 22.98, 'allocated_GB': 16.01, 'reserved_GB': 18.15, 'host_total_GB': 1133.56, 'host_available_GB': 773.03, 'host_used_GB': 360.53, 'host_free_GB': 115.05}
[2026-08-15 15:19:12] reloadable_process_group.py:100 - Destroyed default nccl WORLD process group and initialized a temporary Gloo WORLD (generation 917)
[2026-08-15 15:19:17] memory_utils.py:47 - [Rank 1] Memory-Usage after offload model: {'gpu': '1', 'total_GB': 94.97, 'free_GB': 90.93, 'used_GB': 4.04, 'allocated_GB': 16.01, 'reserved_GB': 18.15, 'host_total_GB': 1133.56, 'host_available_GB': 740.16, 'host_used_GB': 393.4, 'host_free_GB': 82.18}
[2026-08-15 15:19:18] reloadable_process_group.py:121 - Reloaded default WORLD process group with backend nccl (generation 918)
[2026-08-15 15:19:18] reloadable_process_group.py:331 - Reloading 57 process groups in pid 31657: {'nccl': 50, 'gloo': 7}
[2026-08-15 15:19:18] memory_utils.py:47 - [Rank 1] Memory-Usage before update_weights: {'gpu': '1', 'total_GB': 94.97, 'free_GB': 87.65, 'used_GB': 7.32, 'allocated_GB': 16.01, 'reserved_GB': 18.15, 'host_total_GB': 1133.56, 'host_available_GB': 739.42, 'host_used_GB': 394.13, 'host_free_GB': 81.44}
[2026-08-15 15:19:18] memory_utils.py:47 - [Rank 1] Memory-Usage after update_weights: {'gpu': '1', 'total_GB': 94.97, 'free_GB': 87.67, 'used_GB': 7.3, 'allocated_GB': 16.01, 'reserved_GB': 18.15, 'host_total_GB': 1133.56, 'host_available_GB': 739.44, 'host_used_GB': 394.12, 'host_free_GB': 81.45}
[2026-08-15 15:19:18] reloadable_process_group.py:100 - Destroyed default nccl WORLD process group and initialized a temporary Gloo WORLD (generation 919)
[2026-08-15 15:20:37] memory_utils.py:47 - [Rank 1] Memory-Usage before wake_up model: {'gpu': '1', 'total_GB': 94.97, 'free_GB': 90.93, 'used_GB': 4.04, 'allocated_GB': 16.01, 'reserved_GB': 18.15, 'host_total_GB': 1133.56, 'host_available_GB': 739.67, 'host_used_GB': 393.89, 'host_free_GB': 81.68}
[2026-08-15 15:20:40] reloadable_process_group.py:121 - Reloaded default WORLD process group with backend nccl (generation 920)
[2026-08-15 15:20:40] reloadable_process_group.py:331 - Reloading 57 process groups in pid 31657: {'nccl': 50, 'gloo': 7}
[2026-08-15 15:20:40] memory_utils.py:47 - [Rank 1] Memory-Usage after wake_up model: {'gpu': '1', 'total_GB': 94.97, 'free_GB': 72.8, 'used_GB': 22.18, 'allocated_GB': 16.01, 'reserved_GB': 18.15, 'host_total_GB': 1133.56, 'host_available_GB': 773.69, 'host_used_GB': 359.87, 'host_free_GB': 115.7}
[2026-08-15 15:20:51] memory_utils.py:47 - [Rank 1] Memory-Usage before offload model: {'gpu': '1', 'total_GB': 94.97, 'free_GB': 71.99, 'used_GB': 22.98, 'allocated_GB': 16.01, 'reserved_GB': 18.15, 'host_total_GB': 1133.56, 'host_available_GB': 773.16, 'host_used_GB': 360.39, 'host_free_GB': 115.17}
[2026-08-15 15:20:53] reloadable_process_group.py:100 - Destroyed default nccl WORLD process group and initialized a temporary Gloo WORLD (generation 921)
[2026-08-15 15:20:58] memory_utils.py:47 - [Rank 1] Memory-Usage after offload model: {'gpu': '1', 'total_GB': 94.97, 'free_GB': 90.93, 'used_GB': 4.04, 'allocated_GB': 16.01, 'reserved_GB': 18.15, 'host_total_GB': 1133.56, 'host_available_GB': 740.93, 'host_used_GB': 392.62, 'host_free_GB': 82.94}
[2026-08-15 15:20:59] reloadable_process_group.py:121 - Reloaded default WORLD process group with backend nccl (generation 922)
[2026-08-15 15:20:59] reloadable_process_group.py:331 - Reloading 57 process groups in pid 31657: {'nccl': 50, 'gloo': 7}
[2026-08-15 15:20:59] memory_utils.py:47 - [Rank 1] Memory-Usage before update_weights: {'gpu': '1', 'total_GB': 94.97, 'free_GB': 87.65, 'used_GB': 7.32, 'allocated_GB': 16.01, 'reserved_GB': 18.15, 'host_total_GB': 1133.56, 'host_available_GB': 739.63, 'host_used_GB': 393.93, 'host_free_GB': 81.64}
[2026-08-15 15:21:00] memory_utils.py:47 - [Rank 1] Memory-Usage after update_weights: {'gpu': '1', 'total_GB': 94.97, 'free_GB': 87.67, 'used_GB': 7.3, 'allocated_GB': 16.01, 'reserved_GB': 18.15, 'host_total_GB': 1133.56, 'host_available_GB': 739.64, 'host_used_GB': 393.92, 'host_free_GB': 81.64}
[2026-08-15 15:21:00] reloadable_process_group.py:100 - Destroyed default nccl WORLD process group and initialized a temporary Gloo WORLD (generation 923)
[2026-08-15 15:22:17] memory_utils.py:47 - [Rank 1] Memory-Usage before wake_up model: {'gpu': '1', 'total_GB': 94.97, 'free_GB': 90.93, 'used_GB': 4.04, 'allocated_GB': 16.01, 'reserved_GB': 18.15, 'host_total_GB': 1133.56, 'host_available_GB': 739.85, 'host_used_GB': 393.71, 'host_free_GB': 81.85}
[2026-08-15 15:22:21] reloadable_process_group.py:121 - Reloaded default WORLD process group with backend nccl (generation 924)
[2026-08-15 15:22:21] reloadable_process_group.py:331 - Reloading 57 process groups in pid 31657: {'nccl': 50, 'gloo': 7}
[2026-08-15 15:22:21] memory_utils.py:47 - [Rank 1] Memory-Usage after wake_up model: {'gpu': '1', 'total_GB': 94.97, 'free_GB': 72.8, 'used_GB': 22.18, 'allocated_GB': 16.01, 'reserved_GB': 18.15, 'host_total_GB': 1133.56, 'host_available_GB': 773.86, 'host_used_GB': 359.7, 'host_free_GB': 115.86}
[2026-08-15 15:22:27] memory_utils.py:47 - [Rank 1] Memory-Usage before offload model: {'gpu': '1', 'total_GB': 94.97, 'free_GB': 71.99, 'used_GB': 22.98, 'allocated_GB': 16.01, 'reserved_GB': 18.15, 'host_total_GB': 1133.56, 'host_available_GB': 773.27, 'host_used_GB': 360.29, 'host_free_GB': 118.96}
[2026-08-15 15:22:29] reloadable_process_group.py:100 - Destroyed default nccl WORLD process group and initialized a temporary Gloo WORLD (generation 925)
[2026-08-15 15:22:34] memory_utils.py:47 - [Rank 1] Memory-Usage after offload model: {'gpu': '1', 'total_GB': 94.97, 'free_GB': 90.93, 'used_GB': 4.04, 'allocated_GB': 16.01, 'reserved_GB': 18.15, 'host_total_GB': 1133.56, 'host_available_GB': 740.55, 'host_used_GB': 393.01, 'host_free_GB': 85.63}
[2026-08-15 15:22:35] reloadable_process_group.py:121 - Reloaded default WORLD process group with backend nccl (generation 926)
[2026-08-15 15:22:35] reloadable_process_group.py:331 - Reloading 57 process groups in pid 31657: {'nccl': 50, 'gloo': 7}
[2026-08-15 15:22:35] memory_utils.py:47 - [Rank 1] Memory-Usage before update_weights: {'gpu': '1', 'total_GB': 94.97, 'free_GB': 87.65, 'used_GB': 7.32, 'allocated_GB': 16.01, 'reserved_GB': 18.15, 'host_total_GB': 1133.56, 'host_available_GB': 739.23, 'host_used_GB': 394.32, 'host_free_GB': 84.31}
[2026-08-15 15:22:35] memory_utils.py:47 - [Rank 1] Memory-Usage after update_weights: {'gpu': '1', 'total_GB': 94.97, 'free_GB': 87.67, 'used_GB': 7.3, 'allocated_GB': 16.01, 'reserved_GB': 18.15, 'host_total_GB': 1133.56, 'host_available_GB': 739.26, 'host_used_GB': 394.3, 'host_free_GB': 84.34}
[2026-08-15 15:22:36] reloadable_process_group.py:100 - Destroyed default nccl WORLD process group and initialized a temporary Gloo WORLD (generation 927)
[2026-08-15 15:23:54] memory_utils.py:47 - [Rank 1] Memory-Usage before wake_up model: {'gpu': '1', 'total_GB': 94.97, 'free_GB': 90.93, 'used_GB': 4.04, 'allocated_GB': 16.01, 'reserved_GB': 18.15, 'host_total_GB': 1133.56, 'host_available_GB': 739.72, 'host_used_GB': 393.84, 'host_free_GB': 81.85}
[2026-08-15 15:23:57] reloadable_process_group.py:121 - Reloaded default WORLD process group with backend nccl (generation 928)
[2026-08-15 15:23:57] reloadable_process_group.py:331 - Reloading 57 process groups in pid 31657: {'nccl': 50, 'gloo': 7}
[2026-08-15 15:23:57] memory_utils.py:47 - [Rank 1] Memory-Usage after wake_up model: {'gpu': '1', 'total_GB': 94.97, 'free_GB': 72.8, 'used_GB': 22.18, 'allocated_GB': 16.01, 'reserved_GB': 18.15, 'host_total_GB': 1133.56, 'host_available_GB': 773.72, 'host_used_GB': 359.84, 'host_free_GB': 115.86}
[2026-08-15 15:24:04] memory_utils.py:47 - [Rank 1] Memory-Usage before offload model: {'gpu': '1', 'total_GB': 94.97, 'free_GB': 71.99, 'used_GB': 22.98, 'allocated_GB': 16.01, 'reserved_GB': 18.15, 'host_total_GB': 1133.56, 'host_available_GB': 773.2, 'host_used_GB': 360.36, 'host_free_GB': 115.34}
[2026-08-15 15:24:06] reloadable_process_group.py:100 - Destroyed default nccl WORLD process group and initialized a temporary Gloo WORLD (generation 929)
[2026-08-15 15:24:11] memory_utils.py:47 - [Rank 1] Memory-Usage after offload model: {'gpu': '1', 'total_GB': 94.97, 'free_GB': 90.93, 'used_GB': 4.04, 'allocated_GB': 16.01, 'reserved_GB': 18.15, 'host_total_GB': 1133.56, 'host_available_GB': 740.63, 'host_used_GB': 392.93, 'host_free_GB': 82.77}
[2026-08-15 15:24:12] reloadable_process_group.py:121 - Reloaded default WORLD process group with backend nccl (generation 930)
[2026-08-15 15:24:12] reloadable_process_group.py:331 - Reloading 57 process groups in pid 31657: {'nccl': 50, 'gloo': 7}
[2026-08-15 15:24:12] memory_utils.py:47 - [Rank 1] Memory-Usage before update_weights: {'gpu': '1', 'total_GB': 94.97, 'free_GB': 87.65, 'used_GB': 7.32, 'allocated_GB': 16.01, 'reserved_GB': 18.15, 'host_total_GB': 1133.56, 'host_available_GB': 739.61, 'host_used_GB': 393.95, 'host_free_GB': 81.75}
[2026-08-15 15:24:12] memory_utils.py:47 - [Rank 1] Memory-Usage after update_weights: {'gpu': '1', 'total_GB': 94.97, 'free_GB': 87.67, 'used_GB': 7.3, 'allocated_GB': 16.01, 'reserved_GB': 18.15, 'host_total_GB': 1133.56, 'host_available_GB': 739.61, 'host_used_GB': 393.95, 'host_free_GB': 81.75}
[2026-08-15 15:24:12] reloadable_process_group.py:100 - Destroyed default nccl WORLD process group and initialized a temporary Gloo WORLD (generation 931)
[2026-08-15 15:25:31] memory_utils.py:47 - [Rank 1] Memory-Usage before wake_up model: {'gpu': '1', 'total_GB': 94.97, 'free_GB': 90.93, 'used_GB': 4.04, 'allocated_GB': 16.01, 'reserved_GB': 18.15, 'host_total_GB': 1133.56, 'host_available_GB': 739.75, 'host_used_GB': 393.81, 'host_free_GB': 81.88}
[2026-08-15 15:25:34] reloadable_process_group.py:121 - Reloaded default WORLD process group with backend nccl (generation 932)
[2026-08-15 15:25:34] reloadable_process_group.py:331 - Reloading 57 process groups in pid 31657: {'nccl': 50, 'gloo': 7}
[2026-08-15 15:25:34] memory_utils.py:47 - [Rank 1] Memory-Usage after wake_up model: {'gpu': '1', 'total_GB': 94.97, 'free_GB': 72.8, 'used_GB': 22.18, 'allocated_GB': 16.01, 'reserved_GB': 18.15, 'host_total_GB': 1133.56, 'host_available_GB': 773.75, 'host_used_GB': 359.81, 'host_free_GB': 115.88}
[2026-08-15 15:25:41] memory_utils.py:47 - [Rank 1] Memory-Usage before offload model: {'gpu': '1', 'total_GB': 94.97, 'free_GB': 71.99, 'used_GB': 22.98, 'allocated_GB': 16.01, 'reserved_GB': 18.15, 'host_total_GB': 1133.56, 'host_available_GB': 773.21, 'host_used_GB': 360.34, 'host_free_GB': 115.34}
[2026-08-15 15:25:42] reloadable_process_group.py:100 - Destroyed default nccl WORLD process group and initialized a temporary Gloo WORLD (generation 933)
[2026-08-15 15:25:48] memory_utils.py:47 - [Rank 1] Memory-Usage after offload model: {'gpu': '1', 'total_GB': 94.97, 'free_GB': 90.93, 'used_GB': 4.04, 'allocated_GB': 16.01, 'reserved_GB': 18.15, 'host_total_GB': 1133.56, 'host_available_GB': 740.77, 'host_used_GB': 392.79, 'host_free_GB': 82.9}
[2026-08-15 15:25:48] reloadable_process_group.py:121 - Reloaded default WORLD process group with backend nccl (generation 934)
[2026-08-15 15:25:48] reloadable_process_group.py:331 - Reloading 57 process groups in pid 31657: {'nccl': 50, 'gloo': 7}
[2026-08-15 15:25:48] memory_utils.py:47 - [Rank 1] Memory-Usage before update_weights: {'gpu': '1', 'total_GB': 94.97, 'free_GB': 87.65, 'used_GB': 7.32, 'allocated_GB': 16.01, 'reserved_GB': 18.15, 'host_total_GB': 1133.56, 'host_available_GB': 739.71, 'host_used_GB': 393.85, 'host_free_GB': 81.84}
[2026-08-15 15:25:49] memory_utils.py:47 - [Rank 1] Memory-Usage after update_weights: {'gpu': '1', 'total_GB': 94.97, 'free_GB': 87.67, 'used_GB': 7.3, 'allocated_GB': 16.01, 'reserved_GB': 18.15, 'host_total_GB': 1133.56, 'host_available_GB': 739.72, 'host_used_GB': 393.84, 'host_free_GB': 81.84}
[2026-08-15 15:25:49] reloadable_process_group.py:100 - Destroyed default nccl WORLD process group and initialized a temporary Gloo WORLD (generation 935)
[2026-08-15 15:27:09] memory_utils.py:47 - [Rank 1] Memory-Usage before wake_up model: {'gpu': '1', 'total_GB': 94.97, 'free_GB': 90.93, 'used_GB': 4.04, 'allocated_GB': 16.01, 'reserved_GB': 18.15, 'host_total_GB': 1133.56, 'host_available_GB': 739.72, 'host_used_GB': 393.84, 'host_free_GB': 81.84}
[2026-08-15 15:27:12] reloadable_process_group.py:121 - Reloaded default WORLD process group with backend nccl (generation 936)
[2026-08-15 15:27:12] reloadable_process_group.py:331 - Reloading 57 process groups in pid 31657: {'nccl': 50, 'gloo': 7}
[2026-08-15 15:27:12] memory_utils.py:47 - [Rank 1] Memory-Usage after wake_up model: {'gpu': '1', 'total_GB': 94.97, 'free_GB': 72.8, 'used_GB': 22.18, 'allocated_GB': 16.01, 'reserved_GB': 18.15, 'host_total_GB': 1133.56, 'host_available_GB': 773.74, 'host_used_GB': 359.81, 'host_free_GB': 115.86}
[2026-08-15 15:27:24] memory_utils.py:47 - [Rank 1] Memory-Usage before offload model: {'gpu': '1', 'total_GB': 94.97, 'free_GB': 71.99, 'used_GB': 22.98, 'allocated_GB': 16.01, 'reserved_GB': 18.15, 'host_total_GB': 1133.56, 'host_available_GB': 773.22, 'host_used_GB': 360.34, 'host_free_GB': 115.34}
[2026-08-15 15:27:26] reloadable_process_group.py:100 - Destroyed default nccl WORLD process group and initialized a temporary Gloo WORLD (generation 937)
[2026-08-15 15:27:31] memory_utils.py:47 - [Rank 1] Memory-Usage after offload model: {'gpu': '1', 'total_GB': 94.97, 'free_GB': 90.93, 'used_GB': 4.04, 'allocated_GB': 16.01, 'reserved_GB': 18.15, 'host_total_GB': 1133.56, 'host_available_GB': 740.57, 'host_used_GB': 392.99, 'host_free_GB': 82.69}
[2026-08-15 15:27:32] reloadable_process_group.py:121 - Reloaded default WORLD process group with backend nccl (generation 938)
[2026-08-15 15:27:32] reloadable_process_group.py:331 - Reloading 57 process groups in pid 31657: {'nccl': 50, 'gloo': 7}
[2026-08-15 15:27:32] memory_utils.py:47 - [Rank 1] Memory-Usage before update_weights: {'gpu': '1', 'total_GB': 94.97, 'free_GB': 87.65, 'used_GB': 7.32, 'allocated_GB': 16.01, 'reserved_GB': 18.15, 'host_total_GB': 1133.56, 'host_available_GB': 739.66, 'host_used_GB': 393.9, 'host_free_GB': 81.78}
[2026-08-15 15:27:32] memory_utils.py:47 - [Rank 1] Memory-Usage after update_weights: {'gpu': '1', 'total_GB': 94.97, 'free_GB': 87.67, 'used_GB': 7.3, 'allocated_GB': 16.01, 'reserved_GB': 18.15, 'host_total_GB': 1133.56, 'host_available_GB': 739.64, 'host_used_GB': 393.92, 'host_free_GB': 81.76}
[2026-08-15 15:27:32] reloadable_process_group.py:100 - Destroyed default nccl WORLD process group and initialized a temporary Gloo WORLD (generation 939)
[2026-08-15 15:28:51] memory_utils.py:47 - [Rank 1] Memory-Usage before wake_up model: {'gpu': '1', 'total_GB': 94.97, 'free_GB': 90.93, 'used_GB': 4.04, 'allocated_GB': 16.01, 'reserved_GB': 18.15, 'host_total_GB': 1133.56, 'host_available_GB': 739.31, 'host_used_GB': 394.24, 'host_free_GB': 80.46}
[2026-08-15 15:28:54] reloadable_process_group.py:121 - Reloaded default WORLD process group with backend nccl (generation 940)
[2026-08-15 15:28:54] reloadable_process_group.py:331 - Reloading 57 process groups in pid 31657: {'nccl': 50, 'gloo': 7}
[2026-08-15 15:28:54] memory_utils.py:47 - [Rank 1] Memory-Usage after wake_up model: {'gpu': '1', 'total_GB': 94.97, 'free_GB': 72.8, 'used_GB': 22.18, 'allocated_GB': 16.01, 'reserved_GB': 18.15, 'host_total_GB': 1133.56, 'host_available_GB': 773.08, 'host_used_GB': 360.48, 'host_free_GB': 113.8}
[2026-08-15 15:29:01] memory_utils.py:47 - [Rank 1] Memory-Usage before offload model: {'gpu': '1', 'total_GB': 94.97, 'free_GB': 71.99, 'used_GB': 22.98, 'allocated_GB': 16.01, 'reserved_GB': 18.15, 'host_total_GB': 1133.56, 'host_available_GB': 772.77, 'host_used_GB': 360.78, 'host_free_GB': 113.41}
[2026-08-15 15:29:02] reloadable_process_group.py:100 - Destroyed default nccl WORLD process group and initialized a temporary Gloo WORLD (generation 941)
[2026-08-15 15:29:08] memory_utils.py:47 - [Rank 1] Memory-Usage after offload model: {'gpu': '1', 'total_GB': 94.97, 'free_GB': 90.93, 'used_GB': 4.04, 'allocated_GB': 16.01, 'reserved_GB': 18.15, 'host_total_GB': 1133.56, 'host_available_GB': 739.65, 'host_used_GB': 393.91, 'host_free_GB': 79.18}
[2026-08-15 15:29:08] reloadable_process_group.py:121 - Reloaded default WORLD process group with backend nccl (generation 942)
[2026-08-15 15:29:08] reloadable_process_group.py:331 - Reloading 57 process groups in pid 31657: {'nccl': 50, 'gloo': 7}
[2026-08-15 15:29:08] memory_utils.py:47 - [Rank 1] Memory-Usage before update_weights: {'gpu': '1', 'total_GB': 94.97, 'free_GB': 87.65, 'used_GB': 7.32, 'allocated_GB': 16.01, 'reserved_GB': 18.15, 'host_total_GB': 1133.56, 'host_available_GB': 738.78, 'host_used_GB': 394.78, 'host_free_GB': 78.21}
[2026-08-15 15:29:09] memory_utils.py:47 - [Rank 1] Memory-Usage after update_weights: {'gpu': '1', 'total_GB': 94.97, 'free_GB': 87.67, 'used_GB': 7.3, 'allocated_GB': 16.01, 'reserved_GB': 18.15, 'host_total_GB': 1133.56, 'host_available_GB': 738.86, 'host_used_GB': 394.7, 'host_free_GB': 78.29}
[2026-08-15 15:29:09] reloadable_process_group.py:100 - Destroyed default nccl WORLD process group and initialized a temporary Gloo WORLD (generation 943)
[2026-08-15 15:30:28] memory_utils.py:47 - [Rank 1] Memory-Usage before wake_up model: {'gpu': '1', 'total_GB': 94.97, 'free_GB': 90.93, 'used_GB': 4.04, 'allocated_GB': 16.01, 'reserved_GB': 18.15, 'host_total_GB': 1133.56, 'host_available_GB': 739.86, 'host_used_GB': 393.69, 'host_free_GB': 81.95}
[2026-08-15 15:30:31] reloadable_process_group.py:121 - Reloaded default WORLD process group with backend nccl (generation 944)
[2026-08-15 15:30:31] reloadable_process_group.py:331 - Reloading 57 process groups in pid 31657: {'nccl': 50, 'gloo': 7}
[2026-08-15 15:30:31] memory_utils.py:47 - [Rank 1] Memory-Usage after wake_up model: {'gpu': '1', 'total_GB': 94.97, 'free_GB': 72.8, 'used_GB': 22.18, 'allocated_GB': 16.01, 'reserved_GB': 18.15, 'host_total_GB': 1133.56, 'host_available_GB': 773.88, 'host_used_GB': 359.68, 'host_free_GB': 115.97}
[2026-08-15 15:30:38] memory_utils.py:47 - [Rank 1] Memory-Usage before offload model: {'gpu': '1', 'total_GB': 94.97, 'free_GB': 71.99, 'used_GB': 22.98, 'allocated_GB': 16.01, 'reserved_GB': 18.15, 'host_total_GB': 1133.56, 'host_available_GB': 773.39, 'host_used_GB': 360.17, 'host_free_GB': 115.48}
[2026-08-15 15:30:39] reloadable_process_group.py:100 - Destroyed default nccl WORLD process group and initialized a temporary Gloo WORLD (generation 945)
[2026-08-15 15:30:44] memory_utils.py:47 - [Rank 1] Memory-Usage after offload model: {'gpu': '1', 'total_GB': 94.97, 'free_GB': 90.93, 'used_GB': 4.04, 'allocated_GB': 16.01, 'reserved_GB': 18.15, 'host_total_GB': 1133.56, 'host_available_GB': 740.82, 'host_used_GB': 392.74, 'host_free_GB': 82.91}
[2026-08-15 15:30:45] reloadable_process_group.py:121 - Reloaded default WORLD process group with backend nccl (generation 946)
[2026-08-15 15:30:45] reloadable_process_group.py:331 - Reloading 57 process groups in pid 31657: {'nccl': 50, 'gloo': 7}
[2026-08-15 15:30:45] memory_utils.py:47 - [Rank 1] Memory-Usage before update_weights: {'gpu': '1', 'total_GB': 94.97, 'free_GB': 87.65, 'used_GB': 7.32, 'allocated_GB': 16.01, 'reserved_GB': 18.15, 'host_total_GB': 1133.56, 'host_available_GB': 739.79, 'host_used_GB': 393.76, 'host_free_GB': 81.89}
[2026-08-15 15:30:46] memory_utils.py:47 - [Rank 1] Memory-Usage after update_weights: {'gpu': '1', 'total_GB': 94.97, 'free_GB': 87.67, 'used_GB': 7.3, 'allocated_GB': 16.01, 'reserved_GB': 18.15, 'host_total_GB': 1133.56, 'host_available_GB': 739.81, 'host_used_GB': 393.75, 'host_free_GB': 81.9}
[2026-08-15 15:30:46] reloadable_process_group.py:100 - Destroyed default nccl WORLD process group and initialized a temporary Gloo WORLD (generation 947)
[2026-08-15 15:32:06] memory_utils.py:47 - [Rank 1] Memory-Usage before wake_up model: {'gpu': '1', 'total_GB': 94.97, 'free_GB': 90.93, 'used_GB': 4.04, 'allocated_GB': 16.01, 'reserved_GB': 18.15, 'host_total_GB': 1133.56, 'host_available_GB': 739.95, 'host_used_GB': 393.61, 'host_free_GB': 82.03}
[2026-08-15 15:32:10] reloadable_process_group.py:121 - Reloaded default WORLD process group with backend nccl (generation 948)
[2026-08-15 15:32:10] reloadable_process_group.py:331 - Reloading 57 process groups in pid 31657: {'nccl': 50, 'gloo': 7}
[2026-08-15 15:32:10] memory_utils.py:47 - [Rank 1] Memory-Usage after wake_up model: {'gpu': '1', 'total_GB': 94.97, 'free_GB': 72.8, 'used_GB': 22.18, 'allocated_GB': 16.01, 'reserved_GB': 18.15, 'host_total_GB': 1133.56, 'host_available_GB': 773.97, 'host_used_GB': 359.59, 'host_free_GB': 116.05}
[2026-08-15 15:32:17] memory_utils.py:47 - [Rank 1] Memory-Usage before offload model: {'gpu': '1', 'total_GB': 94.97, 'free_GB': 71.99, 'used_GB': 22.98, 'allocated_GB': 16.01, 'reserved_GB': 18.15, 'host_total_GB': 1133.56, 'host_available_GB': 773.48, 'host_used_GB': 360.08, 'host_free_GB': 115.56}
[2026-08-15 15:32:18] reloadable_process_group.py:100 - Destroyed default nccl WORLD process group and initialized a temporary Gloo WORLD (generation 949)
[2026-08-15 15:32:24] memory_utils.py:47 - [Rank 1] Memory-Usage after offload model: {'gpu': '1', 'total_GB': 94.97, 'free_GB': 90.93, 'used_GB': 4.04, 'allocated_GB': 16.01, 'reserved_GB': 18.15, 'host_total_GB': 1133.56, 'host_available_GB': 740.96, 'host_used_GB': 392.6, 'host_free_GB': 83.04}
[2026-08-15 15:32:24] reloadable_process_group.py:121 - Reloaded default WORLD process group with backend nccl (generation 950)
[2026-08-15 15:32:24] reloadable_process_group.py:331 - Reloading 57 process groups in pid 31657: {'nccl': 50, 'gloo': 7}
[2026-08-15 15:32:24] memory_utils.py:47 - [Rank 1] Memory-Usage before update_weights: {'gpu': '1', 'total_GB': 94.97, 'free_GB': 87.65, 'used_GB': 7.32, 'allocated_GB': 16.01, 'reserved_GB': 18.15, 'host_total_GB': 1133.56, 'host_available_GB': 739.88, 'host_used_GB': 393.68, 'host_free_GB': 81.96}
[2026-08-15 15:32:26] memory_utils.py:47 - [Rank 1] Memory-Usage after update_weights: {'gpu': '1', 'total_GB': 94.97, 'free_GB': 87.67, 'used_GB': 7.3, 'allocated_GB': 16.01, 'reserved_GB': 18.15, 'host_total_GB': 1133.56, 'host_available_GB': 739.89, 'host_used_GB': 393.67, 'host_free_GB': 81.97}
[2026-08-15 15:32:26] reloadable_process_group.py:100 - Destroyed default nccl WORLD process group and initialized a temporary Gloo WORLD (generation 951)
[2026-08-15 15:33:45] memory_utils.py:47 - [Rank 1] Memory-Usage before wake_up model: {'gpu': '1', 'total_GB': 94.97, 'free_GB': 90.93, 'used_GB': 4.04, 'allocated_GB': 16.01, 'reserved_GB': 18.15, 'host_total_GB': 1133.56, 'host_available_GB': 740.03, 'host_used_GB': 393.53, 'host_free_GB': 82.1}
[2026-08-15 15:33:48] reloadable_process_group.py:121 - Reloaded default WORLD process group with backend nccl (generation 952)
[2026-08-15 15:33:48] reloadable_process_group.py:331 - Reloading 57 process groups in pid 31657: {'nccl': 50, 'gloo': 7}
[2026-08-15 15:33:49] memory_utils.py:47 - [Rank 1] Memory-Usage after wake_up model: {'gpu': '1', 'total_GB': 94.97, 'free_GB': 72.8, 'used_GB': 22.18, 'allocated_GB': 16.01, 'reserved_GB': 18.15, 'host_total_GB': 1133.56, 'host_available_GB': 774.05, 'host_used_GB': 359.5, 'host_free_GB': 116.13}
[2026-08-15 15:34:00] memory_utils.py:47 - [Rank 1] Memory-Usage before offload model: {'gpu': '1', 'total_GB': 94.97, 'free_GB': 71.99, 'used_GB': 22.98, 'allocated_GB': 16.01, 'reserved_GB': 18.15, 'host_total_GB': 1133.56, 'host_available_GB': 773.56, 'host_used_GB': 360.0, 'host_free_GB': 115.63}
[2026-08-15 15:34:01] reloadable_process_group.py:100 - Destroyed default nccl WORLD process group and initialized a temporary Gloo WORLD (generation 953)
[2026-08-15 15:34:06] memory_utils.py:47 - [Rank 1] Memory-Usage after offload model: {'gpu': '1', 'total_GB': 94.97, 'free_GB': 90.93, 'used_GB': 4.04, 'allocated_GB': 16.01, 'reserved_GB': 18.15, 'host_total_GB': 1133.56, 'host_available_GB': 741.01, 'host_used_GB': 392.55, 'host_free_GB': 83.08}
[2026-08-15 15:34:07] reloadable_process_group.py:121 - Reloaded default WORLD process group with backend nccl (generation 954)
[2026-08-15 15:34:07] reloadable_process_group.py:331 - Reloading 57 process groups in pid 31657: {'nccl': 50, 'gloo': 7}
[2026-08-15 15:34:07] memory_utils.py:47 - [Rank 1] Memory-Usage before update_weights: {'gpu': '1', 'total_GB': 94.97, 'free_GB': 87.65, 'used_GB': 7.32, 'allocated_GB': 16.01, 'reserved_GB': 18.15, 'host_total_GB': 1133.56, 'host_available_GB': 740.01, 'host_used_GB': 393.55, 'host_free_GB': 82.08}
[2026-08-15 15:34:08] memory_utils.py:47 - [Rank 1] Memory-Usage after update_weights: {'gpu': '1', 'total_GB': 94.97, 'free_GB': 87.67, 'used_GB': 7.3, 'allocated_GB': 16.01, 'reserved_GB': 18.15, 'host_total_GB': 1133.56, 'host_available_GB': 740.02, 'host_used_GB': 393.54, 'host_free_GB': 82.09}
[2026-08-15 15:34:08] reloadable_process_group.py:100 - Destroyed default nccl WORLD process group and initialized a temporary Gloo WORLD (generation 955)
[2026-08-15 15:35:27] memory_utils.py:47 - [Rank 1] Memory-Usage before wake_up model: {'gpu': '1', 'total_GB': 94.97, 'free_GB': 90.93, 'used_GB': 4.04, 'allocated_GB': 16.01, 'reserved_GB': 18.15, 'host_total_GB': 1133.56, 'host_available_GB': 740.02, 'host_used_GB': 393.54, 'host_free_GB': 82.08}
[2026-08-15 15:35:30] reloadable_process_group.py:121 - Reloaded default WORLD process group with backend nccl (generation 956)
[2026-08-15 15:35:30] reloadable_process_group.py:331 - Reloading 57 process groups in pid 31657: {'nccl': 50, 'gloo': 7}
[2026-08-15 15:35:30] memory_utils.py:47 - [Rank 1] Memory-Usage after wake_up model: {'gpu': '1', 'total_GB': 94.97, 'free_GB': 72.8, 'used_GB': 22.18, 'allocated_GB': 16.01, 'reserved_GB': 18.15, 'host_total_GB': 1133.56, 'host_available_GB': 774.02, 'host_used_GB': 359.54, 'host_free_GB': 116.08}
[2026-08-15 15:35:37] memory_utils.py:47 - [Rank 1] Memory-Usage before offload model: {'gpu': '1', 'total_GB': 94.97, 'free_GB': 71.99, 'used_GB': 22.98, 'allocated_GB': 16.01, 'reserved_GB': 18.15, 'host_total_GB': 1133.56, 'host_available_GB': 773.5, 'host_used_GB': 360.06, 'host_free_GB': 115.56}
[2026-08-15 15:35:38] reloadable_process_group.py:100 - Destroyed default nccl WORLD process group and initialized a temporary Gloo WORLD (generation 957)
[2026-08-15 15:35:44] memory_utils.py:47 - [Rank 1] Memory-Usage after offload model: {'gpu': '1', 'total_GB': 94.97, 'free_GB': 90.93, 'used_GB': 4.04, 'allocated_GB': 16.01, 'reserved_GB': 18.15, 'host_total_GB': 1133.56, 'host_available_GB': 740.76, 'host_used_GB': 392.8, 'host_free_GB': 82.82}
[2026-08-15 15:35:45] reloadable_process_group.py:121 - Reloaded default WORLD process group with backend nccl (generation 958)
[2026-08-15 15:35:45] reloadable_process_group.py:331 - Reloading 57 process groups in pid 31657: {'nccl': 50, 'gloo': 7}
[2026-08-15 15:35:45] memory_utils.py:47 - [Rank 1] Memory-Usage before update_weights: {'gpu': '1', 'total_GB': 94.97, 'free_GB': 87.65, 'used_GB': 7.32, 'allocated_GB': 16.01, 'reserved_GB': 18.15, 'host_total_GB': 1133.56, 'host_available_GB': 739.94, 'host_used_GB': 393.61, 'host_free_GB': 82.0}
[2026-08-15 15:35:45] memory_utils.py:47 - [Rank 1] Memory-Usage after update_weights: {'gpu': '1', 'total_GB': 94.97, 'free_GB': 87.67, 'used_GB': 7.3, 'allocated_GB': 16.01, 'reserved_GB': 18.15, 'host_total_GB': 1133.56, 'host_available_GB': 739.94, 'host_used_GB': 393.62, 'host_free_GB': 82.0}
[2026-08-15 15:35:45] reloadable_process_group.py:100 - Destroyed default nccl WORLD process group and initialized a temporary Gloo WORLD (generation 959)
[2026-08-15 15:37:05] memory_utils.py:47 - [Rank 1] Memory-Usage before wake_up model: {'gpu': '1', 'total_GB': 94.97, 'free_GB': 90.93, 'used_GB': 4.04, 'allocated_GB': 16.01, 'reserved_GB': 18.15, 'host_total_GB': 1133.56, 'host_available_GB': 739.89, 'host_used_GB': 393.67, 'host_free_GB': 81.94}
[2026-08-15 15:37:08] reloadable_process_group.py:121 - Reloaded default WORLD process group with backend nccl (generation 960)
[2026-08-15 15:37:08] reloadable_process_group.py:331 - Reloading 57 process groups in pid 31657: {'nccl': 50, 'gloo': 7}
[2026-08-15 15:37:09] memory_utils.py:47 - [Rank 1] Memory-Usage after wake_up model: {'gpu': '1', 'total_GB': 94.97, 'free_GB': 72.79, 'used_GB': 22.18, 'allocated_GB': 16.01, 'reserved_GB': 18.15, 'host_total_GB': 1133.56, 'host_available_GB': 773.94, 'host_used_GB': 359.62, 'host_free_GB': 115.99}
[2026-08-15 15:37:15] memory_utils.py:47 - [Rank 1] Memory-Usage before offload model: {'gpu': '1', 'total_GB': 94.97, 'free_GB': 71.99, 'used_GB': 22.98, 'allocated_GB': 16.01, 'reserved_GB': 18.15, 'host_total_GB': 1133.56, 'host_available_GB': 773.45, 'host_used_GB': 360.11, 'host_free_GB': 115.5}
[2026-08-15 15:37:17] reloadable_process_group.py:100 - Destroyed default nccl WORLD process group and initialized a temporary Gloo WORLD (generation 961)
[2026-08-15 15:37:22] memory_utils.py:47 - [Rank 1] Memory-Usage after offload model: {'gpu': '1', 'total_GB': 94.97, 'free_GB': 90.93, 'used_GB': 4.04, 'allocated_GB': 16.01, 'reserved_GB': 18.15, 'host_total_GB': 1133.56, 'host_available_GB': 740.93, 'host_used_GB': 392.63, 'host_free_GB': 82.98}
[2026-08-15 15:37:23] reloadable_process_group.py:121 - Reloaded default WORLD process group with backend nccl (generation 962)
[2026-08-15 15:37:23] reloadable_process_group.py:331 - Reloading 57 process groups in pid 31657: {'nccl': 50, 'gloo': 7}
[2026-08-15 15:37:23] memory_utils.py:47 - [Rank 1] Memory-Usage before update_weights: {'gpu': '1', 'total_GB': 94.97, 'free_GB': 87.65, 'used_GB': 7.32, 'allocated_GB': 16.01, 'reserved_GB': 18.15, 'host_total_GB': 1133.56, 'host_available_GB': 739.89, 'host_used_GB': 393.67, 'host_free_GB': 81.94}
[2026-08-15 15:37:23] memory_utils.py:47 - [Rank 1] Memory-Usage after update_weights: {'gpu': '1', 'total_GB': 94.97, 'free_GB': 87.67, 'used_GB': 7.3, 'allocated_GB': 16.01, 'reserved_GB': 18.15, 'host_total_GB': 1133.56, 'host_available_GB': 739.89, 'host_used_GB': 393.66, 'host_free_GB': 81.94}
[2026-08-15 15:37:23] reloadable_process_group.py:100 - Destroyed default nccl WORLD process group and initialized a temporary Gloo WORLD (generation 963)
[2026-08-15 15:38:42] memory_utils.py:47 - [Rank 1] Memory-Usage before wake_up model: {'gpu': '1', 'total_GB': 94.97, 'free_GB': 90.93, 'used_GB': 4.04, 'allocated_GB': 16.01, 'reserved_GB': 18.15, 'host_total_GB': 1133.56, 'host_available_GB': 740.1, 'host_used_GB': 393.45, 'host_free_GB': 82.15}
[2026-08-15 15:38:45] reloadable_process_group.py:121 - Reloaded default WORLD process group with backend nccl (generation 964)
[2026-08-15 15:38:45] reloadable_process_group.py:331 - Reloading 57 process groups in pid 31657: {'nccl': 50, 'gloo': 7}
[2026-08-15 15:38:46] memory_utils.py:47 - [Rank 1] Memory-Usage after wake_up model: {'gpu': '1', 'total_GB': 94.97, 'free_GB': 72.79, 'used_GB': 22.18, 'allocated_GB': 16.01, 'reserved_GB': 18.15, 'host_total_GB': 1133.56, 'host_available_GB': 774.05, 'host_used_GB': 359.51, 'host_free_GB': 116.09}
[2026-08-15 15:38:53] memory_utils.py:47 - [Rank 1] Memory-Usage before offload model: {'gpu': '1', 'total_GB': 94.97, 'free_GB': 71.99, 'used_GB': 22.98, 'allocated_GB': 16.01, 'reserved_GB': 18.15, 'host_total_GB': 1133.56, 'host_available_GB': 773.53, 'host_used_GB': 360.03, 'host_free_GB': 115.57}
[2026-08-15 15:38:54] reloadable_process_group.py:100 - Destroyed default nccl WORLD process group and initialized a temporary Gloo WORLD (generation 965)
[2026-08-15 15:39:00] memory_utils.py:47 - [Rank 1] Memory-Usage after offload model: {'gpu': '1', 'total_GB': 94.97, 'free_GB': 90.93, 'used_GB': 4.04, 'allocated_GB': 16.01, 'reserved_GB': 18.15, 'host_total_GB': 1133.56, 'host_available_GB': 740.99, 'host_used_GB': 392.57, 'host_free_GB': 83.02}
[2026-08-15 15:39:00] reloadable_process_group.py:121 - Reloaded default WORLD process group with backend nccl (generation 966)
[2026-08-15 15:39:00] reloadable_process_group.py:331 - Reloading 57 process groups in pid 31657: {'nccl': 50, 'gloo': 7}
[2026-08-15 15:39:00] memory_utils.py:47 - [Rank 1] Memory-Usage before update_weights: {'gpu': '1', 'total_GB': 94.97, 'free_GB': 87.65, 'used_GB': 7.32, 'allocated_GB': 16.01, 'reserved_GB': 18.15, 'host_total_GB': 1133.56, 'host_available_GB': 739.82, 'host_used_GB': 393.74, 'host_free_GB': 81.86}
[2026-08-15 15:39:01] memory_utils.py:47 - [Rank 1] Memory-Usage after update_weights: {'gpu': '1', 'total_GB': 94.97, 'free_GB': 87.67, 'used_GB': 7.3, 'allocated_GB': 16.01, 'reserved_GB': 18.15, 'host_total_GB': 1133.56, 'host_available_GB': 739.74, 'host_used_GB': 393.82, 'host_free_GB': 81.78}
[2026-08-15 15:39:01] reloadable_process_group.py:100 - Destroyed default nccl WORLD process group and initialized a temporary Gloo WORLD (generation 967)
[2026-08-15 15:40:20] memory_utils.py:47 - [Rank 1] Memory-Usage before wake_up model: {'gpu': '1', 'total_GB': 94.97, 'free_GB': 90.93, 'used_GB': 4.04, 'allocated_GB': 16.01, 'reserved_GB': 18.15, 'host_total_GB': 1133.56, 'host_available_GB': 740.07, 'host_used_GB': 393.48, 'host_free_GB': 82.1}
[2026-08-15 15:40:24] reloadable_process_group.py:121 - Reloaded default WORLD process group with backend nccl (generation 968)
[2026-08-15 15:40:24] reloadable_process_group.py:331 - Reloading 57 process groups in pid 31657: {'nccl': 50, 'gloo': 7}
[2026-08-15 15:40:24] memory_utils.py:47 - [Rank 1] Memory-Usage after wake_up model: {'gpu': '1', 'total_GB': 94.97, 'free_GB': 72.79, 'used_GB': 22.18, 'allocated_GB': 16.01, 'reserved_GB': 18.15, 'host_total_GB': 1133.56, 'host_available_GB': 774.06, 'host_used_GB': 359.5, 'host_free_GB': 116.09}
[2026-08-15 15:40:35] memory_utils.py:47 - [Rank 1] Memory-Usage before offload model: {'gpu': '1', 'total_GB': 94.97, 'free_GB': 71.99, 'used_GB': 22.98, 'allocated_GB': 16.01, 'reserved_GB': 18.15, 'host_total_GB': 1133.56, 'host_available_GB': 773.52, 'host_used_GB': 360.04, 'host_free_GB': 115.55}
[2026-08-15 15:40:36] reloadable_process_group.py:100 - Destroyed default nccl WORLD process group and initialized a temporary Gloo WORLD (generation 969)
[2026-08-15 15:40:41] memory_utils.py:47 - [Rank 1] Memory-Usage after offload model: {'gpu': '1', 'total_GB': 94.97, 'free_GB': 90.93, 'used_GB': 4.04, 'allocated_GB': 16.01, 'reserved_GB': 18.15, 'host_total_GB': 1133.56, 'host_available_GB': 740.93, 'host_used_GB': 392.63, 'host_free_GB': 82.96}
[2026-08-15 15:40:42] reloadable_process_group.py:121 - Reloaded default WORLD process group with backend nccl (generation 970)
[2026-08-15 15:40:42] reloadable_process_group.py:331 - Reloading 57 process groups in pid 31657: {'nccl': 50, 'gloo': 7}
[2026-08-15 15:40:42] memory_utils.py:47 - [Rank 1] Memory-Usage before update_weights: {'gpu': '1', 'total_GB': 94.97, 'free_GB': 87.65, 'used_GB': 7.32, 'allocated_GB': 16.01, 'reserved_GB': 18.15, 'host_total_GB': 1133.56, 'host_available_GB': 740.0, 'host_used_GB': 393.56, 'host_free_GB': 82.03}
[2026-08-15 15:40:42] memory_utils.py:47 - [Rank 1] Memory-Usage after update_weights: {'gpu': '1', 'total_GB': 94.97, 'free_GB': 87.67, 'used_GB': 7.3, 'allocated_GB': 16.01, 'reserved_GB': 18.15, 'host_total_GB': 1133.56, 'host_available_GB': 740.02, 'host_used_GB': 393.54, 'host_free_GB': 82.04}
[2026-08-15 15:40:43] reloadable_process_group.py:100 - Destroyed default nccl WORLD process group and initialized a temporary Gloo WORLD (generation 971)
[2026-08-15 15:42:03] memory_utils.py:47 - [Rank 1] Memory-Usage before wake_up model: {'gpu': '1', 'total_GB': 94.97, 'free_GB': 90.93, 'used_GB': 4.04, 'allocated_GB': 16.01, 'reserved_GB': 18.15, 'host_total_GB': 1133.56, 'host_available_GB': 739.94, 'host_used_GB': 393.62, 'host_free_GB': 81.96}
[2026-08-15 15:42:06] reloadable_process_group.py:121 - Reloaded default WORLD process group with backend nccl (generation 972)
[2026-08-15 15:42:06] reloadable_process_group.py:331 - Reloading 57 process groups in pid 31657: {'nccl': 50, 'gloo': 7}
[2026-08-15 15:42:06] memory_utils.py:47 - [Rank 1] Memory-Usage after wake_up model: {'gpu': '1', 'total_GB': 94.97, 'free_GB': 72.79, 'used_GB': 22.18, 'allocated_GB': 16.01, 'reserved_GB': 18.15, 'host_total_GB': 1133.56, 'host_available_GB': 773.96, 'host_used_GB': 359.6, 'host_free_GB': 115.98}
[2026-08-15 15:42:13] memory_utils.py:47 - [Rank 1] Memory-Usage before offload model: {'gpu': '1', 'total_GB': 94.97, 'free_GB': 71.99, 'used_GB': 22.98, 'allocated_GB': 16.01, 'reserved_GB': 18.15, 'host_total_GB': 1133.56, 'host_available_GB': 773.43, 'host_used_GB': 360.13, 'host_free_GB': 115.45}
[2026-08-15 15:42:14] reloadable_process_group.py:100 - Destroyed default nccl WORLD process group and initialized a temporary Gloo WORLD (generation 973)
[2026-08-15 15:42:20] memory_utils.py:47 - [Rank 1] Memory-Usage after offload model: {'gpu': '1', 'total_GB': 94.97, 'free_GB': 90.93, 'used_GB': 4.04, 'allocated_GB': 16.01, 'reserved_GB': 18.15, 'host_total_GB': 1133.56, 'host_available_GB': 740.86, 'host_used_GB': 392.7, 'host_free_GB': 82.88}
[2026-08-15 15:42:20] reloadable_process_group.py:121 - Reloaded default WORLD process group with backend nccl (generation 974)
[2026-08-15 15:42:20] reloadable_process_group.py:331 - Reloading 57 process groups in pid 31657: {'nccl': 50, 'gloo': 7}
[2026-08-15 15:42:20] memory_utils.py:47 - [Rank 1] Memory-Usage before update_weights: {'gpu': '1', 'total_GB': 94.97, 'free_GB': 87.65, 'used_GB': 7.32, 'allocated_GB': 16.01, 'reserved_GB': 18.15, 'host_total_GB': 1133.56, 'host_available_GB': 739.85, 'host_used_GB': 393.71, 'host_free_GB': 81.87}
[2026-08-15 15:42:21] memory_utils.py:47 - [Rank 1] Memory-Usage after update_weights: {'gpu': '1', 'total_GB': 94.97, 'free_GB': 87.67, 'used_GB': 7.3, 'allocated_GB': 16.01, 'reserved_GB': 18.15, 'host_total_GB': 1133.56, 'host_available_GB': 739.87, 'host_used_GB': 393.69, 'host_free_GB': 81.89}
[2026-08-15 15:42:21] reloadable_process_group.py:100 - Destroyed default nccl WORLD process group and initialized a temporary Gloo WORLD (generation 975)
[2026-08-15 15:43:39] memory_utils.py:47 - [Rank 1] Memory-Usage before wake_up model: {'gpu': '1', 'total_GB': 94.97, 'free_GB': 90.93, 'used_GB': 4.04, 'allocated_GB': 16.01, 'reserved_GB': 18.15, 'host_total_GB': 1133.56, 'host_available_GB': 739.16, 'host_used_GB': 394.4, 'host_free_GB': 79.77}
[2026-08-15 15:43:43] reloadable_process_group.py:121 - Reloaded default WORLD process group with backend nccl (generation 976)
[2026-08-15 15:43:43] reloadable_process_group.py:331 - Reloading 57 process groups in pid 31657: {'nccl': 50, 'gloo': 7}
[2026-08-15 15:43:43] memory_utils.py:47 - [Rank 1] Memory-Usage after wake_up model: {'gpu': '1', 'total_GB': 94.97, 'free_GB': 72.79, 'used_GB': 22.18, 'allocated_GB': 16.01, 'reserved_GB': 18.15, 'host_total_GB': 1133.56, 'host_available_GB': 773.24, 'host_used_GB': 360.32, 'host_free_GB': 113.72}
[2026-08-15 15:43:50] memory_utils.py:47 - [Rank 1] Memory-Usage before offload model: {'gpu': '1', 'total_GB': 94.97, 'free_GB': 71.99, 'used_GB': 22.98, 'allocated_GB': 16.01, 'reserved_GB': 18.15, 'host_total_GB': 1133.56, 'host_available_GB': 772.21, 'host_used_GB': 361.34, 'host_free_GB': 111.55}
[2026-08-15 15:43:51] reloadable_process_group.py:100 - Destroyed default nccl WORLD process group and initialized a temporary Gloo WORLD (generation 977)
[2026-08-15 15:43:56] memory_utils.py:47 - [Rank 1] Memory-Usage after offload model: {'gpu': '1', 'total_GB': 94.97, 'free_GB': 90.93, 'used_GB': 4.04, 'allocated_GB': 16.01, 'reserved_GB': 18.15, 'host_total_GB': 1133.56, 'host_available_GB': 740.2, 'host_used_GB': 393.35, 'host_free_GB': 82.2}
[2026-08-15 15:43:57] reloadable_process_group.py:121 - Reloaded default WORLD process group with backend nccl (generation 978)
[2026-08-15 15:43:57] reloadable_process_group.py:331 - Reloading 57 process groups in pid 31657: {'nccl': 50, 'gloo': 7}
[2026-08-15 15:43:57] memory_utils.py:47 - [Rank 1] Memory-Usage before update_weights: {'gpu': '1', 'total_GB': 94.97, 'free_GB': 87.65, 'used_GB': 7.32, 'allocated_GB': 16.01, 'reserved_GB': 18.15, 'host_total_GB': 1133.56, 'host_available_GB': 738.99, 'host_used_GB': 394.57, 'host_free_GB': 80.99}
[2026-08-15 15:43:58] memory_utils.py:47 - [Rank 1] Memory-Usage after update_weights: {'gpu': '1', 'total_GB': 94.97, 'free_GB': 87.67, 'used_GB': 7.3, 'allocated_GB': 16.01, 'reserved_GB': 18.15, 'host_total_GB': 1133.56, 'host_available_GB': 739.03, 'host_used_GB': 394.53, 'host_free_GB': 81.03}
[2026-08-15 15:43:58] reloadable_process_group.py:100 - Destroyed default nccl WORLD process group and initialized a temporary Gloo WORLD (generation 979)
[2026-08-15 15:45:17] memory_utils.py:47 - [Rank 1] Memory-Usage before wake_up model: {'gpu': '1', 'total_GB': 94.97, 'free_GB': 90.93, 'used_GB': 4.04, 'allocated_GB': 16.01, 'reserved_GB': 18.15, 'host_total_GB': 1133.56, 'host_available_GB': 739.84, 'host_used_GB': 393.72, 'host_free_GB': 81.84}
[2026-08-15 15:45:20] reloadable_process_group.py:121 - Reloaded default WORLD process group with backend nccl (generation 980)
[2026-08-15 15:45:20] reloadable_process_group.py:331 - Reloading 57 process groups in pid 31657: {'nccl': 50, 'gloo': 7}
[2026-08-15 15:45:20] memory_utils.py:47 - [Rank 1] Memory-Usage after wake_up model: {'gpu': '1', 'total_GB': 94.97, 'free_GB': 72.79, 'used_GB': 22.18, 'allocated_GB': 16.01, 'reserved_GB': 18.15, 'host_total_GB': 1133.56, 'host_available_GB': 773.89, 'host_used_GB': 359.67, 'host_free_GB': 115.88}
[2026-08-15 15:45:28] memory_utils.py:47 - [Rank 1] Memory-Usage before offload model: {'gpu': '1', 'total_GB': 94.97, 'free_GB': 71.98, 'used_GB': 22.99, 'allocated_GB': 16.01, 'reserved_GB': 18.15, 'host_total_GB': 1133.56, 'host_available_GB': 773.36, 'host_used_GB': 360.2, 'host_free_GB': 115.35}
[2026-08-15 15:45:29] reloadable_process_group.py:100 - Destroyed default nccl WORLD process group and initialized a temporary Gloo WORLD (generation 981)
[2026-08-15 15:45:35] memory_utils.py:47 - [Rank 1] Memory-Usage after offload model: {'gpu': '1', 'total_GB': 94.97, 'free_GB': 90.93, 'used_GB': 4.04, 'allocated_GB': 16.01, 'reserved_GB': 18.15, 'host_total_GB': 1133.56, 'host_available_GB': 740.79, 'host_used_GB': 392.77, 'host_free_GB': 82.78}
[2026-08-15 15:45:35] reloadable_process_group.py:121 - Reloaded default WORLD process group with backend nccl (generation 982)
[2026-08-15 15:45:35] reloadable_process_group.py:331 - Reloading 57 process groups in pid 31657: {'nccl': 50, 'gloo': 7}
[2026-08-15 15:45:36] memory_utils.py:47 - [Rank 1] Memory-Usage before update_weights: {'gpu': '1', 'total_GB': 94.97, 'free_GB': 87.65, 'used_GB': 7.32, 'allocated_GB': 16.01, 'reserved_GB': 18.15, 'host_total_GB': 1133.56, 'host_available_GB': 739.77, 'host_used_GB': 393.79, 'host_free_GB': 81.76}
[2026-08-15 15:45:36] memory_utils.py:47 - [Rank 1] Memory-Usage after update_weights: {'gpu': '1', 'total_GB': 94.97, 'free_GB': 87.67, 'used_GB': 7.3, 'allocated_GB': 16.01, 'reserved_GB': 18.15, 'host_total_GB': 1133.56, 'host_available_GB': 739.78, 'host_used_GB': 393.78, 'host_free_GB': 81.77}
[2026-08-15 15:45:36] reloadable_process_group.py:100 - Destroyed default nccl WORLD process group and initialized a temporary Gloo WORLD (generation 983)
[2026-08-15 15:46:53] memory_utils.py:47 - [Rank 1] Memory-Usage before wake_up model: {'gpu': '1', 'total_GB': 94.97, 'free_GB': 90.93, 'used_GB': 4.04, 'allocated_GB': 16.01, 'reserved_GB': 18.15, 'host_total_GB': 1133.56, 'host_available_GB': 739.96, 'host_used_GB': 393.6, 'host_free_GB': 81.95}
[2026-08-15 15:46:56] reloadable_process_group.py:121 - Reloaded default WORLD process group with backend nccl (generation 984)
[2026-08-15 15:46:56] reloadable_process_group.py:331 - Reloading 57 process groups in pid 31657: {'nccl': 50, 'gloo': 7}
[2026-08-15 15:46:57] memory_utils.py:47 - [Rank 1] Memory-Usage after wake_up model: {'gpu': '1', 'total_GB': 94.97, 'free_GB': 72.79, 'used_GB': 22.18, 'allocated_GB': 16.01, 'reserved_GB': 18.15, 'host_total_GB': 1133.56, 'host_available_GB': 774.0, 'host_used_GB': 359.55, 'host_free_GB': 115.99}
[2026-08-15 15:47:07] memory_utils.py:47 - [Rank 1] Memory-Usage before offload model: {'gpu': '1', 'total_GB': 94.97, 'free_GB': 71.98, 'used_GB': 22.99, 'allocated_GB': 16.01, 'reserved_GB': 18.15, 'host_total_GB': 1133.56, 'host_available_GB': 773.42, 'host_used_GB': 360.14, 'host_free_GB': 115.4}
[2026-08-15 15:47:09] reloadable_process_group.py:100 - Destroyed default nccl WORLD process group and initialized a temporary Gloo WORLD (generation 985)
[2026-08-15 15:47:14] memory_utils.py:47 - [Rank 1] Memory-Usage after offload model: {'gpu': '1', 'total_GB': 94.97, 'free_GB': 90.93, 'used_GB': 4.04, 'allocated_GB': 16.01, 'reserved_GB': 18.15, 'host_total_GB': 1133.56, 'host_available_GB': 740.87, 'host_used_GB': 392.69, 'host_free_GB': 82.85}
[2026-08-15 15:47:15] memory_utils.py:47 - [Rank 1] Memory-Usage before wake_up model: {'gpu': '1', 'total_GB': 94.97, 'free_GB': 90.93, 'used_GB': 4.04, 'allocated_GB': 16.01, 'reserved_GB': 18.15, 'host_total_GB': 1133.56, 'host_available_GB': 739.85, 'host_used_GB': 393.71, 'host_free_GB': 81.83}
[2026-08-15 15:47:18] reloadable_process_group.py:121 - Reloaded default WORLD process group with backend nccl (generation 986)
[2026-08-15 15:47:18] reloadable_process_group.py:331 - Reloading 57 process groups in pid 31657: {'nccl': 50, 'gloo': 7}
[2026-08-15 15:47:19] memory_utils.py:47 - [Rank 1] Memory-Usage after wake_up model: {'gpu': '1', 'total_GB': 94.97, 'free_GB': 72.79, 'used_GB': 22.18, 'allocated_GB': 16.01, 'reserved_GB': 18.15, 'host_total_GB': 1133.56, 'host_available_GB': 769.64, 'host_used_GB': 363.92, 'host_free_GB': 111.62}
[2026-08-15 15:47:19] utils.py:972 - make_tp_sharded_tensor_for_checkpoint received extra kwargs: ['allow_shape_mismatch']
[2026-08-15 15:47:19] validation.py:397 - Rank 1 common state dict differs from rank 0 common state dict. Keys only on rank 0: [], Keys only on 1: [], Mismatched keys: [(('args',), <class 'argparse.Namespace'>, <class 'argparse.Namespace'>)]
[2026-08-15 15:51:49] memory_utils.py:47 - [Rank 1] Memory-Usage before offload model: {'gpu': '1', 'total_GB': 94.97, 'free_GB': 72.58, 'used_GB': 22.39, 'allocated_GB': 16.01, 'reserved_GB': 18.15, 'host_total_GB': 1133.56, 'host_available_GB': 771.74, 'host_used_GB': 361.82, 'host_free_GB': 91.27}
[2026-08-15 15:51:50] reloadable_process_group.py:100 - Destroyed default nccl WORLD process group and initialized a temporary Gloo WORLD (generation 987)
[2026-08-15 15:51:55] memory_utils.py:47 - [Rank 1] Memory-Usage after offload model: {'gpu': '1', 'total_GB': 94.97, 'free_GB': 90.93, 'used_GB': 4.04, 'allocated_GB': 16.01, 'reserved_GB': 18.15, 'host_total_GB': 1133.56, 'host_available_GB': 740.82, 'host_used_GB': 392.74, 'host_free_GB': 60.35}
[2026-08-15 15:51:56] reloadable_process_group.py:121 - Reloaded default WORLD process group with backend nccl (generation 988)
[2026-08-15 15:51:56] reloadable_process_group.py:331 - Reloading 57 process groups in pid 31657: {'nccl': 50, 'gloo': 7}
[2026-08-15 15:51:56] memory_utils.py:47 - [Rank 1] Memory-Usage before update_weights: {'gpu': '1', 'total_GB': 94.97, 'free_GB': 87.65, 'used_GB': 7.32, 'allocated_GB': 16.01, 'reserved_GB': 18.15, 'host_total_GB': 1133.56, 'host_available_GB': 739.85, 'host_used_GB': 393.71, 'host_free_GB': 59.37}
[2026-08-15 15:51:56] memory_utils.py:47 - [Rank 1] Memory-Usage after update_weights: {'gpu': '1', 'total_GB': 94.97, 'free_GB': 87.67, 'used_GB': 7.3, 'allocated_GB': 16.01, 'reserved_GB': 18.15, 'host_total_GB': 1133.56, 'host_available_GB': 739.85, 'host_used_GB': 393.7, 'host_free_GB': 59.38}
[2026-08-15 15:51:56] reloadable_process_group.py:100 - Destroyed default nccl WORLD process group and initialized a temporary Gloo WORLD (generation 989)
